Time,TEMP,HUM,PRESS,EXT_PM_25,CO_PRE,NO2_PRE,O3_PRE,Month,SIN HOUR,COS HOUR,SIN DAY,COS DAY,SIN MONTH,COS MONTH,LAT,LONG,ALT
2019-08-01 00:00:00,20.733500000000006,45.94233333333332,101.36333333333332,4.933333333333334,0.31740097124395333,13.28380117582614,28.34595906315617,8,0.0,1.0,0.20129852008866006,0.9795299412524945,-0.8660254037844385,-0.5000000000000004,51.260847,-0.546053,33
2019-08-01 01:00:00,19.966166666666656,47.39783333333333,101.38666666666674,2.316666666666667,0.27458214797493885,8.770754530206743,30.401062564372634,8,0.25881904510252074,0.9659258262890683,0.20129852008866006,0.9795299412524945,-0.8660254037844385,-0.5000000000000004,51.260847,-0.546053,33
2019-08-01 02:00:00,19.34666666666667,48.83566666666669,101.39266666666678,4.15,0.267316590900166,9.182940318067299,29.703513960566617,8,0.49999999999999994,0.8660254037844387,0.20129852008866006,0.9795299412524945,-0.8660254037844385,-0.5000000000000004,51.260847,-0.546053,33
2019-08-01 03:00:00,18.824,49.928666666666665,101.40399999999991,4.016666666666667,0.25460513174946015,10.516588698760874,28.654117888638428,8,0.7071067811865476,0.7071067811865476,0.20129852008866006,0.9795299412524945,-0.8660254037844385,-0.5000000000000004,51.260847,-0.546053,33
2019-08-01 04:00:00,18.338166666666666,50.47983333333336,101.39850000000003,5.616666666666666,0.25130011066883223,14.539664414428112,31.397804950644687,8,0.8660254037844386,0.5000000000000001,0.20129852008866006,0.9795299412524945,-0.8660254037844385,-0.5000000000000004,51.260847,-0.546053,33
2019-08-01 05:00:00,17.90033333333333,50.81533333333334,101.4240000000001,9.333333333333334,0.2941259119290291,16.5187259756074,29.402202058770836,8,0.9659258262890683,0.25881904510252074,0.20129852008866006,0.9795299412524945,-0.8660254037844385,-0.5000000000000004,51.260847,-0.546053,33
2019-08-01 06:00:00,18.6105,51.82049999999996,101.45000000000005,9.766666666666667,0.37591988112025426,39.755693497990585,22.72961209475904,8,1.0,6.123233995736766e-17,0.20129852008866006,0.9795299412524945,-0.8660254037844385,-0.5000000000000004,51.260847,-0.546053,33
2019-08-01 07:00:00,20.923999999999992,51.38250000000003,101.46299999999998,11.816666666666666,0.3346268084893705,26.578562242641436,29.335026671191994,8,0.9659258262890683,-0.25881904510252063,0.20129852008866006,0.9795299412524945,-0.8660254037844385,-0.5000000000000004,51.260847,-0.546053,33
2019-08-01 08:00:00,23.393999999999995,49.97350000000001,101.458,11.75,0.3776498098995056,28.93342979638792,30.679556237315058,8,0.8660254037844387,-0.4999999999999998,0.20129852008866006,0.9795299412524945,-0.8660254037844385,-0.5000000000000004,51.260847,-0.546053,33
2019-08-01 09:00:00,26.362499999999994,48.22849999999999,101.44533333333331,9.45,0.3372105194652198,24.107074033922338,30.629411190461916,8,0.7071067811865476,-0.7071067811865475,0.20129852008866006,0.9795299412524945,-0.8660254037844385,-0.5000000000000004,51.260847,-0.546053,33
2019-08-01 10:00:00,28.812166666666673,46.719333333333346,101.48033333333322,8.05,0.31565598150759516,24.884860112168756,29.388176065074994,8,0.49999999999999994,-0.8660254037844387,0.20129852008866006,0.9795299412524945,-0.8660254037844385,-0.5000000000000004,51.260847,-0.546053,33
2019-08-01 11:00:00,29.075833333333332,46.863000000000014,101.50350000000017,10.383333333333333,0.34200528490084425,28.4300648155448,25.927468316317086,8,0.258819045102521,-0.9659258262890682,0.20129852008866006,0.9795299412524945,-0.8660254037844385,-0.5000000000000004,51.260847,-0.546053,33
2019-08-01 12:00:00,30.870999999999988,45.38916666666664,101.52266666666665,9.083333333333334,0.3683333932135015,33.864720984723746,20.666463270828604,8,1.2246467991473532e-16,-1.0,0.20129852008866006,0.9795299412524945,-0.8660254037844385,-0.5000000000000004,51.260847,-0.546053,33
2019-08-01 13:00:00,33.30283333333333,43.12716666666668,101.51950000000005,10.816666666666666,0.44370608550059804,47.43892151899623,22.25801897031015,8,-0.2588190451025208,-0.9659258262890683,0.20129852008866006,0.9795299412524945,-0.8660254037844385,-0.5000000000000004,51.260847,-0.546053,33
2019-08-01 14:00:00,34.11916666666667,42.527833333333334,101.48233333333332,9.95,0.43636100051764437,40.68206791088504,24.86175229027324,8,-0.4999999999999997,-0.8660254037844388,0.20129852008866006,0.9795299412524945,-0.8660254037844385,-0.5000000000000004,51.260847,-0.546053,33
2019-08-01 15:00:00,41.22216666666665,36.451333333333324,101.43999999999997,8.233333333333333,0.4578254603287934,48.14824877178449,30.4942810144748,8,-0.7071067811865471,-0.7071067811865479,0.20129852008866006,0.9795299412524945,-0.8660254037844385,-0.5000000000000004,51.260847,-0.546053,33
2019-08-01 16:00:00,39.971,38.83700000000002,101.41333333333333,8.3,0.44094517744497796,45.77831695284984,28.13804529065102,8,-0.8660254037844385,-0.5000000000000004,0.20129852008866006,0.9795299412524945,-0.8660254037844385,-0.5000000000000004,51.260847,-0.546053,33
2019-08-01 17:00:00,35.68999999999999,41.488833333333346,101.38333333333334,9.066666666666666,0.5456898845117184,41.15243514507578,17.05677425089956,8,-0.9659258262890683,-0.25881904510252063,0.20129852008866006,0.9795299412524945,-0.8660254037844385,-0.5000000000000004,51.260847,-0.546053,33
2019-08-01 18:00:00,32.35033333333333,42.83316666666668,101.39799999999991,7.883333333333334,0.4585377944058689,33.08151148942737,16.401694623213963,8,-1.0,-1.8369701987210297e-16,0.20129852008866006,0.9795299412524945,-0.8660254037844385,-0.5000000000000004,51.260847,-0.546053,33
2019-08-01 19:00:00,30.008833333333325,44.07433333333333,101.42166666666678,9.683333333333334,0.4270303326847903,22.277878917981408,22.124515569260495,8,-0.9659258262890684,0.2588190451025203,0.20129852008866006,0.9795299412524945,-0.8660254037844385,-0.5000000000000004,51.260847,-0.546053,33
2019-08-01 20:00:00,28.356999999999985,44.84966666666666,101.45566666666659,9.166666666666666,0.4376974371954374,14.996177883941098,25.454674243377408,8,-0.8660254037844386,0.5000000000000001,0.20129852008866006,0.9795299412524945,-0.8660254037844385,-0.5000000000000004,51.260847,-0.546053,33
2019-08-01 21:00:00,26.996666666666673,45.42500000000002,101.51250000000009,8.75,0.3797389841315175,13.141151563936292,26.179720037165307,8,-0.7071067811865477,0.7071067811865474,0.20129852008866006,0.9795299412524945,-0.8660254037844385,-0.5000000000000004,51.260847,-0.546053,33
2019-08-01 22:00:00,26.109500000000008,45.95766666666668,101.52150000000003,10.3,0.4463422184459954,15.282919498451855,26.209575399321306,8,-0.5000000000000004,0.8660254037844384,0.20129852008866006,0.9795299412524945,-0.8660254037844385,-0.5000000000000004,51.260847,-0.546053,33
2019-08-01 23:00:00,25.371499999999994,46.33033333333332,101.55699999999995,12.45,0.3752155808150223,12.714947280403909,30.099870856899543,8,-0.25881904510252157,0.9659258262890681,0.20129852008866006,0.9795299412524945,-0.8660254037844385,-0.5000000000000004,51.260847,-0.546053,33
2019-08-02 00:00:00,24.350166666666663,47.13283333333332,101.58049999999999,14.283333333333333,0.3682186158542028,12.056462234973898,33.50948685276034,8,0.0,1.0,0.39435585511331855,0.9189578116202306,-0.8660254037844385,-0.5000000000000004,51.260847,-0.546053,33
2019-08-02 01:00:00,23.565166666666684,47.70483333333334,101.57116666666663,15.783333333333333,0.344978215661425,13.154772719300082,34.73184720900752,8,0.25881904510252074,0.9659258262890683,0.39435585511331855,0.9189578116202306,-0.8660254037844385,-0.5000000000000004,51.260847,-0.546053,33
2019-08-02 02:00:00,23.159833333333342,47.90083333333334,101.58133333333332,14.2,0.3155531545258196,15.623649443279838,31.502089076941218,8,0.49999999999999994,0.8660254037844387,0.39435585511331855,0.9189578116202306,-0.8660254037844385,-0.5000000000000004,51.260847,-0.546053,33
2019-08-02 03:00:00,22.239499999999996,48.19416666666666,101.5831666666667,13.716666666666667,0.2840175537904074,18.73314975872807,29.110386945646706,8,0.7071067811865476,0.7071067811865476,0.39435585511331855,0.9189578116202306,-0.8660254037844385,-0.5000000000000004,51.260847,-0.546053,33
2019-08-02 04:00:00,20.962833333333325,48.76399999999997,101.59433333333338,14.35,0.25579696431822635,16.279167634496755,28.98493633731715,8,0.8660254037844386,0.5000000000000001,0.39435585511331855,0.9189578116202306,-0.8660254037844385,-0.5000000000000004,51.260847,-0.546053,33
2019-08-02 05:00:00,20.03683333333333,49.15983333333335,101.5946666666668,16.233333333333334,0.26360778101851023,16.949754850492177,29.749836364759016,8,0.9659258262890683,0.25881904510252074,0.39435585511331855,0.9189578116202306,-0.8660254037844385,-0.5000000000000004,51.260847,-0.546053,33
2019-08-02 06:00:00,19.984666666666666,49.60550000000001,101.61833333333331,20.7,0.39799316687788966,32.36377978986624,23.453666354412384,8,1.0,6.123233995736766e-17,0.39435585511331855,0.9189578116202306,-0.8660254037844385,-0.5000000000000004,51.260847,-0.546053,33
2019-08-02 07:00:00,21.49216666666667,49.49516666666669,101.64949999999999,29.783333333333335,0.41582156728486513,28.44097184188316,24.025851319881085,8,0.9659258262890683,-0.25881904510252063,0.39435585511331855,0.9189578116202306,-0.8660254037844385,-0.5000000000000004,51.260847,-0.546053,33
2019-08-02 08:00:00,23.517333333333344,48.711500000000015,101.67383333333342,24.5,0.38498877211145416,25.912424690351216,23.799806127224162,8,0.8660254037844387,-0.4999999999999998,0.39435585511331855,0.9189578116202306,-0.8660254037844385,-0.5000000000000004,51.260847,-0.546053,33
2019-08-02 09:00:00,26.817500000000003,46.9523333333333,101.66483333333328,16.683333333333334,0.4097718835478287,36.28527623231194,24.297437378387823,8,0.7071067811865476,-0.7071067811865475,0.39435585511331855,0.9189578116202306,-0.8660254037844385,-0.5000000000000004,51.260847,-0.546053,33
2019-08-02 10:00:00,29.65633333333334,45.20416666666666,101.68299999999992,12.733333333333333,0.38966701568998474,43.10716271124121,20.490267441638796,8,0.49999999999999994,-0.8660254037844387,0.39435585511331855,0.9189578116202306,-0.8660254037844385,-0.5000000000000004,51.260847,-0.546053,33
2019-08-02 11:00:00,32.82066666666666,42.99016666666667,101.67966666666659,9.65,0.37631637027649345,38.136004605863114,22.83891209128693,8,0.258819045102521,-0.9659258262890682,0.39435585511331855,0.9189578116202306,-0.8660254037844385,-0.5000000000000004,51.260847,-0.546053,33
2019-08-02 12:00:00,34.69983333333336,41.703666666666685,101.68383333333334,9.433333333333334,0.48670284376059836,52.275318368538635,19.558877552877195,8,1.2246467991473532e-16,-1.0,0.39435585511331855,0.9189578116202306,-0.8660254037844385,-0.5000000000000004,51.260847,-0.546053,33
2019-08-02 13:00:00,39.89933333333334,37.96866666666667,101.65300000000006,8.3,0.4674343471788374,55.51210653820864,21.406640558600177,8,-0.2588190451025208,-0.9659258262890683,0.39435585511331855,0.9189578116202306,-0.8660254037844385,-0.5000000000000004,51.260847,-0.546053,33
2019-08-02 14:00:00,44.86683333333334,35.23616666666667,101.65983333333334,7.266666666666667,0.3898224803384326,48.761514884281446,32.02506121603565,8,-0.4999999999999997,-0.8660254037844388,0.39435585511331855,0.9189578116202306,-0.8660254037844385,-0.5000000000000004,51.260847,-0.546053,33
2019-08-02 15:00:00,45.314500000000024,35.57866666666667,101.66033333333327,8.35,0.4437032133230994,61.14906806534926,26.93185631489353,8,-0.7071067811865471,-0.7071067811865479,0.39435585511331855,0.9189578116202306,-0.8660254037844385,-0.5000000000000004,51.260847,-0.546053,33
2019-08-02 16:00:00,41.72150000000001,37.589999999999996,101.62533333333342,9.583333333333334,0.46037926508755317,48.90431610513801,14.792554816265183,8,-0.8660254037844385,-0.5000000000000004,0.39435585511331855,0.9189578116202306,-0.8660254037844385,-0.5000000000000004,51.260847,-0.546053,33
2019-08-02 17:00:00,37.834833333333314,39.073666666666654,101.59316666666668,8.266666666666667,0.4514250454991702,36.16272323979389,10.492007795675356,8,-0.9659258262890683,-0.25881904510252063,0.39435585511331855,0.9189578116202306,-0.8660254037844385,-0.5000000000000004,51.260847,-0.546053,33
2019-08-02 18:00:00,33.77733333333333,40.31316666666666,101.60966666666664,6.833333333333333,0.3989621881013157,27.045437547765417,15.714744035250611,8,-1.0,-1.8369701987210297e-16,0.39435585511331855,0.9189578116202306,-0.8660254037844385,-0.5000000000000004,51.260847,-0.546053,33
2019-08-02 19:00:00,30.823333333333334,41.46766666666667,101.60733333333324,9.15,0.5835114178819413,21.57342043351078,22.575283076034783,8,-0.9659258262890684,0.2588190451025203,0.39435585511331855,0.9189578116202306,-0.8660254037844385,-0.5000000000000004,51.260847,-0.546053,33
2019-08-02 20:00:00,28.853166666666663,42.393499999999996,101.63433333333344,15.183333333333334,0.6587865923638507,19.199698414959645,26.73145524632854,8,-0.8660254037844386,0.5000000000000001,0.39435585511331855,0.9189578116202306,-0.8660254037844385,-0.5000000000000004,51.260847,-0.546053,33
2019-08-02 21:00:00,27.307166666666664,43.09216666666667,101.66033333333328,13.083333333333334,0.6307782526462344,17.720275382748707,28.019520669384388,8,-0.7071067811865477,0.7071067811865474,0.39435585511331855,0.9189578116202306,-0.8660254037844385,-0.5000000000000004,51.260847,-0.546053,33
2019-08-02 22:00:00,25.47366666666667,43.93633333333334,101.66366666666667,12.933333333333334,0.5828749827035324,12.346912435433739,31.055840321530635,8,-0.5000000000000004,0.8660254037844384,0.39435585511331855,0.9189578116202306,-0.8660254037844385,-0.5000000000000004,51.260847,-0.546053,33
2019-08-02 23:00:00,23.662500000000012,44.49666666666669,101.67099999999995,13.366666666666667,0.47081236470735244,9.379790222526996,33.8155590085052,8,-0.25881904510252157,0.9659258262890681,0.39435585511331855,0.9189578116202306,-0.8660254037844385,-0.5000000000000004,51.260847,-0.546053,33
2019-08-03 00:00:00,22.030500000000007,45.221166666666655,101.68766666666662,15.266666666666667,0.4321275244096174,8.851896187867395,33.17141138460867,8,0.0,1.0,0.5712682150947923,0.8207634412072763,-0.8660254037844385,-0.5000000000000004,51.260847,-0.546053,33
2019-08-03 01:00:00,21.0185,45.68916666666667,101.67300000000002,17.766666666666666,0.3749593704728415,9.10912289107154,31.721601430928914,8,0.25881904510252074,0.9659258262890683,0.5712682150947923,0.8207634412072763,-0.8660254037844385,-0.5000000000000004,51.260847,-0.546053,33
2019-08-03 02:00:00,20.144666666666662,46.16816666666671,101.68633333333327,20.2,0.35204715913107115,10.101585047639816,32.787469249912284,8,0.49999999999999994,0.8660254037844387,0.5712682150947923,0.8207634412072763,-0.8660254037844385,-0.5000000000000004,51.260847,-0.546053,33
2019-08-03 03:00:00,19.517666666666653,46.59083333333335,101.6693333333333,22.133333333333333,0.333659251735894,10.536017730034537,32.827576132891096,8,0.7071067811865476,0.7071067811865476,0.5712682150947923,0.8207634412072763,-0.8660254037844385,-0.5000000000000004,51.260847,-0.546053,33
2019-08-03 04:00:00,19.032833333333322,46.94233333333334,101.68099999999991,24.0,0.32356035399746547,13.449604649440408,31.728059288113307,8,0.8660254037844386,0.5000000000000001,0.5712682150947923,0.8207634412072763,-0.8660254037844385,-0.5000000000000004,51.260847,-0.546053,33
2019-08-03 05:00:00,18.625833333333322,47.15500000000004,101.70616666666666,22.233333333333334,0.31726845374221285,20.651732237471087,31.683838428206727,8,0.9659258262890683,0.25881904510252074,0.5712682150947923,0.8207634412072763,-0.8660254037844385,-0.5000000000000004,51.260847,-0.546053,33
2019-08-03 06:00:00,18.911833333333345,47.16583333333334,101.70899999999985,22.166666666666668,0.37040216703853773,22.44015876250568,31.841270259975595,8,1.0,6.123233995736766e-17,0.5712682150947923,0.8207634412072763,-0.8660254037844385,-0.5000000000000004,51.260847,-0.546053,33
2019-08-03 07:00:00,20.59033333333333,47.362666666666684,101.71766666666659,25.216666666666665,0.40531043828427593,26.351759335717603,27.041310245191184,8,0.9659258262890683,-0.25881904510252063,0.5712682150947923,0.8207634412072763,-0.8660254037844385,-0.5000000000000004,51.260847,-0.546053,33
2019-08-03 08:00:00,23.775166666666657,46.825166666666675,101.7176666666667,15.883333333333333,0.4341582749941988,25.128134953546645,33.05376670591954,8,0.8660254037844387,-0.4999999999999998,0.5712682150947923,0.8207634412072763,-0.8660254037844385,-0.5000000000000004,51.260847,-0.546053,33
2019-08-03 09:00:00,26.88566666666666,45.67466666666667,101.68083333333342,12.233333333333333,0.5273033015725687,35.35929191521314,24.030164222765748,8,0.7071067811865476,-0.7071067811865475,0.5712682150947923,0.8207634412072763,-0.8660254037844385,-0.5000000000000004,51.260847,-0.546053,33
2019-08-03 10:00:00,29.850833333333345,43.621,101.67883333333339,13.883333333333333,0.6549010092283528,44.52870914602852,23.69488513434665,8,0.49999999999999994,-0.8660254037844387,0.5712682150947923,0.8207634412072763,-0.8660254037844385,-0.5000000000000004,51.260847,-0.546053,33
2019-08-03 11:00:00,32.142666666666656,41.477333333333334,101.6646666666667,12.15,0.8014830684540274,42.96168512708077,26.4338964944552,8,0.258819045102521,-0.9659258262890682,0.5712682150947923,0.8207634412072763,-0.8660254037844385,-0.5000000000000004,51.260847,-0.546053,33
2019-08-03 12:00:00,34.75083333333334,39.14533333333332,101.65283333333336,12.533333333333333,0.6369845854738233,47.492387318396645,29.184664471508828,8,1.2246467991473532e-16,-1.0,0.5712682150947923,0.8207634412072763,-0.8660254037844385,-0.5000000000000004,51.260847,-0.546053,33
2019-08-03 13:00:00,36.0695,37.05083333333334,101.63816666666672,11.916666666666666,0.6733972684790178,46.87133658313679,23.936959074154558,8,-0.2588190451025208,-0.9659258262890683,0.5712682150947923,0.8207634412072763,-0.8660254037844385,-0.5000000000000004,51.260847,-0.546053,33
2019-08-03 14:00:00,33.08066666666668,38.49066666666665,101.60433333333339,10.15,0.591842272780822,29.758182967330452,19.44583082012347,8,-0.4999999999999997,-0.8660254037844388,0.5712682150947923,0.8207634412072763,-0.8660254037844385,-0.5000000000000004,51.260847,-0.546053,33
2019-08-03 15:00:00,33.12866666666667,38.63833333333336,101.56983333333345,8.5,0.6395199273155664,29.232307087025177,22.03835259167619,8,-0.7071067811865471,-0.7071067811865479,0.5712682150947923,0.8207634412072763,-0.8660254037844385,-0.5000000000000004,51.260847,-0.546053,33
2019-08-03 16:00:00,31.95283333333329,39.35833333333337,101.53816666666671,9.5,0.5476705668743193,20.72988137616303,21.74297253216159,8,-0.8660254037844385,-0.5000000000000004,0.5712682150947923,0.8207634412072763,-0.8660254037844385,-0.5000000000000004,51.260847,-0.546053,33
2019-08-03 17:00:00,30.555000000000003,40.713833333333355,101.49899999999992,9.15,0.5937779539117863,25.246915357354236,17.49609142396138,8,-0.9659258262890683,-0.25881904510252063,0.5712682150947923,0.8207634412072763,-0.8660254037844385,-0.5000000000000004,51.260847,-0.546053,33
2019-08-03 18:00:00,28.901833333333336,42.218000000000025,101.46783333333325,9.416666666666666,0.59744542941292,24.591709085380817,17.515219961036582,8,-1.0,-1.8369701987210297e-16,0.5712682150947923,0.8207634412072763,-0.8660254037844385,-0.5000000000000004,51.260847,-0.546053,33
2019-08-03 19:00:00,27.684500000000003,43.33266666666668,101.42233333333333,10.15,0.5280556266533389,20.545935192996637,20.062395547587226,8,-0.9659258262890684,0.2588190451025203,0.5712682150947923,0.8207634412072763,-0.8660254037844385,-0.5000000000000004,51.260847,-0.546053,33
2019-08-03 20:00:00,26.522999999999993,44.17016666666668,101.42616666666666,7.233333333333333,0.5105569628188423,27.03611948645599,19.76830313609254,8,-0.8660254037844386,0.5000000000000001,0.5712682150947923,0.8207634412072763,-0.8660254037844385,-0.5000000000000004,51.260847,-0.546053,33
2019-08-03 21:00:00,25.385499999999983,44.647499999999994,101.43316666666655,6.933333333333334,0.4937531313210644,17.82049095108175,26.15869887623793,8,-0.7071067811865477,0.7071067811865474,0.5712682150947923,0.8207634412072763,-0.8660254037844385,-0.5000000000000004,51.260847,-0.546053,33
2019-08-03 22:00:00,24.166500000000003,45.139333333333326,101.44316666666658,8.8,0.5142953421273404,30.97430088726622,21.742252120554227,8,-0.5000000000000004,0.8660254037844384,0.5712682150947923,0.8207634412072763,-0.8660254037844385,-0.5000000000000004,51.260847,-0.546053,33
2019-08-03 23:00:00,22.87483333333333,45.78583333333334,101.42399999999994,8.333333333333334,0.4060823388251257,20.23767743929533,23.94972508570911,8,-0.25881904510252157,0.9659258262890681,0.5712682150947923,0.8207634412072763,-0.8660254037844385,-0.5000000000000004,51.260847,-0.546053,33
2019-08-04 00:00:00,21.951166666666676,46.13116666666664,101.39200000000001,9.133333333333333,0.36774489955910966,12.24375239872126,28.8518292226081,8,0.0,1.0,0.72479278722912,0.6889669190756866,-0.8660254037844385,-0.5000000000000004,51.260847,-0.546053,33
2019-08-04 01:00:00,20.611666666666668,46.47366666666667,101.36933333333332,10.733333333333333,0.3619328421541154,11.4937272899473,33.86736862550102,8,0.25881904510252074,0.9659258262890683,0.72479278722912,0.6889669190756866,-0.8660254037844385,-0.5000000000000004,51.260847,-0.546053,33
2019-08-04 02:00:00,19.56000000000001,46.78949999999997,101.33449999999995,13.616666666666667,0.3296776720275602,11.718534848521138,33.52464590356366,8,0.49999999999999994,0.8660254037844387,0.72479278722912,0.6889669190756866,-0.8660254037844385,-0.5000000000000004,51.260847,-0.546053,33
2019-08-04 03:00:00,19.026833333333332,46.98399999999999,101.31083333333342,14.633333333333333,0.3281577149385074,13.848526485871583,33.495432956622,8,0.7071067811865476,0.7071067811865476,0.72479278722912,0.6889669190756866,-0.8660254037844385,-0.5000000000000004,51.260847,-0.546053,33
2019-08-04 04:00:00,19.230333333333345,46.96666666666661,101.2763333333334,14.183333333333334,0.31264076654231315,13.999033220739285,33.67679101213047,8,0.8660254037844386,0.5000000000000001,0.72479278722912,0.6889669190756866,-0.8660254037844385,-0.5000000000000004,51.260847,-0.546053,33
2019-08-04 05:00:00,19.78016666666666,46.89216666666667,101.21983333333333,12.85,0.32807704421398365,15.165025051084722,34.591059723385214,8,0.9659258262890683,0.25881904510252074,0.72479278722912,0.6889669190756866,-0.8660254037844385,-0.5000000000000004,51.260847,-0.546053,33
2019-08-04 06:00:00,30.480000000000015,42.96000000000002,100.38000000000008,6.0,0.9745261924566704,8.267408754283668,31.033203597663256,8,1.0,6.123233995736766e-17,0.72479278722912,0.6889669190756866,-0.8660254037844385,-0.5000000000000004,51.260847,-0.546053,33
2019-08-04 07:00:00,30.480000000000015,42.96000000000002,100.38000000000008,6.0,0.9745261924566704,8.267408754283668,31.033203597663256,8,0.9659258262890683,-0.25881904510252063,0.72479278722912,0.6889669190756866,-0.8660254037844385,-0.5000000000000004,51.260847,-0.546053,33
2019-08-04 08:00:00,30.480000000000015,42.96000000000002,100.38000000000008,6.0,0.9745261924566704,8.267408754283668,31.033203597663256,8,0.8660254037844387,-0.4999999999999998,0.72479278722912,0.6889669190756866,-0.8660254037844385,-0.5000000000000004,51.260847,-0.546053,33
2019-08-04 09:00:00,30.480000000000015,42.96000000000002,100.38000000000008,6.0,0.9745261924566704,8.267408754283668,31.033203597663256,8,0.7071067811865476,-0.7071067811865475,0.72479278722912,0.6889669190756866,-0.8660254037844385,-0.5000000000000004,51.260847,-0.546053,33
2019-08-04 10:00:00,30.480000000000015,42.96000000000002,100.38000000000008,6.0,0.9745261924566704,8.267408754283668,31.033203597663256,8,0.49999999999999994,-0.8660254037844387,0.72479278722912,0.6889669190756866,-0.8660254037844385,-0.5000000000000004,51.260847,-0.546053,33
2019-08-04 11:00:00,30.480000000000015,42.96000000000002,100.38000000000008,6.0,0.9745261924566704,8.267408754283668,31.033203597663256,8,0.258819045102521,-0.9659258262890682,0.72479278722912,0.6889669190756866,-0.8660254037844385,-0.5000000000000004,51.260847,-0.546053,33
2019-08-04 12:00:00,30.480000000000015,42.96000000000002,100.38000000000008,6.0,0.9745261924566704,8.267408754283668,31.033203597663256,8,1.2246467991473532e-16,-1.0,0.72479278722912,0.6889669190756866,-0.8660254037844385,-0.5000000000000004,51.260847,-0.546053,33
2019-08-04 13:00:00,30.480000000000015,42.96000000000002,100.38000000000008,6.0,0.9745261924566704,8.267408754283668,31.033203597663256,8,-0.2588190451025208,-0.9659258262890683,0.72479278722912,0.6889669190756866,-0.8660254037844385,-0.5000000000000004,51.260847,-0.546053,33
2019-08-04 14:00:00,30.480000000000015,42.96000000000002,100.38000000000008,6.0,0.9745261924566704,8.267408754283668,31.033203597663256,8,-0.4999999999999997,-0.8660254037844388,0.72479278722912,0.6889669190756866,-0.8660254037844385,-0.5000000000000004,51.260847,-0.546053,33
2019-08-04 15:00:00,30.480000000000015,42.96000000000002,100.38000000000008,6.0,0.9745261924566704,8.267408754283668,31.033203597663256,8,-0.7071067811865471,-0.7071067811865479,0.72479278722912,0.6889669190756866,-0.8660254037844385,-0.5000000000000004,51.260847,-0.546053,33
2019-08-04 16:00:00,30.480000000000015,42.96000000000002,100.38000000000008,6.0,0.9745261924566704,8.267408754283668,31.033203597663256,8,-0.8660254037844385,-0.5000000000000004,0.72479278722912,0.6889669190756866,-0.8660254037844385,-0.5000000000000004,51.260847,-0.546053,33
2019-08-04 17:00:00,30.480000000000015,42.96000000000002,100.38000000000008,6.0,0.9745261924566704,8.267408754283668,31.033203597663256,8,-0.9659258262890683,-0.25881904510252063,0.72479278722912,0.6889669190756866,-0.8660254037844385,-0.5000000000000004,51.260847,-0.546053,33
2019-08-04 18:00:00,30.480000000000015,42.96000000000002,100.38000000000008,6.0,0.9745261924566704,8.267408754283668,31.033203597663256,8,-1.0,-1.8369701987210297e-16,0.72479278722912,0.6889669190756866,-0.8660254037844385,-0.5000000000000004,51.260847,-0.546053,33
2019-08-04 19:00:00,30.480000000000015,42.96000000000002,100.38000000000008,6.0,0.9745261924566704,8.267408754283668,31.033203597663256,8,-0.9659258262890684,0.2588190451025203,0.72479278722912,0.6889669190756866,-0.8660254037844385,-0.5000000000000004,51.260847,-0.546053,33
2019-08-04 20:00:00,30.480000000000015,42.96000000000002,100.38000000000008,6.0,0.9745261924566704,8.267408754283668,31.033203597663256,8,-0.8660254037844386,0.5000000000000001,0.72479278722912,0.6889669190756866,-0.8660254037844385,-0.5000000000000004,51.260847,-0.546053,33
2019-08-04 21:00:00,30.480000000000015,42.96000000000002,100.38000000000008,6.0,0.9745261924566704,8.267408754283668,31.033203597663256,8,-0.7071067811865477,0.7071067811865474,0.72479278722912,0.6889669190756866,-0.8660254037844385,-0.5000000000000004,51.260847,-0.546053,33
2019-08-04 22:00:00,30.480000000000015,42.96000000000002,100.38000000000008,6.0,0.9745261924566704,8.267408754283668,31.033203597663256,8,-0.5000000000000004,0.8660254037844384,0.72479278722912,0.6889669190756866,-0.8660254037844385,-0.5000000000000004,51.260847,-0.546053,33
2019-08-04 23:00:00,30.480000000000015,42.96000000000002,100.38000000000008,6.0,0.9745261924566704,8.267408754283668,31.033203597663256,8,-0.25881904510252157,0.9659258262890681,0.72479278722912,0.6889669190756866,-0.8660254037844385,-0.5000000000000004,51.260847,-0.546053,33
2019-08-05 00:00:00,30.480000000000015,42.96000000000002,100.38000000000008,6.0,0.9745261924566704,8.004456812571405,31.17412846721531,8,0.0,1.0,0.8486442574947509,0.5289640103269624,-0.8660254037844385,-0.5000000000000004,51.260847,-0.546053,33
2019-08-05 01:00:00,30.480000000000015,42.96000000000002,100.38000000000008,6.0,0.9745261924566704,8.00000000000001,31.176517024326362,8,0.25881904510252074,0.9659258262890683,0.8486442574947509,0.5289640103269624,-0.8660254037844385,-0.5000000000000004,51.260847,-0.546053,33
2019-08-05 02:00:00,30.480000000000015,42.96000000000002,100.38000000000008,6.0,0.9745261924566704,8.00000000000001,31.176517024326362,8,0.49999999999999994,0.8660254037844387,0.8486442574947509,0.5289640103269624,-0.8660254037844385,-0.5000000000000004,51.260847,-0.546053,33
2019-08-05 03:00:00,30.480000000000015,42.96000000000002,100.38000000000008,6.0,0.9745261924566704,8.00000000000001,31.176517024326362,8,0.7071067811865476,0.7071067811865476,0.8486442574947509,0.5289640103269624,-0.8660254037844385,-0.5000000000000004,51.260847,-0.546053,33
2019-08-05 04:00:00,30.480000000000015,42.96000000000002,100.38000000000008,6.0,0.9745261924566704,8.00000000000001,31.176517024326362,8,0.8660254037844386,0.5000000000000001,0.8486442574947509,0.5289640103269624,-0.8660254037844385,-0.5000000000000004,51.260847,-0.546053,33
2019-08-05 05:00:00,30.480000000000015,42.96000000000002,100.38000000000008,6.0,0.9745261924566704,8.00000000000001,31.176517024326362,8,0.9659258262890683,0.25881904510252074,0.8486442574947509,0.5289640103269624,-0.8660254037844385,-0.5000000000000004,51.260847,-0.546053,33
2019-08-05 06:00:00,30.480000000000015,42.96000000000002,100.38000000000008,6.0,0.9745261924566704,8.00000000000001,31.176517024326362,8,1.0,6.123233995736766e-17,0.8486442574947509,0.5289640103269624,-0.8660254037844385,-0.5000000000000004,51.260847,-0.546053,33
2019-08-05 07:00:00,30.480000000000015,42.96000000000002,100.38000000000008,6.0,0.9745261924566704,8.00000000000001,31.176517024326362,8,0.9659258262890683,-0.25881904510252063,0.8486442574947509,0.5289640103269624,-0.8660254037844385,-0.5000000000000004,51.260847,-0.546053,33
2019-08-05 08:00:00,30.480000000000015,42.96000000000002,100.38000000000008,6.0,0.9745261924566704,8.00000000000001,31.176517024326362,8,0.8660254037844387,-0.4999999999999998,0.8486442574947509,0.5289640103269624,-0.8660254037844385,-0.5000000000000004,51.260847,-0.546053,33
2019-08-05 09:00:00,30.480000000000015,42.96000000000002,100.38000000000008,6.0,0.9745261924566704,8.00000000000001,31.176517024326362,8,0.7071067811865476,-0.7071067811865475,0.8486442574947509,0.5289640103269624,-0.8660254037844385,-0.5000000000000004,51.260847,-0.546053,33
2019-08-05 10:00:00,30.480000000000015,42.96000000000002,100.38000000000008,6.0,0.9745261924566704,8.00000000000001,31.176517024326362,8,0.49999999999999994,-0.8660254037844387,0.8486442574947509,0.5289640103269624,-0.8660254037844385,-0.5000000000000004,51.260847,-0.546053,33
2019-08-05 11:00:00,30.480000000000015,42.96000000000002,100.38000000000008,6.0,0.9745261924566704,8.00000000000001,31.176517024326362,8,0.258819045102521,-0.9659258262890682,0.8486442574947509,0.5289640103269624,-0.8660254037844385,-0.5000000000000004,51.260847,-0.546053,33
2019-08-05 12:00:00,30.480000000000015,42.96000000000002,100.38000000000008,6.0,0.9745261924566704,8.00000000000001,31.176517024326362,8,1.2246467991473532e-16,-1.0,0.8486442574947509,0.5289640103269624,-0.8660254037844385,-0.5000000000000004,51.260847,-0.546053,33
2019-08-05 13:00:00,30.480000000000015,42.96000000000002,100.38000000000008,6.0,0.9745261924566704,8.00000000000001,31.176517024326362,8,-0.2588190451025208,-0.9659258262890683,0.8486442574947509,0.5289640103269624,-0.8660254037844385,-0.5000000000000004,51.260847,-0.546053,33
2019-08-05 14:00:00,30.480000000000015,42.96000000000002,100.38000000000008,6.0,0.9745261924566704,8.00000000000001,31.176517024326362,8,-0.4999999999999997,-0.8660254037844388,0.8486442574947509,0.5289640103269624,-0.8660254037844385,-0.5000000000000004,51.260847,-0.546053,33
2019-08-05 15:00:00,30.480000000000015,42.96000000000002,100.38000000000008,6.0,0.9745261924566704,8.00000000000001,31.176517024326362,8,-0.7071067811865471,-0.7071067811865479,0.8486442574947509,0.5289640103269624,-0.8660254037844385,-0.5000000000000004,51.260847,-0.546053,33
2019-08-05 16:00:00,30.480000000000015,42.96000000000002,100.38000000000008,6.0,0.9745261924566704,8.00000000000001,31.176517024326362,8,-0.8660254037844385,-0.5000000000000004,0.8486442574947509,0.5289640103269624,-0.8660254037844385,-0.5000000000000004,51.260847,-0.546053,33
2019-08-05 17:00:00,30.480000000000015,42.96000000000002,100.38000000000008,6.0,0.9745261924566704,8.00000000000001,31.176517024326362,8,-0.9659258262890683,-0.25881904510252063,0.8486442574947509,0.5289640103269624,-0.8660254037844385,-0.5000000000000004,51.260847,-0.546053,33
2019-08-05 18:00:00,30.480000000000015,42.96000000000002,100.38000000000008,6.0,0.9745261924566704,8.00000000000001,31.176517024326362,8,-1.0,-1.8369701987210297e-16,0.8486442574947509,0.5289640103269624,-0.8660254037844385,-0.5000000000000004,51.260847,-0.546053,33
2019-08-05 19:00:00,30.480000000000015,42.96000000000002,100.38000000000008,6.0,0.9745261924566704,8.00000000000001,31.176517024326362,8,-0.9659258262890684,0.2588190451025203,0.8486442574947509,0.5289640103269624,-0.8660254037844385,-0.5000000000000004,51.260847,-0.546053,33
2019-08-05 20:00:00,30.480000000000015,42.96000000000002,100.38000000000008,6.0,0.9745261924566704,8.00000000000001,31.176517024326362,8,-0.8660254037844386,0.5000000000000001,0.8486442574947509,0.5289640103269624,-0.8660254037844385,-0.5000000000000004,51.260847,-0.546053,33
2019-08-05 21:00:00,30.480000000000015,42.96000000000002,100.38000000000008,6.0,0.9745261924566704,8.00000000000001,31.176517024326362,8,-0.7071067811865477,0.7071067811865474,0.8486442574947509,0.5289640103269624,-0.8660254037844385,-0.5000000000000004,51.260847,-0.546053,33
2019-08-05 22:00:00,30.480000000000015,42.96000000000002,100.38000000000008,6.0,0.9745261924566704,8.00000000000001,31.176517024326362,8,-0.5000000000000004,0.8660254037844384,0.8486442574947509,0.5289640103269624,-0.8660254037844385,-0.5000000000000004,51.260847,-0.546053,33
2019-08-05 23:00:00,30.480000000000015,42.96000000000002,100.38000000000008,6.0,0.9745261924566704,8.00000000000001,31.176517024326362,8,-0.25881904510252157,0.9659258262890681,0.8486442574947509,0.5289640103269624,-0.8660254037844385,-0.5000000000000004,51.260847,-0.546053,33
2019-08-06 00:00:00,30.480000000000015,42.96000000000002,100.38000000000008,6.0,0.9745261924566704,8.00000000000001,31.176517024326362,8,0.0,1.0,0.9377521321470804,0.3473052528448203,-0.8660254037844385,-0.5000000000000004,51.260847,-0.546053,33
2019-08-06 01:00:00,30.480000000000015,42.96000000000002,100.38000000000008,6.0,0.9745261924566704,8.00000000000001,31.176517024326362,8,0.25881904510252074,0.9659258262890683,0.9377521321470804,0.3473052528448203,-0.8660254037844385,-0.5000000000000004,51.260847,-0.546053,33
2019-08-06 02:00:00,30.480000000000015,42.96000000000002,100.38000000000008,6.0,0.9745261924566704,8.00000000000001,31.176517024326362,8,0.49999999999999994,0.8660254037844387,0.9377521321470804,0.3473052528448203,-0.8660254037844385,-0.5000000000000004,51.260847,-0.546053,33
2019-08-06 03:00:00,30.480000000000015,42.96000000000002,100.38000000000008,6.0,0.9745261924566704,8.00000000000001,31.176517024326362,8,0.7071067811865476,0.7071067811865476,0.9377521321470804,0.3473052528448203,-0.8660254037844385,-0.5000000000000004,51.260847,-0.546053,33
2019-08-06 04:00:00,30.480000000000015,42.96000000000002,100.38000000000008,6.0,0.9745261924566704,8.00000000000001,31.176517024326362,8,0.8660254037844386,0.5000000000000001,0.9377521321470804,0.3473052528448203,-0.8660254037844385,-0.5000000000000004,51.260847,-0.546053,33
2019-08-06 05:00:00,30.480000000000015,42.96000000000002,100.38000000000008,6.0,0.9745261924566704,8.00000000000001,31.176517024326362,8,0.9659258262890683,0.25881904510252074,0.9377521321470804,0.3473052528448203,-0.8660254037844385,-0.5000000000000004,51.260847,-0.546053,33
2019-08-06 06:00:00,30.480000000000015,42.96000000000002,100.38000000000008,6.0,0.9745261924566704,8.00000000000001,31.176517024326362,8,1.0,6.123233995736766e-17,0.9377521321470804,0.3473052528448203,-0.8660254037844385,-0.5000000000000004,51.260847,-0.546053,33
2019-08-06 07:00:00,30.480000000000015,42.96000000000002,100.38000000000008,6.0,0.9745261924566704,8.00000000000001,31.176517024326362,8,0.9659258262890683,-0.25881904510252063,0.9377521321470804,0.3473052528448203,-0.8660254037844385,-0.5000000000000004,51.260847,-0.546053,33
2019-08-06 08:00:00,30.480000000000015,42.96000000000002,100.38000000000008,6.0,0.9745261924566704,8.00000000000001,31.176517024326362,8,0.8660254037844387,-0.4999999999999998,0.9377521321470804,0.3473052528448203,-0.8660254037844385,-0.5000000000000004,51.260847,-0.546053,33
2019-08-06 09:00:00,30.480000000000015,42.96000000000002,100.38000000000008,6.0,0.9745261924566704,8.00000000000001,31.176517024326362,8,0.7071067811865476,-0.7071067811865475,0.9377521321470804,0.3473052528448203,-0.8660254037844385,-0.5000000000000004,51.260847,-0.546053,33
2019-08-06 10:00:00,30.480000000000015,42.96000000000002,100.38000000000008,6.0,0.9745261924566704,8.00000000000001,31.176517024326362,8,0.49999999999999994,-0.8660254037844387,0.9377521321470804,0.3473052528448203,-0.8660254037844385,-0.5000000000000004,51.260847,-0.546053,33
2019-08-06 11:00:00,30.480000000000015,42.96000000000002,100.38000000000008,6.0,0.9745261924566704,8.00000000000001,31.176517024326362,8,0.258819045102521,-0.9659258262890682,0.9377521321470804,0.3473052528448203,-0.8660254037844385,-0.5000000000000004,51.260847,-0.546053,33
2019-08-06 12:00:00,30.480000000000015,42.96000000000002,100.38000000000008,6.0,0.9745261924566704,8.00000000000001,31.176517024326362,8,1.2246467991473532e-16,-1.0,0.9377521321470804,0.3473052528448203,-0.8660254037844385,-0.5000000000000004,51.260847,-0.546053,33
2019-08-06 13:00:00,30.480000000000015,42.96000000000002,100.38000000000008,6.0,0.9745261924566704,8.00000000000001,31.176517024326362,8,-0.2588190451025208,-0.9659258262890683,0.9377521321470804,0.3473052528448203,-0.8660254037844385,-0.5000000000000004,51.260847,-0.546053,33
2019-08-06 14:00:00,30.480000000000015,42.96000000000002,100.38000000000008,6.0,0.9745261924566704,8.00000000000001,31.176517024326362,8,-0.4999999999999997,-0.8660254037844388,0.9377521321470804,0.3473052528448203,-0.8660254037844385,-0.5000000000000004,51.260847,-0.546053,33
2019-08-06 15:00:00,30.480000000000015,42.96000000000002,100.38000000000008,6.0,0.9745261924566704,8.00000000000001,31.176517024326362,8,-0.7071067811865471,-0.7071067811865479,0.9377521321470804,0.3473052528448203,-0.8660254037844385,-0.5000000000000004,51.260847,-0.546053,33
2019-08-06 16:00:00,30.480000000000015,42.96000000000002,100.38000000000008,6.0,0.9745261924566704,8.00000000000001,31.176517024326362,8,-0.8660254037844385,-0.5000000000000004,0.9377521321470804,0.3473052528448203,-0.8660254037844385,-0.5000000000000004,51.260847,-0.546053,33
2019-08-06 17:00:00,30.480000000000015,42.96000000000002,100.38000000000008,6.0,0.9745261924566704,8.00000000000001,31.176517024326362,8,-0.9659258262890683,-0.25881904510252063,0.9377521321470804,0.3473052528448203,-0.8660254037844385,-0.5000000000000004,51.260847,-0.546053,33
2019-08-06 18:00:00,30.480000000000015,42.96000000000002,100.38000000000008,6.0,0.9745261924566704,8.00000000000001,31.176517024326362,8,-1.0,-1.8369701987210297e-16,0.9377521321470804,0.3473052528448203,-0.8660254037844385,-0.5000000000000004,51.260847,-0.546053,33
2019-08-06 19:00:00,30.480000000000015,42.96000000000002,100.38000000000008,6.0,0.9745261924566704,8.00000000000001,31.176517024326362,8,-0.9659258262890684,0.2588190451025203,0.9377521321470804,0.3473052528448203,-0.8660254037844385,-0.5000000000000004,51.260847,-0.546053,33
2019-08-06 20:00:00,30.480000000000015,42.96000000000002,100.38000000000008,6.0,0.9745261924566704,8.00000000000001,31.176517024326362,8,-0.8660254037844386,0.5000000000000001,0.9377521321470804,0.3473052528448203,-0.8660254037844385,-0.5000000000000004,51.260847,-0.546053,33
2019-08-06 21:00:00,30.480000000000015,42.96000000000002,100.38000000000008,6.0,0.9745261924566704,8.00000000000001,31.176517024326362,8,-0.7071067811865477,0.7071067811865474,0.9377521321470804,0.3473052528448203,-0.8660254037844385,-0.5000000000000004,51.260847,-0.546053,33
2019-08-06 22:00:00,30.480000000000015,42.96000000000002,100.38000000000008,6.0,0.9745261924566704,8.00000000000001,31.176517024326362,8,-0.5000000000000004,0.8660254037844384,0.9377521321470804,0.3473052528448203,-0.8660254037844385,-0.5000000000000004,51.260847,-0.546053,33
2019-08-06 23:00:00,30.480000000000015,42.96000000000002,100.38000000000008,6.0,0.9745261924566704,8.00000000000001,31.176517024326362,8,-0.25881904510252157,0.9659258262890681,0.9377521321470804,0.3473052528448203,-0.8660254037844385,-0.5000000000000004,51.260847,-0.546053,33
2019-08-07 00:00:00,30.480000000000015,42.96000000000002,100.38000000000008,6.0,0.9745261924566704,16.20196273896627,28.04559558604601,8,0.0,1.0,0.9884683243281114,0.1514277775045767,-0.8660254037844385,-0.5000000000000004,51.260847,-0.546053,33
2019-08-07 01:00:00,30.480000000000015,42.96000000000002,100.38000000000008,6.0,0.9745261924566704,16.34097905657587,27.992529120990405,8,0.25881904510252074,0.9659258262890683,0.9884683243281114,0.1514277775045767,-0.8660254037844385,-0.5000000000000004,51.260847,-0.546053,33
2019-08-07 02:00:00,30.480000000000015,42.96000000000002,100.38000000000008,6.0,0.9745261924566704,16.34097905657587,27.992529120990405,8,0.49999999999999994,0.8660254037844387,0.9884683243281114,0.1514277775045767,-0.8660254037844385,-0.5000000000000004,51.260847,-0.546053,33
2019-08-07 03:00:00,30.480000000000015,42.96000000000002,100.38000000000008,6.0,0.9745261924566704,16.34097905657587,27.992529120990405,8,0.7071067811865476,0.7071067811865476,0.9884683243281114,0.1514277775045767,-0.8660254037844385,-0.5000000000000004,51.260847,-0.546053,33
2019-08-07 04:00:00,30.480000000000015,42.96000000000002,100.38000000000008,6.0,0.9745261924566704,16.34097905657587,27.992529120990405,8,0.8660254037844386,0.5000000000000001,0.9884683243281114,0.1514277775045767,-0.8660254037844385,-0.5000000000000004,51.260847,-0.546053,33
2019-08-07 05:00:00,30.480000000000015,42.96000000000002,100.38000000000008,6.0,0.9745261924566704,16.34097905657587,27.992529120990405,8,0.9659258262890683,0.25881904510252074,0.9884683243281114,0.1514277775045767,-0.8660254037844385,-0.5000000000000004,51.260847,-0.546053,33
2019-08-07 06:00:00,30.480000000000015,42.96000000000002,100.38000000000008,6.0,0.9745261924566704,16.34097905657587,27.992529120990405,8,1.0,6.123233995736766e-17,0.9884683243281114,0.1514277775045767,-0.8660254037844385,-0.5000000000000004,51.260847,-0.546053,33
2019-08-07 07:00:00,30.480000000000015,42.96000000000002,100.38000000000008,6.0,0.9745261924566704,16.34097905657587,27.992529120990405,8,0.9659258262890683,-0.25881904510252063,0.9884683243281114,0.1514277775045767,-0.8660254037844385,-0.5000000000000004,51.260847,-0.546053,33
2019-08-07 08:00:00,30.480000000000015,42.96000000000002,100.38000000000008,6.0,0.9745261924566704,16.34097905657587,27.992529120990405,8,0.8660254037844387,-0.4999999999999998,0.9884683243281114,0.1514277775045767,-0.8660254037844385,-0.5000000000000004,51.260847,-0.546053,33
2019-08-07 09:00:00,30.480000000000015,42.96000000000002,100.38000000000008,6.0,0.9745261924566704,16.34097905657587,27.992529120990405,8,0.7071067811865476,-0.7071067811865475,0.9884683243281114,0.1514277775045767,-0.8660254037844385,-0.5000000000000004,51.260847,-0.546053,33
2019-08-07 10:00:00,30.480000000000015,42.96000000000002,100.38000000000008,6.0,0.9745261924566704,16.34097905657587,27.992529120990405,8,0.49999999999999994,-0.8660254037844387,0.9884683243281114,0.1514277775045767,-0.8660254037844385,-0.5000000000000004,51.260847,-0.546053,33
2019-08-07 11:00:00,30.767166666666657,42.72883333333333,100.38033333333337,3.1166666666666667,0.5007846872891492,15.903017099628503,31.627511419032025,8,0.258819045102521,-0.9659258262890682,0.9884683243281114,0.1514277775045767,-0.8660254037844385,-0.5000000000000004,51.260847,-0.546053,33
2019-08-07 12:00:00,32.566500000000005,39.73383333333334,100.3558333333333,4.4,0.43921256191207186,19.32695001073084,31.353163414458248,8,1.2246467991473532e-16,-1.0,0.9884683243281114,0.1514277775045767,-0.8660254037844385,-0.5000000000000004,51.260847,-0.546053,33
2019-08-07 13:00:00,29.471333333333337,42.977500000000006,100.42966666666659,4.066666666666666,0.43410710936579633,24.02742740612101,24.55353385845621,8,-0.2588190451025208,-0.9659258262890683,0.9884683243281114,0.1514277775045767,-0.8660254037844385,-0.5000000000000004,51.260847,-0.546053,33
2019-08-07 14:00:00,24.11966666666665,55.703,100.44933333333326,5.266666666666667,0.524999633579066,34.461791698064275,9.659453350887272,8,-0.4999999999999997,-0.8660254037844388,0.9884683243281114,0.1514277775045767,-0.8660254037844385,-0.5000000000000004,51.260847,-0.546053,33
2019-08-07 15:00:00,25.272000000000006,64.99683333333333,100.4149999999999,6.0,0.4845398254288415,18.721605799645832,25.657946659387953,8,-0.7071067811865471,-0.7071067811865479,0.9884683243281114,0.1514277775045767,-0.8660254037844385,-0.5000000000000004,51.260847,-0.546053,33
2019-08-07 16:00:00,27.00600000000001,66.86833333333335,100.45383333333331,3.066666666666667,0.4647229359370257,23.366504561151284,24.10282819113496,8,-0.8660254037844385,-0.5000000000000004,0.9884683243281114,0.1514277775045767,-0.8660254037844385,-0.5000000000000004,51.260847,-0.546053,33
2019-08-07 17:00:00,25.675500000000003,65.19583333333331,100.45066666666672,3.75,0.6837538031879763,35.33669579225597,23.640681532407537,8,-0.9659258262890683,-0.25881904510252063,0.9884683243281114,0.1514277775045767,-0.8660254037844385,-0.5000000000000004,51.260847,-0.546053,33
2019-08-07 18:00:00,24.83683333333332,60.7661666666667,100.49199999999996,3.5,0.5585618488120947,34.880788394733244,22.82567882030558,8,-1.0,-1.8369701987210297e-16,0.9884683243281114,0.1514277775045767,-0.8660254037844385,-0.5000000000000004,51.260847,-0.546053,33
2019-08-07 19:00:00,24.159499999999998,59.31966666666668,100.4998333333334,6.783333333333333,0.5816054878175033,29.530725812938616,24.981784548707925,8,-0.9659258262890684,0.2588190451025203,0.9884683243281114,0.1514277775045767,-0.8660254037844385,-0.5000000000000004,51.260847,-0.546053,33
2019-08-07 20:00:00,23.487499999999997,59.14900000000002,100.54183333333344,8.716666666666667,0.5244198624136511,25.527257781043215,24.17203281356712,8,-0.8660254037844386,0.5000000000000001,0.9884683243281114,0.1514277775045767,-0.8660254037844385,-0.5000000000000004,51.260847,-0.546053,33
2019-08-07 21:00:00,22.71800000000001,58.37683333333334,100.61966666666677,6.9,0.48363268279099647,23.267137164601362,24.15431970042881,8,-0.7071067811865477,0.7071067811865474,0.9884683243281114,0.1514277775045767,-0.8660254037844385,-0.5000000000000004,51.260847,-0.546053,33
2019-08-07 22:00:00,21.744000000000007,57.673500000000026,100.65983333333337,4.0,0.43502843125145035,23.010496068853914,23.824503595776715,8,-0.5000000000000004,0.8660254037844384,0.9884683243281114,0.1514277775045767,-0.8660254037844385,-0.5000000000000004,51.260847,-0.546053,33
2019-08-07 23:00:00,21.17,57.08799999999997,100.69683333333332,4.033333333333333,0.3329846684397479,21.223811750125552,26.515543788751796,8,-0.25881904510252157,0.9659258262890681,0.9884683243281114,0.1514277775045767,-0.8660254037844385,-0.5000000000000004,51.260847,-0.546053,33
2019-08-08 00:00:00,20.303833333333337,56.76983333333332,100.70249999999992,4.4,0.31630591100083894,11.233841137536484,32.25277843909348,8,0.0,1.0,0.9987165071710528,-0.05064916883871264,-0.8660254037844385,-0.5000000000000004,51.260847,-0.546053,33
2019-08-08 01:00:00,19.57683333333334,56.90433333333335,100.70133333333325,4.55,0.28467697395712477,10.170833454076531,33.74810312733068,8,0.25881904510252074,0.9659258262890683,0.9987165071710528,-0.05064916883871264,-0.8660254037844385,-0.5000000000000004,51.260847,-0.546053,33
2019-08-08 02:00:00,19.27816666666666,57.367,100.71033333333334,6.216666666666667,0.2730060982810631,9.951084516421806,32.16102096015063,8,0.49999999999999994,0.8660254037844387,0.9987165071710528,-0.05064916883871264,-0.8660254037844385,-0.5000000000000004,51.260847,-0.546053,33
2019-08-08 03:00:00,18.800166666666666,57.75966666666666,100.71966666666667,6.783333333333333,0.2598476390054084,10.880053887450844,32.83551466338803,8,0.7071067811865476,0.7071067811865476,0.9987165071710528,-0.05064916883871264,-0.8660254037844385,-0.5000000000000004,51.260847,-0.546053,33
2019-08-08 04:00:00,18.407499999999995,58.42183333333333,100.71883333333327,6.516666666666667,0.2440297060850008,10.455813974445432,32.63817841832761,8,0.8660254037844386,0.5000000000000001,0.9987165071710528,-0.05064916883871264,-0.8660254037844385,-0.5000000000000004,51.260847,-0.546053,33
2019-08-08 05:00:00,18.232500000000005,58.60766666666666,100.7294999999999,5.366666666666666,0.24138779094300566,14.629430537006908,31.072194808986175,8,0.9659258262890683,0.25881904510252074,0.9987165071710528,-0.05064916883871264,-0.8660254037844385,-0.5000000000000004,51.260847,-0.546053,33
2019-08-08 06:00:00,18.61050000000001,58.04716666666664,100.77033333333334,6.916666666666667,0.4261402149831321,28.81603611963383,26.543202379722604,8,1.0,6.123233995736766e-17,0.9987165071710528,-0.05064916883871264,-0.8660254037844385,-0.5000000000000004,51.260847,-0.546053,33
2019-08-08 07:00:00,19.60466666666667,57.63449999999999,100.78366666666669,7.816666666666666,0.4339194831408531,51.071723946183475,18.86333985310877,8,0.9659258262890683,-0.25881904510252063,0.9987165071710528,-0.05064916883871264,-0.8660254037844385,-0.5000000000000004,51.260847,-0.546053,33
2019-08-08 08:00:00,21.59883333333333,56.27466666666667,100.79966666666661,7.033333333333333,0.5151234487978151,52.093510650576604,18.060544094280978,8,0.8660254037844387,-0.4999999999999998,0.9987165071710528,-0.05064916883871264,-0.8660254037844385,-0.5000000000000004,51.260847,-0.546053,33
2019-08-08 09:00:00,25.70466666666666,52.61516666666668,100.79016666666674,4.6,0.46430337475679617,38.5870611161521,23.86377888680484,8,0.7071067811865476,-0.7071067811865475,0.9987165071710528,-0.05064916883871264,-0.8660254037844385,-0.5000000000000004,51.260847,-0.546053,33
2019-08-08 10:00:00,28.815333333333328,47.38433333333333,100.77116666666664,4.3,0.5183832264605606,61.03608572397208,18.561572378128012,8,0.49999999999999994,-0.8660254037844387,0.9987165071710528,-0.05064916883871264,-0.8660254037844385,-0.5000000000000004,51.260847,-0.546053,33
2019-08-08 11:00:00,30.94366666666665,44.60050000000001,100.80433333333336,4.333333333333333,0.4965372438462775,43.74089281312917,24.203419962144764,8,0.258819045102521,-0.9659258262890682,0.9987165071710528,-0.05064916883871264,-0.8660254037844385,-0.5000000000000004,51.260847,-0.546053,33
2019-08-08 12:00:00,29.185999999999996,45.77033333333332,100.82316666666667,4.866666666666666,0.5049323159416668,38.05049802677514,20.31737598871444,8,1.2246467991473532e-16,-1.0,0.9987165071710528,-0.05064916883871264,-0.8660254037844385,-0.5000000000000004,51.260847,-0.546053,33
2019-08-08 13:00:00,28.515666666666664,46.666500000000006,100.7895,6.116666666666666,0.48507079985006174,40.81647097523022,21.673585002246288,8,-0.2588190451025208,-0.9659258262890683,0.9987165071710528,-0.05064916883871264,-0.8660254037844385,-0.5000000000000004,51.260847,-0.546053,33
2019-08-08 14:00:00,29.206833333333346,46.591333333333345,100.77116666666676,7.55,0.5023174424075825,41.44008642929272,21.745351558982538,8,-0.4999999999999997,-0.8660254037844388,0.9987165071710528,-0.05064916883871264,-0.8660254037844385,-0.5000000000000004,51.260847,-0.546053,33
2019-08-08 15:00:00,31.44950000000001,44.44649999999999,100.73449999999997,4.5,0.5368520013565858,29.69862249767367,27.85685940018975,8,-0.7071067811865471,-0.7071067811865479,0.9987165071710528,-0.05064916883871264,-0.8660254037844385,-0.5000000000000004,51.260847,-0.546053,33
2019-08-08 16:00:00,30.810499999999998,44.98066666666667,100.70916666666663,5.25,0.5258696725273551,29.922996357698814,25.46289552524333,8,-0.8660254037844385,-0.5000000000000004,0.9987165071710528,-0.05064916883871264,-0.8660254037844385,-0.5000000000000004,51.260847,-0.546053,33
2019-08-08 17:00:00,29.255833333333328,46.51733333333337,100.71533333333329,5.733333333333333,0.5904088405119328,25.88036570564491,23.899805853536822,8,-0.9659258262890683,-0.25881904510252063,0.9987165071710528,-0.05064916883871264,-0.8660254037844385,-0.5000000000000004,51.260847,-0.546053,33
2019-08-08 18:00:00,27.896333333333338,47.73116666666667,100.65016666666666,6.883333333333334,0.5747271449226211,29.977574918071255,21.16527555912662,8,-1.0,-1.8369701987210297e-16,0.9987165071710528,-0.05064916883871264,-0.8660254037844385,-0.5000000000000004,51.260847,-0.546053,33
2019-08-08 19:00:00,27.104166666666686,48.84349999999998,100.58616666666668,5.683333333333334,0.5852633969619618,24.99866472181831,25.121137543026972,8,-0.9659258262890684,0.2588190451025203,0.9987165071710528,-0.05064916883871264,-0.8660254037844385,-0.5000000000000004,51.260847,-0.546053,33
2019-08-08 20:00:00,26.656499999999987,49.519666666666645,100.54316666666669,7.7,0.6464654579726185,28.17120015585415,28.371995316571667,8,-0.8660254037844386,0.5000000000000001,0.9987165071710528,-0.05064916883871264,-0.8660254037844385,-0.5000000000000004,51.260847,-0.546053,33
2019-08-08 21:00:00,25.674333333333323,50.54266666666665,100.52466666666679,5.866666666666666,0.5705396274387304,13.205528715928716,30.762661067708393,8,-0.7071067811865477,0.7071067811865474,0.9987165071710528,-0.05064916883871264,-0.8660254037844385,-0.5000000000000004,51.260847,-0.546053,33
2019-08-08 22:00:00,24.83566666666667,51.55650000000002,100.48033333333326,9.15,0.46619206040376276,11.838937117205388,30.963415811479866,8,-0.5000000000000004,0.8660254037844384,0.9987165071710528,-0.05064916883871264,-0.8660254037844385,-0.5000000000000004,51.260847,-0.546053,33
2019-08-08 23:00:00,24.46783333333333,51.89816666666666,100.41416666666667,7.333333333333333,0.40235060071756223,13.675370365591103,28.88550660471878,8,-0.25881904510252157,0.9659258262890681,0.9987165071710528,-0.05064916883871264,-0.8660254037844385,-0.5000000000000004,51.260847,-0.546053,33
2019-08-09 00:00:00,22.610166666666665,54.41716666666667,100.37766666666676,7.433333333333334,0.3514173197436765,18.38839949707328,23.862282453444795,8,0.0,1.0,0.9680771188662043,-0.2506525322587204,-0.8660254037844385,-0.5000000000000004,51.260847,-0.546053,33
2019-08-09 01:00:00,21.91183333333335,56.47933333333335,100.26166666666664,8.35,0.31432238673401997,15.034026747760816,24.227489956765506,8,0.25881904510252074,0.9659258262890683,0.9680771188662043,-0.2506525322587204,-0.8660254037844385,-0.5000000000000004,51.260847,-0.546053,33
2019-08-09 02:00:00,22.25716666666667,57.573,100.09516666666673,10.283333333333333,0.30816899430591016,12.741380620737456,28.884268562351096,8,0.49999999999999994,0.8660254037844387,0.9680771188662043,-0.2506525322587204,-0.8660254037844385,-0.5000000000000004,51.260847,-0.546053,33
2019-08-09 03:00:00,22.799833333333343,58.307333333333304,100.02250000000016,9.783333333333333,0.3160424729129106,16.778240523579786,27.656886704687867,8,0.7071067811865476,0.7071067811865476,0.9680771188662043,-0.2506525322587204,-0.8660254037844385,-0.5000000000000004,51.260847,-0.546053,33
2019-08-09 04:00:00,23.126499999999997,58.439333333333295,99.96616666666662,11.483333333333333,0.31155475044178277,17.841283785923352,26.962284114094004,8,0.8660254037844386,0.5000000000000001,0.9680771188662043,-0.2506525322587204,-0.8660254037844385,-0.5000000000000004,51.260847,-0.546053,33
2019-08-09 05:00:00,23.351666666666652,58.973666666666674,99.92366666666658,11.066666666666666,0.307022424075826,16.70005916598581,27.051771492542755,8,0.9659258262890683,0.25881904510252074,0.9680771188662043,-0.2506525322587204,-0.8660254037844385,-0.5000000000000004,51.260847,-0.546053,33
2019-08-09 06:00:00,22.903333333333347,61.27966666666668,99.86566666666671,4.966666666666667,0.3060835777448547,27.82292134921748,24.551103956610984,8,1.0,6.123233995736766e-17,0.9680771188662043,-0.2506525322587204,-0.8660254037844385,-0.5000000000000004,51.260847,-0.546053,33
2019-08-09 07:00:00,23.151166666666647,63.86633333333338,99.85550000000005,1.7166666666666666,0.0755207361976331,34.12688314037505,23.08193445747325,8,0.9659258262890683,-0.25881904510252063,0.9680771188662043,-0.2506525322587204,-0.8660254037844385,-0.5000000000000004,51.260847,-0.546053,33
2019-08-09 08:00:00,23.71,64.84933333333338,99.81716666666671,3.1333333333333333,0.1845758399942881,32.959282949450255,25.92828476079416,8,0.8660254037844387,-0.4999999999999998,0.9680771188662043,-0.2506525322587204,-0.8660254037844385,-0.5000000000000004,51.260847,-0.546053,33
2019-08-09 09:00:00,25.406000000000006,65.63783333333335,99.80083333333339,4.2,0.39318905456687425,27.147962017549865,35.123401337077574,8,0.7071067811865476,-0.7071067811865475,0.9680771188662043,-0.2506525322587204,-0.8660254037844385,-0.5000000000000004,51.260847,-0.546053,33
2019-08-09 10:00:00,28.19416666666667,60.473000000000035,99.81533333333331,3.55,0.3773196381486175,37.67775455374637,27.118407634790376,8,0.49999999999999994,-0.8660254037844387,0.9680771188662043,-0.2506525322587204,-0.8660254037844385,-0.5000000000000004,51.260847,-0.546053,33
2019-08-09 11:00:00,30.82550000000001,51.80716666666667,99.8288333333333,2.8,0.3867809805972548,51.53410072180926,22.03052734702242,8,0.258819045102521,-0.9659258262890682,0.9680771188662043,-0.2506525322587204,-0.8660254037844385,-0.5000000000000004,51.260847,-0.546053,33
2019-08-09 12:00:00,31.860833333333307,48.08049999999995,99.8195000000001,2.566666666666667,0.4142597876586401,42.14945375970521,23.980874872335512,8,1.2246467991473532e-16,-1.0,0.9680771188662043,-0.2506525322587204,-0.8660254037844385,-0.5000000000000004,51.260847,-0.546053,33
2019-08-09 13:00:00,30.617000000000015,47.780000000000044,99.81116666666671,2.75,0.38611280388411906,33.73689041424781,21.688921035520128,8,-0.2588190451025208,-0.9659258262890683,0.9680771188662043,-0.2506525322587204,-0.8660254037844385,-0.5000000000000004,51.260847,-0.546053,33
2019-08-09 14:00:00,30.361833333333333,47.69916666666666,99.77533333333331,3.0,0.45085549156596394,24.371583534980097,23.549407525742886,8,-0.4999999999999997,-0.8660254037844388,0.9680771188662043,-0.2506525322587204,-0.8660254037844385,-0.5000000000000004,51.260847,-0.546053,33
2019-08-09 15:00:00,31.365666666666684,46.07183333333335,99.69733333333336,2.566666666666667,0.3714624092247828,28.15433723635518,20.472963477077037,8,-0.7071067811865471,-0.7071067811865479,0.9680771188662043,-0.2506525322587204,-0.8660254037844385,-0.5000000000000004,51.260847,-0.546053,33
2019-08-09 16:00:00,29.96483333333333,46.96750000000002,99.6886666666666,3.066666666666667,0.41736590950145486,26.966576948787722,23.827034621680287,8,-0.8660254037844385,-0.5000000000000004,0.9680771188662043,-0.2506525322587204,-0.8660254037844385,-0.5000000000000004,51.260847,-0.546053,33
2019-08-09 17:00:00,25.62899999999998,53.712999999999994,99.71583333333338,3.0833333333333335,0.42703118790496764,21.54194162940054,19.528330010180582,8,-0.9659258262890683,-0.25881904510252063,0.9680771188662043,-0.2506525322587204,-0.8660254037844385,-0.5000000000000004,51.260847,-0.546053,33
2019-08-09 18:00:00,23.75800000000002,64.7225,99.67883333333337,6.133333333333334,0.399809279902897,19.266121225664662,24.113415382797648,8,-1.0,-1.8369701987210297e-16,0.9680771188662043,-0.2506525322587204,-0.8660254037844385,-0.5000000000000004,51.260847,-0.546053,33
2019-08-09 19:00:00,23.94916666666668,66.75699999999998,99.68616666666658,2.65,0.35018503450368615,21.391177266041318,22.94494940568659,8,-0.9659258262890684,0.2588190451025203,0.9680771188662043,-0.2506525322587204,-0.8660254037844385,-0.5000000000000004,51.260847,-0.546053,33
2019-08-09 20:00:00,23.392833333333336,66.41099999999997,99.70716666666664,2.85,0.3146646034664334,20.185309757494327,22.805061791399666,8,-0.8660254037844386,0.5000000000000001,0.9680771188662043,-0.2506525322587204,-0.8660254037844385,-0.5000000000000004,51.260847,-0.546053,33
2019-08-09 21:00:00,22.550333333333313,65.3508333333334,99.68616666666667,3.4166666666666665,0.27691790564589547,14.677127407060835,26.36611770012143,8,-0.7071067811865477,0.7071067811865474,0.9680771188662043,-0.2506525322587204,-0.8660254037844385,-0.5000000000000004,51.260847,-0.546053,33
2019-08-09 22:00:00,22.419000000000008,63.612666666666655,99.65233333333329,3.7666666666666666,0.24948606379522695,14.33549421078239,25.809401834846017,8,-0.5000000000000004,0.8660254037844384,0.9680771188662043,-0.2506525322587204,-0.8660254037844385,-0.5000000000000004,51.260847,-0.546053,33
2019-08-09 23:00:00,21.554666666666655,63.83383333333333,99.65599999999999,2.683333333333333,0.22458966974278408,18.836383939311702,20.27243558558241,8,-0.25881904510252157,0.9659258262890681,0.9680771188662043,-0.2506525322587204,-0.8660254037844385,-0.5000000000000004,51.260847,-0.546053,33
2019-08-10 00:00:00,21.533333333333328,62.96116666666668,99.60233333333333,2.2,0.2061733811470288,13.294931805700289,27.336198823203542,8,0.0,1.0,0.8978045395707416,-0.4403941515576344,-0.8660254037844385,-0.5000000000000004,51.260847,-0.546053,33
2019-08-10 01:00:00,20.899666666666665,63.65266666666664,99.58383333333333,2.25,0.18194794516537838,12.048075281088042,23.92436331985001,8,0.25881904510252074,0.9659258262890683,0.8978045395707416,-0.4403941515576344,-0.8660254037844385,-0.5000000000000004,51.260847,-0.546053,33
2019-08-10 02:00:00,20.78950000000001,65.22716666666669,99.61133333333335,2.533333333333333,0.15662838362815273,13.64811657349894,24.611847448202422,8,0.49999999999999994,0.8660254037844387,0.8978045395707416,-0.4403941515576344,-0.8660254037844385,-0.5000000000000004,51.260847,-0.546053,33
2019-08-10 03:00:00,20.811833333333315,65.4323333333333,99.66383333333333,3.2666666666666666,0.16525806229584278,14.967139986937251,24.40060561097248,8,0.7071067811865476,0.7071067811865476,0.8978045395707416,-0.4403941515576344,-0.8660254037844385,-0.5000000000000004,51.260847,-0.546053,33
2019-08-10 04:00:00,20.37650000000001,66.06800000000001,99.73316666666665,3.966666666666667,0.16363475601092403,12.290221491841738,27.89117476533993,8,0.8660254037844386,0.5000000000000001,0.8978045395707416,-0.4403941515576344,-0.8660254037844385,-0.5000000000000004,51.260847,-0.546053,33
2019-08-10 05:00:00,19.890333333333324,68.13099999999997,99.81966666666668,3.0,0.16037551569890926,20.07529992452379,20.925699874684668,8,0.9659258262890683,0.25881904510252074,0.8978045395707416,-0.4403941515576344,-0.8660254037844385,-0.5000000000000004,51.260847,-0.546053,33
2019-08-10 06:00:00,20.289833333333334,69.19033333333333,99.90633333333338,5.2,0.16298308958820476,21.21733192018269,21.66790814447555,8,1.0,6.123233995736766e-17,0.8978045395707416,-0.4403941515576344,-0.8660254037844385,-0.5000000000000004,51.260847,-0.546053,33
2019-08-10 07:00:00,21.242000000000008,68.30099999999997,99.98133333333335,6.3,0.19257331417453546,22.31924420413407,26.21981086490408,8,0.9659258262890683,-0.25881904510252063,0.8978045395707416,-0.4403941515576344,-0.8660254037844385,-0.5000000000000004,51.260847,-0.546053,33
2019-08-10 08:00:00,21.866666666666664,66.91066666666661,100.055,7.1,0.20846479981436186,30.961437493014788,24.454754058625902,8,0.8660254037844387,-0.4999999999999998,0.8978045395707416,-0.4403941515576344,-0.8660254037844385,-0.5000000000000004,51.260847,-0.546053,33
2019-08-10 09:00:00,23.059833333333348,63.673,100.09283333333332,4.333333333333333,0.25662493475893816,27.196065589116024,26.197540853722206,8,0.7071067811865476,-0.7071067811865475,0.8978045395707416,-0.4403941515576344,-0.8660254037844385,-0.5000000000000004,51.260847,-0.546053,33
2019-08-10 10:00:00,23.58966666666667,60.8918333333333,100.16266666666665,5.083333333333333,0.28134750720239887,27.664930848656574,26.285532722681307,8,0.49999999999999994,-0.8660254037844387,0.8978045395707416,-0.4403941515576344,-0.8660254037844385,-0.5000000000000004,51.260847,-0.546053,33
2019-08-10 11:00:00,23.85766666666668,58.78183333333334,100.21783333333333,4.933333333333334,0.37379109808471495,31.78383860705738,24.785845998335343,8,0.258819045102521,-0.9659258262890682,0.8978045395707416,-0.4403941515576344,-0.8660254037844385,-0.5000000000000004,51.260847,-0.546053,33
2019-08-10 12:00:00,24.93033333333334,56.91083333333332,100.25549999999998,5.15,0.34724185480963204,24.887812156475025,27.33475395868358,8,1.2246467991473532e-16,-1.0,0.8978045395707416,-0.4403941515576344,-0.8660254037844385,-0.5000000000000004,51.260847,-0.546053,33
2019-08-10 13:00:00,27.587166666666658,52.66449999999998,100.29883333333333,4.616666666666666,0.3120765785480962,25.760922082107705,28.95895985012462,8,-0.2588190451025208,-0.9659258262890683,0.8978045395707416,-0.4403941515576344,-0.8660254037844385,-0.5000000000000004,51.260847,-0.546053,33
2019-08-10 14:00:00,29.139833333333335,49.53250000000001,100.3448333333333,4.283333333333333,0.35832494068507575,29.991332495265798,25.987488717582483,8,-0.4999999999999997,-0.8660254037844388,0.8978045395707416,-0.4403941515576344,-0.8660254037844385,-0.5000000000000004,51.260847,-0.546053,33
2019-08-10 15:00:00,28.550833333333347,48.74900000000003,100.43383333333328,4.716666666666667,0.39398051921532246,26.093275383168667,26.991198653510708,8,-0.7071067811865471,-0.7071067811865479,0.8978045395707416,-0.4403941515576344,-0.8660254037844385,-0.5000000000000004,51.260847,-0.546053,33
2019-08-10 16:00:00,28.860166666666668,47.87116666666669,100.49383333333331,4.116666666666666,0.3463733295253734,27.809555426310233,25.513018854776792,8,-0.8660254037844385,-0.5000000000000004,0.8978045395707416,-0.4403941515576344,-0.8660254037844385,-0.5000000000000004,51.260847,-0.546053,33
2019-08-10 17:00:00,28.467666666666652,47.431833333333344,100.54766666666674,4.716666666666667,0.37597931892258535,23.911959811748236,25.30218408308514,8,-0.9659258262890683,-0.25881904510252063,0.8978045395707416,-0.4403941515576344,-0.8660254037844385,-0.5000000000000004,51.260847,-0.546053,33
2019-08-10 18:00:00,25.567666666666653,49.71666666666667,100.62266666666666,7.333333333333333,0.3666663269014512,25.68885637670755,23.195685175772223,8,-1.0,-1.8369701987210297e-16,0.8978045395707416,-0.4403941515576344,-0.8660254037844385,-0.5000000000000004,51.260847,-0.546053,33
2019-08-10 19:00:00,23.93516666666667,51.34266666666668,100.69783333333324,4.883333333333334,0.316635201042429,16.534619834047298,26.54778443771046,8,-0.9659258262890684,0.2588190451025203,0.8978045395707416,-0.4403941515576344,-0.8660254037844385,-0.5000000000000004,51.260847,-0.546053,33
2019-08-10 20:00:00,22.641333333333343,52.70916666666663,100.76716666666667,4.75,0.2626639093229567,14.458197107782995,26.156780826646127,8,-0.8660254037844386,0.5000000000000001,0.8978045395707416,-0.4403941515576344,-0.8660254037844385,-0.5000000000000004,51.260847,-0.546053,33
2019-08-10 21:00:00,21.646000000000008,53.74000000000001,100.853,3.9,0.2618516544990451,13.760382601145354,27.235372732850813,8,-0.7071067811865477,0.7071067811865474,0.8978045395707416,-0.4403941515576344,-0.8660254037844385,-0.5000000000000004,51.260847,-0.546053,33
2019-08-10 22:00:00,21.11600000000001,54.58233333333336,100.88216666666676,4.583333333333333,0.22829802174107056,10.593103195490418,30.031874319131667,8,-0.5000000000000004,0.8660254037844384,0.8978045395707416,-0.4403941515576344,-0.8660254037844385,-0.5000000000000004,51.260847,-0.546053,33
2019-08-10 23:00:00,20.762166666666655,54.95450000000001,100.88550000000004,3.3666666666666667,0.20791792435249795,11.522600817384115,30.56266682865792,8,-0.25881904510252157,0.9659258262890681,0.8978045395707416,-0.4403941515576344,-0.8660254037844385,-0.5000000000000004,51.260847,-0.546053,33
2019-08-11 00:00:00,20.383500000000005,55.360999999999976,100.87749999999996,3.4833333333333334,0.1969128338004032,14.566319255598119,26.950338824956933,8,0.0,1.0,0.7907757369376989,-0.6121059825476626,-0.8660254037844385,-0.5000000000000004,51.260847,-0.546053,33
2019-08-11 01:00:00,20.03266666666667,55.82999999999999,100.85400000000001,3.8833333333333333,0.185615708262678,14.127725523074348,28.3321530564963,8,0.25881904510252074,0.9659258262890683,0.7907757369376989,-0.6121059825476626,-0.8660254037844385,-0.5000000000000004,51.260847,-0.546053,33
2019-08-11 02:00:00,19.888166666666667,56.24866666666664,100.84050000000002,4.5,0.1777283607089945,13.653643307553551,29.221200395228387,8,0.49999999999999994,0.8660254037844387,0.7907757369376989,-0.6121059825476626,-0.8660254037844385,-0.5000000000000004,51.260847,-0.546053,33
2019-08-11 03:00:00,19.75550000000001,56.536333333333346,100.84683333333336,3.033333333333333,0.16828856526783648,16.74176603641432,25.652607095055135,8,0.7071067811865476,0.7071067811865476,0.7907757369376989,-0.6121059825476626,-0.8660254037844385,-0.5000000000000004,51.260847,-0.546053,33
2019-08-11 04:00:00,19.598333333333343,56.67683333333334,100.84216666666666,2.8,0.16382229141602558,16.15153930431047,26.08372377790936,8,0.8660254037844386,0.5000000000000001,0.7907757369376989,-0.6121059825476626,-0.8660254037844385,-0.5000000000000004,51.260847,-0.546053,33
2019-08-11 05:00:00,19.35116666666666,57.11833333333334,100.82383333333337,2.65,0.16107236877710948,15.050057030316953,26.81313428661292,8,0.9659258262890683,0.25881904510252074,0.7907757369376989,-0.6121059825476626,-0.8660254037844385,-0.5000000000000004,51.260847,-0.546053,33
2019-08-11 06:00:00,19.40016666666667,57.86050000000003,100.82866666666665,3.216666666666667,0.17014122949502886,15.043626948730898,27.74638320567781,8,1.0,6.123233995736766e-17,0.7907757369376989,-0.6121059825476626,-0.8660254037844385,-0.5000000000000004,51.260847,-0.546053,33
2019-08-11 07:00:00,20.4625,57.626833333333316,100.83749999999999,3.5,0.1907402973064634,19.973144870754197,28.02240908629168,8,0.9659258262890683,-0.25881904510252063,0.7907757369376989,-0.6121059825476626,-0.8660254037844385,-0.5000000000000004,51.260847,-0.546053,33
2019-08-11 08:00:00,22.50616666666666,55.997666666666625,100.84033333333335,2.8666666666666667,0.18837769858807982,22.41391493080045,28.33129323091827,8,0.8660254037844387,-0.4999999999999998,0.7907757369376989,-0.6121059825476626,-0.8660254037844385,-0.5000000000000004,51.260847,-0.546053,33
2019-08-11 09:00:00,25.499166666666664,51.799833333333346,100.81866666666666,1.8666666666666667,0.27318457062277995,31.570101937941104,25.822074778373516,8,0.7071067811865476,-0.7071067811865475,0.7907757369376989,-0.6121059825476626,-0.8660254037844385,-0.5000000000000004,51.260847,-0.546053,33
2019-08-11 10:00:00,27.898000000000007,48.367666666666686,100.84549999999994,3.066666666666667,0.33562175120932464,44.95725980795329,26.54442280476389,8,0.49999999999999994,-0.8660254037844387,0.7907757369376989,-0.6121059825476626,-0.8660254037844385,-0.5000000000000004,51.260847,-0.546053,33
2019-08-11 11:00:00,28.25716666666666,47.569833333333335,100.87433333333334,4.133333333333334,0.465835263302572,40.429818174078854,27.402060524016402,8,0.258819045102521,-0.9659258262890682,0.7907757369376989,-0.6121059825476626,-0.8660254037844385,-0.5000000000000004,51.260847,-0.546053,33
2019-08-11 12:00:00,28.382500000000004,46.082499999999996,100.8841666666667,3.3333333333333335,0.3630558143619582,32.992963810256775,28.00248957246389,8,1.2246467991473532e-16,-1.0,0.7907757369376989,-0.6121059825476626,-0.8660254037844385,-0.5000000000000004,51.260847,-0.546053,33
2019-08-11 13:00:00,31.849999999999984,42.026500000000034,100.81966666666676,2.45,0.3551153031433517,36.958798254016,30.80216981315345,8,-0.2588190451025208,-0.9659258262890683,0.7907757369376989,-0.6121059825476626,-0.8660254037844385,-0.5000000000000004,51.260847,-0.546053,33
2019-08-11 14:00:00,33.11516666666667,39.875666666666646,100.79016666666662,3.45,0.44717805993966764,41.24378234651168,28.24552759302068,8,-0.4999999999999997,-0.8660254037844388,0.7907757369376989,-0.6121059825476626,-0.8660254037844385,-0.5000000000000004,51.260847,-0.546053,33
2019-08-11 15:00:00,31.394166666666656,40.23633333333335,100.80083333333337,3.15,0.427092010709887,34.42246886372079,24.860644554783512,8,-0.7071067811865471,-0.7071067811865479,0.7907757369376989,-0.6121059825476626,-0.8660254037844385,-0.5000000000000004,51.260847,-0.546053,33
2019-08-11 16:00:00,31.699333333333335,39.93016666666665,100.81166666666668,2.25,0.3903205022937008,27.819300548886464,23.672192257971453,8,-0.8660254037844385,-0.5000000000000004,0.7907757369376989,-0.6121059825476626,-0.8660254037844385,-0.5000000000000004,51.260847,-0.546053,33
2019-08-11 17:00:00,29.226666666666656,41.25483333333334,100.82483333333336,2.6666666666666665,0.3664691305356729,17.618204653119225,24.738547682257547,8,-0.9659258262890683,-0.25881904510252063,0.7907757369376989,-0.6121059825476626,-0.8660254037844385,-0.5000000000000004,51.260847,-0.546053,33
2019-08-11 18:00:00,26.18383333333334,44.821666666666644,100.85983333333333,2.966666666666667,0.3465177141531157,16.633198593369237,25.078914998869614,8,-1.0,-1.8369701987210297e-16,0.7907757369376989,-0.6121059825476626,-0.8660254037844385,-0.5000000000000004,51.260847,-0.546053,33
2019-08-11 19:00:00,24.339666666666677,47.22300000000003,100.9256666666666,3.1333333333333333,0.31285977102261586,11.415590212522266,29.326910209234278,8,-0.9659258262890684,0.2588190451025203,0.7907757369376989,-0.6121059825476626,-0.8660254037844385,-0.5000000000000004,51.260847,-0.546053,33
2019-08-11 20:00:00,22.87333333333334,49.16333333333339,100.98266666666659,3.4833333333333334,0.300864649590347,10.785885596964665,29.407640080003986,8,-0.8660254037844386,0.5000000000000001,0.7907757369376989,-0.6121059825476626,-0.8660254037844385,-0.5000000000000004,51.260847,-0.546053,33
2019-08-11 21:00:00,21.836666666666677,50.58716666666665,101.05483333333342,3.7,0.27370079817217907,12.32073230900688,27.411041126399123,8,-0.7071067811865477,0.7071067811865474,0.7907757369376989,-0.6121059825476626,-0.8660254037844385,-0.5000000000000004,51.260847,-0.546053,33
2019-08-11 22:00:00,20.492333333333317,52.61016666666668,101.06016666666666,4.416666666666667,0.2537713526230298,10.599918108667291,25.256936405979516,8,-0.5000000000000004,0.8660254037844384,0.7907757369376989,-0.6121059825476626,-0.8660254037844385,-0.5000000000000004,51.260847,-0.546053,33
2019-08-11 23:00:00,19.774166666666662,53.760333333333314,101.07449999999994,5.333333333333333,0.2412596744194348,9.629685119084407,27.6746942613285,8,-0.25881904510252157,0.9659258262890681,0.7907757369376989,-0.6121059825476626,-0.8660254037844385,-0.5000000000000004,51.260847,-0.546053,33
2019-08-12 00:00:00,19.15616666666667,55.46566666666667,101.07033333333332,4.15,0.21852327137068706,8.328634234923136,26.6814134353025,8,0.0,1.0,0.6513724827222223,-0.758758122692791,-0.8660254037844385,-0.5000000000000004,51.260847,-0.546053,33
2019-08-12 01:00:00,18.72616666666666,56.057999999999986,101.07400000000001,4.233333333333333,0.20891512243185834,8.711172448277384,30.626832814747836,8,0.25881904510252074,0.9659258262890683,0.6513724827222223,-0.758758122692791,-0.8660254037844385,-0.5000000000000004,51.260847,-0.546053,33
2019-08-12 02:00:00,18.52799999999998,55.83116666666667,101.0678333333335,4.416666666666667,0.19793113235635365,9.456735591160017,30.81815360175066,8,0.49999999999999994,0.8660254037844387,0.6513724827222223,-0.758758122692791,-0.8660254037844385,-0.5000000000000004,51.260847,-0.546053,33
2019-08-12 03:00:00,18.455666666666662,55.72299999999999,101.07533333333328,4.25,0.18785465576638155,10.805703795609881,30.864123957907225,8,0.7071067811865476,0.7071067811865476,0.6513724827222223,-0.758758122692791,-0.8660254037844385,-0.5000000000000004,51.260847,-0.546053,33
2019-08-12 04:00:00,18.460000000000022,55.8133333333333,101.07449999999996,3.8666666666666667,0.1892487668279099,9.56777136796657,33.93443258720167,8,0.8660254037844386,0.5000000000000001,0.6513724827222223,-0.758758122692791,-0.8660254037844385,-0.5000000000000004,51.260847,-0.546053,33
2019-08-12 05:00:00,18.46716666666667,56.01166666666669,101.06549999999999,4.166666666666667,0.203184870999411,11.819027082636255,33.68698170319086,8,0.9659258262890683,0.25881904510252074,0.6513724827222223,-0.758758122692791,-0.8660254037844385,-0.5000000000000004,51.260847,-0.546053,33
2019-08-12 06:00:00,18.76900000000001,55.964500000000015,101.0781666666666,6.1,0.3213107994930653,32.568205533639514,28.944322425585348,8,1.0,6.123233995736766e-17,0.6513724827222223,-0.758758122692791,-0.8660254037844385,-0.5000000000000004,51.260847,-0.546053,33
2019-08-12 07:00:00,19.56383333333332,56.307000000000016,101.10316666666668,8.316666666666666,0.5799208327294149,45.8818265254351,24.31432607666466,8,0.9659258262890683,-0.25881904510252063,0.6513724827222223,-0.758758122692791,-0.8660254037844385,-0.5000000000000004,51.260847,-0.546053,33
2019-08-12 08:00:00,20.984333333333325,54.883833333333314,101.14266666666663,7.466666666666667,0.3738004487442658,22.72440368280669,35.34849898640892,8,0.8660254037844387,-0.4999999999999998,0.6513724827222223,-0.758758122692791,-0.8660254037844385,-0.5000000000000004,51.260847,-0.546053,33
2019-08-12 09:00:00,22.622999999999987,53.53933333333335,101.15766666666659,7.266666666666667,0.369224695357264,26.283568213576917,32.34490704767601,8,0.7071067811865476,-0.7071067811865475,0.6513724827222223,-0.758758122692791,-0.8660254037844385,-0.5000000000000004,51.260847,-0.546053,33
2019-08-12 10:00:00,26.23333333333333,50.97166666666665,101.13750000000002,8.416666666666666,0.4057363682059156,43.14369947864561,27.692932593891612,8,0.49999999999999994,-0.8660254037844387,0.6513724827222223,-0.758758122692791,-0.8660254037844385,-0.5000000000000004,51.260847,-0.546053,33
2019-08-12 11:00:00,29.945499999999996,47.10416666666666,101.13066666666666,4.633333333333334,0.3582405766203168,35.7100752707415,27.683307159044123,8,0.258819045102521,-0.9659258262890682,0.6513724827222223,-0.758758122692791,-0.8660254037844385,-0.5000000000000004,51.260847,-0.546053,33
2019-08-12 12:00:00,28.691500000000005,47.91133333333333,101.12266666666665,6.383333333333334,0.3252464584188638,31.31632868653172,24.46166937822459,8,1.2246467991473532e-16,-1.0,0.6513724827222223,-0.758758122692791,-0.8660254037844385,-0.5000000000000004,51.260847,-0.546053,33
2019-08-12 13:00:00,25.37216666666665,48.83633333333333,101.19099999999999,3.6333333333333333,0.3285054943862343,12.442360610273303,28.416220708353894,8,-0.2588190451025208,-0.9659258262890683,0.6513724827222223,-0.758758122692791,-0.8660254037844385,-0.5000000000000004,51.260847,-0.546053,33
2019-08-12 14:00:00,22.813833333333317,51.349333333333334,101.19166666666676,7.95,0.5396763886974993,60.996320517347044,11.998560826536,8,-0.4999999999999997,-0.8660254037844388,0.6513724827222223,-0.758758122692791,-0.8660254037844385,-0.5000000000000004,51.260847,-0.546053,33
2019-08-12 15:00:00,26.66683333333333,48.68933333333334,101.18416666666667,5.75,0.41851559787944254,38.383893684135174,20.17724095677115,8,-0.7071067811865471,-0.7071067811865479,0.6513724827222223,-0.758758122692791,-0.8660254037844385,-0.5000000000000004,51.260847,-0.546053,33
2019-08-12 16:00:00,22.660333333333337,51.33899999999998,101.22316666666667,8.55,0.7211393786123556,61.77003354749827,13.857757058528303,8,-0.8660254037844385,-0.5000000000000004,0.6513724827222223,-0.758758122692791,-0.8660254037844385,-0.5000000000000004,51.260847,-0.546053,33
2019-08-12 17:00:00,22.481333333333335,51.471000000000004,101.23066666666658,6.35,0.5890382782785644,38.390467375986994,16.48699049320812,8,-0.9659258262890683,-0.25881904510252063,0.6513724827222223,-0.758758122692791,-0.8660254037844385,-0.5000000000000004,51.260847,-0.546053,33
2019-08-12 18:00:00,21.666500000000006,52.39383333333333,101.26150000000001,7.866666666666666,0.6498779756885574,39.15212601642713,19.106388012406263,8,-1.0,-1.8369701987210297e-16,0.6513724827222223,-0.758758122692791,-0.8660254037844385,-0.5000000000000004,51.260847,-0.546053,33
2019-08-12 19:00:00,21.122833333333332,53.44916666666666,101.31433333333332,7.816666666666666,0.5675334982417934,23.458516854534604,22.741722364285263,8,-0.9659258262890684,0.2588190451025203,0.6513724827222223,-0.758758122692791,-0.8660254037844385,-0.5000000000000004,51.260847,-0.546053,33
2019-08-12 20:00:00,20.242666666666658,54.369666666666646,101.38066666666663,8.283333333333333,0.4784382419363479,21.415007483491593,27.584207382985213,8,-0.8660254037844386,0.5000000000000001,0.6513724827222223,-0.758758122692791,-0.8660254037844385,-0.5000000000000004,51.260847,-0.546053,33
2019-08-12 21:00:00,19.363666666666674,54.45533333333339,101.44716666666666,6.966666666666667,0.49650367834639325,28.74697881974448,28.255854758210504,8,-0.7071067811865477,0.7071067811865474,0.6513724827222223,-0.758758122692791,-0.8660254037844385,-0.5000000000000004,51.260847,-0.546053,33
2019-08-12 22:00:00,18.32166666666667,54.134999999999955,101.46949999999983,3.7,0.32477945143958725,34.20735404498778,24.37053638403278,8,-0.5000000000000004,0.8660254037844384,0.6513724827222223,-0.758758122692791,-0.8660254037844385,-0.5000000000000004,51.260847,-0.546053,33
2019-08-12 23:00:00,17.639500000000012,54.28766666666666,101.51716666666668,3.066666666666667,0.2828980289523946,9.280024040542232,30.929440781873748,8,-0.25881904510252157,0.9659258262890681,0.6513724827222223,-0.758758122692791,-0.8660254037844385,-0.5000000000000004,51.260847,-0.546053,33
2019-08-13 00:00:00,17.03,54.4968333333334,101.5341666666666,2.7333333333333334,0.2827130024454242,15.83500291526384,26.352935108837237,8,0.0,1.0,0.48530196253108104,-0.8743466161445821,-0.8660254037844385,-0.5000000000000004,51.260847,-0.546053,33
2019-08-13 01:00:00,16.831333333333337,55.0876666666667,101.52250000000005,2.95,0.2479549926280275,15.578268655130962,27.774802255201962,8,0.25881904510252074,0.9659258262890683,0.48530196253108104,-0.8743466161445821,-0.8660254037844385,-0.5000000000000004,51.260847,-0.546053,33
2019-08-13 02:00:00,16.927166666666672,55.100833333333306,101.51983333333344,2.85,0.2343168418685182,16.02817932261969,28.47284693882667,8,0.49999999999999994,0.8660254037844387,0.48530196253108104,-0.8743466161445821,-0.8660254037844385,-0.5000000000000004,51.260847,-0.546053,33
2019-08-13 03:00:00,16.5295,55.16466666666661,101.48316666666663,2.466666666666667,0.22188083929814553,16.103157669128638,28.15524526996896,8,0.7071067811865476,0.7071067811865476,0.48530196253108104,-0.8743466161445821,-0.8660254037844385,-0.5000000000000004,51.260847,-0.546053,33
2019-08-13 04:00:00,15.982166666666668,55.77299999999999,101.45366666666656,2.5833333333333335,0.2099192266033592,16.815669214650605,25.797662179434482,8,0.8660254037844386,0.5000000000000001,0.48530196253108104,-0.8743466161445821,-0.8660254037844385,-0.5000000000000004,51.260847,-0.546053,33
2019-08-13 05:00:00,15.489333333333342,56.223833333333324,101.46250000000005,3.5833333333333335,0.3010378392445959,21.240791214383595,27.1330147675875,8,0.9659258262890683,0.25881904510252074,0.48530196253108104,-0.8743466161445821,-0.8660254037844385,-0.5000000000000004,51.260847,-0.546053,33
2019-08-13 06:00:00,15.829333333333333,56.52350000000003,101.47966666666663,8.633333333333333,0.4561792750120487,31.214210730293892,25.56013474880441,8,1.0,6.123233995736766e-17,0.48530196253108104,-0.8743466161445821,-0.8660254037844385,-0.5000000000000004,51.260847,-0.546053,33
2019-08-13 07:00:00,17.08116666666667,55.89666666666669,101.52066666666673,4.216666666666667,0.35511527665423126,32.39919067941288,26.333421410384904,8,0.9659258262890683,-0.25881904510252063,0.48530196253108104,-0.8743466161445821,-0.8660254037844385,-0.5000000000000004,51.260847,-0.546053,33
2019-08-13 08:00:00,19.216,54.705666666666666,101.53499999999998,2.15,0.31453231679845783,34.80822235476671,23.7219720504212,8,0.8660254037844387,-0.4999999999999998,0.48530196253108104,-0.8743466161445821,-0.8660254037844385,-0.5000000000000004,51.260847,-0.546053,33
2019-08-13 09:00:00,23.65233333333333,52.1135,101.51033333333335,2.066666666666667,0.3140556148010639,30.175536895953496,25.04249046535182,8,0.7071067811865476,-0.7071067811865475,0.48530196253108104,-0.8743466161445821,-0.8660254037844385,-0.5000000000000004,51.260847,-0.546053,33
2019-08-13 10:00:00,29.833166666666664,47.0516666666667,101.52366666666674,1.2666666666666666,0.34465444670938694,37.71725869111027,23.348642480182264,8,0.49999999999999994,-0.8660254037844387,0.48530196253108104,-0.8743466161445821,-0.8660254037844385,-0.5000000000000004,51.260847,-0.546053,33
2019-08-13 11:00:00,34.9905,41.130666666666635,101.50116666666666,0.9333333333333333,0.3390870314692178,34.438287793690115,38.29610457559375,8,0.258819045102521,-0.9659258262890682,0.48530196253108104,-0.8743466161445821,-0.8660254037844385,-0.5000000000000004,51.260847,-0.546053,33
2019-08-13 12:00:00,38.70583333333333,37.03650000000002,101.48749999999997,0.9333333333333333,0.3344038003677062,50.27847713158159,30.62052846568547,8,1.2246467991473532e-16,-1.0,0.48530196253108104,-0.8743466161445821,-0.8660254037844385,-0.5000000000000004,51.260847,-0.546053,33
2019-08-13 13:00:00,39.61983333333334,33.33083333333334,101.46199999999993,0.8166666666666667,0.3703111769094837,49.218458231975724,28.714996997261157,8,-0.2588190451025208,-0.9659258262890683,0.48530196253108104,-0.8743466161445821,-0.8660254037844385,-0.5000000000000004,51.260847,-0.546053,33
2019-08-13 14:00:00,41.375833333333325,32.580333333333336,101.43883333333329,0.75,0.35853183206897177,43.10647891523624,29.093997406432177,8,-0.4999999999999997,-0.8660254037844388,0.48530196253108104,-0.8743466161445821,-0.8660254037844385,-0.5000000000000004,51.260847,-0.546053,33
2019-08-13 15:00:00,41.90916666666665,29.73733333333335,101.4166666666667,2.3333333333333335,0.49325528722132,61.0573292493613,24.39766068128663,8,-0.7071067811865471,-0.7071067811865479,0.48530196253108104,-0.8743466161445821,-0.8660254037844385,-0.5000000000000004,51.260847,-0.546053,33
2019-08-13 16:00:00,40.43383333333337,30.421166666666657,101.42116666666669,1.7833333333333334,0.3832769770272923,49.478611328104435,13.881805526862461,8,-0.8660254037844385,-0.5000000000000004,0.48530196253108104,-0.8743466161445821,-0.8660254037844385,-0.5000000000000004,51.260847,-0.546053,33
2019-08-13 17:00:00,34.723,32.80149999999999,101.42166666666667,3.283333333333333,0.4804880268461172,19.82470395806444,23.702445505338353,8,-0.9659258262890683,-0.25881904510252063,0.48530196253108104,-0.8743466161445821,-0.8660254037844385,-0.5000000000000004,51.260847,-0.546053,33
2019-08-13 18:00:00,28.138999999999996,37.49266666666665,101.43449999999994,4.75,0.5227869027363762,19.60124039075745,22.50113509697989,8,-1.0,-1.8369701987210297e-16,0.48530196253108104,-0.8743466161445821,-0.8660254037844385,-0.5000000000000004,51.260847,-0.546053,33
2019-08-13 19:00:00,25.05033333333334,40.37333333333336,101.47266666666663,3.75,0.43473996851293256,11.164023286179463,23.594580876725043,8,-0.9659258262890684,0.2588190451025203,0.48530196253108104,-0.8743466161445821,-0.8660254037844385,-0.5000000000000004,51.260847,-0.546053,33
2019-08-13 20:00:00,23.07933333333334,42.69866666666665,101.5041666666667,3.9833333333333334,0.44172307587954923,14.721938154261569,20.342254138849515,8,-0.8660254037844386,0.5000000000000001,0.48530196253108104,-0.8743466161445821,-0.8660254037844385,-0.5000000000000004,51.260847,-0.546053,33
2019-08-13 21:00:00,21.61616666666665,44.15216666666664,101.51416666666672,6.316666666666666,0.430237907859272,24.83240438309344,20.327614934480433,8,-0.7071067811865477,0.7071067811865474,0.48530196253108104,-0.8743466161445821,-0.8660254037844385,-0.5000000000000004,51.260847,-0.546053,33
2019-08-13 22:00:00,20.44083333333332,45.58433333333336,101.50466666666671,4.683333333333334,0.38336560584045837,9.360392878859924,25.1568547429677,8,-0.5000000000000004,0.8660254037844384,0.48530196253108104,-0.8743466161445821,-0.8660254037844385,-0.5000000000000004,51.260847,-0.546053,33
2019-08-13 23:00:00,19.973833333333328,46.56983333333335,101.49999999999994,3.7,0.3085989884154724,8.755180218287084,25.783542444502515,8,-0.25881904510252157,0.9659258262890681,0.48530196253108104,-0.8743466161445821,-0.8660254037844385,-0.5000000000000004,51.260847,-0.546053,33
2019-08-14 00:00:00,19.65766666666666,47.47916666666667,101.48866666666663,4.966666666666667,0.2908009823822359,8.040782220176576,29.585698950212624,8,0.0,1.0,0.29936312297335804,-0.9541392564000488,-0.8660254037844385,-0.5000000000000004,51.260847,-0.546053,33
2019-08-14 01:00:00,19.678666666666686,48.43633333333334,101.45966666666656,4.2,0.2731446628706066,8.0,30.447639030267773,8,0.25881904510252074,0.9659258262890683,0.29936312297335804,-0.9541392564000488,-0.8660254037844385,-0.5000000000000004,51.260847,-0.546053,33
2019-08-14 02:00:00,19.707500000000024,49.340499999999984,101.43100000000001,3.2,0.2610104167931029,8.361094916942502,30.841286425242075,8,0.49999999999999994,0.8660254037844387,0.29936312297335804,-0.9541392564000488,-0.8660254037844385,-0.5000000000000004,51.260847,-0.546053,33
2019-08-14 03:00:00,19.44066666666668,50.40883333333336,101.40283333333335,3.216666666666667,0.25119376441818536,8.00609373343416,32.6759938194606,8,0.7071067811865476,0.7071067811865476,0.29936312297335804,-0.9541392564000488,-0.8660254037844385,-0.5000000000000004,51.260847,-0.546053,33
2019-08-14 04:00:00,19.571333333333335,51.338000000000065,101.33866666666661,3.05,0.24662473926780046,21.204249370103646,24.707037351830895,8,0.8660254037844386,0.5000000000000001,0.29936312297335804,-0.9541392564000488,-0.8660254037844385,-0.5000000000000004,51.260847,-0.546053,33
2019-08-14 05:00:00,19.578666666666663,52.06199999999996,101.32233333333342,3.533333333333333,0.2691552537350731,10.011178569456549,32.21681329669413,8,0.9659258262890683,0.25881904510252074,0.29936312297335804,-0.9541392564000488,-0.8660254037844385,-0.5000000000000004,51.260847,-0.546053,33
2019-08-14 06:00:00,19.679666666666684,52.986333333333306,101.28933333333343,4.9,0.31011064305731584,24.247999161031643,29.83680259637121,8,1.0,6.123233995736766e-17,0.29936312297335804,-0.9541392564000488,-0.8660254037844385,-0.5000000000000004,51.260847,-0.546053,33
2019-08-14 07:00:00,20.12166666666667,53.60566666666669,101.25666666666669,5.966666666666667,0.324542453278118,23.056334378611155,26.185389919816252,8,0.9659258262890683,-0.25881904510252063,0.29936312297335804,-0.9541392564000488,-0.8660254037844385,-0.5000000000000004,51.260847,-0.546053,33
2019-08-14 08:00:00,20.409333333333326,53.739,101.24949999999995,7.116666666666666,0.35762179833282753,32.216779889792036,24.955265653642513,8,0.8660254037844387,-0.4999999999999998,0.29936312297335804,-0.9541392564000488,-0.8660254037844385,-0.5000000000000004,51.260847,-0.546053,33
2019-08-14 09:00:00,19.56066666666668,55.2315,101.21066666666665,9.55,0.44857995501847475,30.286372137360367,24.827755793066167,8,0.7071067811865476,-0.7071067811865475,0.29936312297335804,-0.9541392564000488,-0.8660254037844385,-0.5000000000000004,51.260847,-0.546053,33
2019-08-14 10:00:00,19.02299999999999,57.91166666666666,101.15083333333341,5.4,0.37407191681987767,36.779682348694514,21.25365152110506,8,0.49999999999999994,-0.8660254037844387,0.29936312297335804,-0.9541392564000488,-0.8660254037844385,-0.5000000000000004,51.260847,-0.546053,33
2019-08-14 11:00:00,18.21066666666667,62.05133333333334,101.10200000000002,3.8833333333333333,0.3265046235296217,21.076485993284987,22.73967580899042,8,0.258819045102521,-0.9659258262890682,0.29936312297335804,-0.9541392564000488,-0.8660254037844385,-0.5000000000000004,51.260847,-0.546053,33
2019-08-14 12:00:00,18.067833333333343,67.66533333333334,101.01733333333326,4.1,0.3533561984899059,27.290223623331386,20.900447309428248,8,1.2246467991473532e-16,-1.0,0.29936312297335804,-0.9541392564000488,-0.8660254037844385,-0.5000000000000004,51.260847,-0.546053,33
2019-08-14 13:00:00,19.504166666666684,70.96333333333341,100.91449999999992,5.45,0.37081774349820606,22.941610827174195,22.799996244177507,8,-0.2588190451025208,-0.9659258262890683,0.29936312297335804,-0.9541392564000488,-0.8660254037844385,-0.5000000000000004,51.260847,-0.546053,33
2019-08-14 14:00:00,20.48083333333332,72.48699999999995,100.85533333333335,1.85,0.3635231997572425,23.241785659390533,20.40738331069999,8,-0.4999999999999997,-0.8660254037844388,0.29936312297335804,-0.9541392564000488,-0.8660254037844385,-0.5000000000000004,51.260847,-0.546053,33
2019-08-14 15:00:00,20.97016666666668,73.43300000000002,100.80150000000006,0.8166666666666667,0.44058987508701786,30.53536506838237,22.72349453146401,8,-0.7071067811865471,-0.7071067811865479,0.29936312297335804,-0.9541392564000488,-0.8660254037844385,-0.5000000000000004,51.260847,-0.546053,33
2019-08-14 16:00:00,21.183333333333312,74.19483333333334,100.71583333333338,2.066666666666667,0.4096831676989806,27.996913434310635,23.92558079629693,8,-0.8660254037844385,-0.5000000000000004,0.29936312297335804,-0.9541392564000488,-0.8660254037844385,-0.5000000000000004,51.260847,-0.546053,33
2019-08-14 17:00:00,21.32933333333332,74.60149999999994,100.64799999999998,0.7333333333333333,0.47753490237937996,23.934540708312372,24.487122670414706,8,-0.9659258262890683,-0.25881904510252063,0.29936312297335804,-0.9541392564000488,-0.8660254037844385,-0.5000000000000004,51.260847,-0.546053,33
2019-08-14 18:00:00,21.426166666666656,74.012,100.58633333333344,1.5666666666666667,0.48252108198418525,26.264326831184295,23.942278098236716,8,-1.0,-1.8369701987210297e-16,0.29936312297335804,-0.9541392564000488,-0.8660254037844385,-0.5000000000000004,51.260847,-0.546053,33
2019-08-14 19:00:00,21.682666666666684,72.04416666666661,100.5573333333334,4.566666666666666,0.4306654309123042,24.662183004906673,29.41749578880009,8,-0.9659258262890684,0.2588190451025203,0.29936312297335804,-0.9541392564000488,-0.8660254037844385,-0.5000000000000004,51.260847,-0.546053,33
2019-08-14 20:00:00,21.614999999999995,70.43950000000002,100.5448333333334,7.666666666666667,0.3908130296485368,16.12195273165331,30.752196058086025,8,-0.8660254037844386,0.5000000000000001,0.29936312297335804,-0.9541392564000488,-0.8660254037844385,-0.5000000000000004,51.260847,-0.546053,33
2019-08-14 21:00:00,21.47383333333334,70.12683333333334,100.55233333333335,10.85,0.34465299737607763,13.689660633812384,30.617512861522002,8,-0.7071067811865477,0.7071067811865474,0.29936312297335804,-0.9541392564000488,-0.8660254037844385,-0.5000000000000004,51.260847,-0.546053,33
2019-08-14 22:00:00,21.595833333333335,69.48833333333332,100.54233333333339,11.033333333333333,0.3156440008567908,15.624070734989767,32.471135839480226,8,-0.5000000000000004,0.8660254037844384,0.29936312297335804,-0.9541392564000488,-0.8660254037844385,-0.5000000000000004,51.260847,-0.546053,33
2019-08-14 23:00:00,21.62866666666667,68.27650000000004,100.56066666666658,6.85,0.3003704269317957,14.125657495682274,36.880084324107536,8,-0.25881904510252157,0.9659258262890681,0.29936312297335804,-0.9541392564000488,-0.8660254037844385,-0.5000000000000004,51.260847,-0.546053,33
2019-08-15 00:00:00,21.653833333333335,67.14300000000001,100.58166666666673,3.9,0.266140727486925,16.964420137861104,31.053847345337644,8,0.0,1.0,0.10116832198743272,-0.994869323391895,-0.8660254037844385,-0.5000000000000004,51.260847,-0.546053,33
2019-08-15 01:00:00,21.541166666666662,65.96549999999999,100.58950000000003,3.716666666666667,0.24558692579833266,17.74824689435037,30.82063924542534,8,0.25881904510252074,0.9659258262890683,0.10116832198743272,-0.994869323391895,-0.8660254037844385,-0.5000000000000004,51.260847,-0.546053,33
2019-08-15 02:00:00,20.978333333333328,65.08550000000008,100.59599999999993,5.483333333333333,0.23347907045320673,17.65236180035318,29.323727652925474,8,0.49999999999999994,0.8660254037844387,0.10116832198743272,-0.994869323391895,-0.8660254037844385,-0.5000000000000004,51.260847,-0.546053,33
2019-08-15 03:00:00,20.28483333333334,64.46816666666668,100.62299999999999,5.133333333333334,0.23027439394534382,16.621366581978386,30.31612056831133,8,0.7071067811865476,0.7071067811865476,0.10116832198743272,-0.994869323391895,-0.8660254037844385,-0.5000000000000004,51.260847,-0.546053,33
2019-08-15 04:00:00,19.685333333333322,64.30416666666667,100.63766666666669,4.833333333333333,0.22377371022615705,15.634077981348984,29.273298681982695,8,0.8660254037844386,0.5000000000000001,0.10116832198743272,-0.994869323391895,-0.8660254037844385,-0.5000000000000004,51.260847,-0.546053,33
2019-08-15 05:00:00,19.542999999999985,64.28799999999997,100.67933333333326,4.9,0.22834447609017738,15.243609487756284,29.944437104931286,8,0.9659258262890683,0.25881904510252074,0.10116832198743272,-0.994869323391895,-0.8660254037844385,-0.5000000000000004,51.260847,-0.546053,33
2019-08-15 06:00:00,19.86783333333333,64.15466666666667,100.72783333333331,4.516666666666667,0.2583641385145388,17.554003581214065,31.48616973020377,8,1.0,6.123233995736766e-17,0.10116832198743272,-0.994869323391895,-0.8660254037844385,-0.5000000000000004,51.260847,-0.546053,33
2019-08-15 07:00:00,20.598333333333343,63.51583333333337,100.7746666666667,5.083333333333333,0.3095365557003375,31.19229379857217,29.30111000262995,8,0.9659258262890683,-0.25881904510252063,0.10116832198743272,-0.994869323391895,-0.8660254037844385,-0.5000000000000004,51.260847,-0.546053,33
2019-08-15 08:00:00,22.049000000000014,62.048000000000044,100.79366666666667,3.283333333333333,0.3032165239990717,35.65258554985494,27.359514733092464,8,0.8660254037844387,-0.4999999999999998,0.10116832198743272,-0.994869323391895,-0.8660254037844385,-0.5000000000000004,51.260847,-0.546053,33
2019-08-15 09:00:00,24.91066666666667,58.94783333333331,100.8126666666667,1.2666666666666666,0.2707014691109009,26.022783406415233,33.01639986191206,8,0.7071067811865476,-0.7071067811865475,0.10116832198743272,-0.994869323391895,-0.8660254037844385,-0.5000000000000004,51.260847,-0.546053,33
2019-08-15 10:00:00,26.237333333333343,56.65466666666667,100.88133333333325,0.4666666666666667,0.25414394859254236,28.694481571685408,30.26101233260895,8,0.49999999999999994,-0.8660254037844387,0.10116832198743272,-0.994869323391895,-0.8660254037844385,-0.5000000000000004,51.260847,-0.546053,33
2019-08-15 11:00:00,29.026999999999987,53.01883333333329,100.91149999999995,0.4,0.2523630433928923,28.777587033940755,29.430979456670457,8,0.258819045102521,-0.9659258262890682,0.10116832198743272,-0.994869323391895,-0.8660254037844385,-0.5000000000000004,51.260847,-0.546053,33
2019-08-15 12:00:00,29.934500000000032,50.58716666666666,100.97733333333322,0.75,0.28152092769041276,28.69687393957389,32.21216382112181,8,1.2246467991473532e-16,-1.0,0.10116832198743272,-0.994869323391895,-0.8660254037844385,-0.5000000000000004,51.260847,-0.546053,33
2019-08-15 13:00:00,33.99883333333331,46.06249999999998,100.9975,0.43333333333333335,0.28273980943541027,31.96918739528839,37.76677958188384,8,-0.2588190451025208,-0.9659258262890683,0.10116832198743272,-0.994869323391895,-0.8660254037844385,-0.5000000000000004,51.260847,-0.546053,33
2019-08-15 14:00:00,36.46033333333333,42.92833333333333,101.05400000000007,0.6666666666666666,0.2768143710261857,33.05184885862918,38.00600967378022,8,-0.4999999999999997,-0.8660254037844388,0.10116832198743272,-0.994869323391895,-0.8660254037844385,-0.5000000000000004,51.260847,-0.546053,33
2019-08-15 15:00:00,36.79349999999998,40.956166666666654,101.10166666666666,1.05,0.29748365014369094,33.78026509917824,29.971555572661046,8,-0.7071067811865471,-0.7071067811865479,0.10116832198743272,-0.994869323391895,-0.8660254037844385,-0.5000000000000004,51.260847,-0.546053,33
2019-08-15 16:00:00,34.57766666666668,41.231833333333334,101.13166666666662,1.3,0.338172195633936,33.100967578239796,22.43039891046794,8,-0.8660254037844385,-0.5000000000000004,0.10116832198743272,-0.994869323391895,-0.8660254037844385,-0.5000000000000004,51.260847,-0.546053,33
2019-08-15 17:00:00,31.23000000000001,43.18050000000001,101.2268333333333,1.3333333333333333,0.28740361644324663,13.599297223213432,27.430784094571152,8,-0.9659258262890683,-0.25881904510252063,0.10116832198743272,-0.994869323391895,-0.8660254037844385,-0.5000000000000004,51.260847,-0.546053,33
2019-08-15 18:00:00,27.672500000000007,45.19933333333332,101.3093333333333,2.6,0.2724028501865305,9.088053308826042,30.119128406804748,8,-1.0,-1.8369701987210297e-16,0.10116832198743272,-0.994869323391895,-0.8660254037844385,-0.5000000000000004,51.260847,-0.546053,33
2019-08-15 19:00:00,25.78550000000001,46.55700000000004,101.34983333333328,2.15,0.2708316896274744,8.759404947504636,30.338942446082697,8,-0.9659258262890684,0.2588190451025203,0.10116832198743272,-0.994869323391895,-0.8660254037844385,-0.5000000000000004,51.260847,-0.546053,33
2019-08-15 20:00:00,23.5905,48.26866666666665,101.38833333333324,7.65,0.43374887049961625,22.681210737335928,27.06175392566349,8,-0.8660254037844386,0.5000000000000001,0.10116832198743272,-0.994869323391895,-0.8660254037844385,-0.5000000000000004,51.260847,-0.546053,33
2019-08-15 21:00:00,22.14200000000001,49.408333333333296,101.45016666666656,3.9166666666666665,0.3941250022312264,14.413377463019037,27.015739094548003,8,-0.7071067811865477,0.7071067811865474,0.10116832198743272,-0.994869323391895,-0.8660254037844385,-0.5000000000000004,51.260847,-0.546053,33
2019-08-15 22:00:00,21.16399999999999,50.2335,101.48483333333321,4.316666666666666,0.3177487204183997,12.001143022610059,29.30020798514812,8,-0.5000000000000004,0.8660254037844384,0.10116832198743272,-0.994869323391895,-0.8660254037844385,-0.5000000000000004,51.260847,-0.546053,33
2019-08-15 23:00:00,20.33566666666667,51.20266666666669,101.48616666666652,3.9166666666666665,0.29284237780911415,9.777343553365496,30.0792321622614,8,-0.25881904510252157,0.9659258262890681,0.10116832198743272,-0.994869323391895,-0.8660254037844385,-0.5000000000000004,51.260847,-0.546053,33
2019-08-16 00:00:00,19.507666666666672,52.31849999999998,101.4749999999999,3.216666666666667,0.2817558483479997,11.005411987521722,27.33510136581445,8,0.0,1.0,-0.10116832198743204,-0.9948693233918952,-0.8660254037844385,-0.5000000000000004,51.260847,-0.546053,33
2019-08-16 01:00:00,18.902666666666672,53.39016666666668,101.4421666666667,3.05,0.25068929425414566,9.861153855214997,30.19975446169733,8,0.25881904510252074,0.9659258262890683,-0.10116832198743204,-0.9948693233918952,-0.8660254037844385,-0.5000000000000004,51.260847,-0.546053,33
2019-08-16 02:00:00,18.585333333333338,54.15066666666669,101.41383333333332,2.783333333333333,0.2609654004248255,11.823453668803454,30.194096227017937,8,0.49999999999999994,0.8660254037844387,-0.10116832198743204,-0.9948693233918952,-0.8660254037844385,-0.5000000000000004,51.260847,-0.546053,33
2019-08-16 03:00:00,18.174166666666668,54.615500000000004,101.37033333333329,2.316666666666667,0.23086641443692762,12.189272637786111,29.818914415747983,8,0.7071067811865476,0.7071067811865476,-0.10116832198743204,-0.9948693233918952,-0.8660254037844385,-0.5000000000000004,51.260847,-0.546053,33
2019-08-16 04:00:00,18.00583333333334,55.00716666666668,101.32566666666682,2.4166666666666665,0.22135509080199206,13.427143379840256,30.38741388639051,8,0.8660254037844386,0.5000000000000001,-0.10116832198743204,-0.9948693233918952,-0.8660254037844385,-0.5000000000000004,51.260847,-0.546053,33
2019-08-16 05:00:00,18.494000000000014,55.707,101.29666666666672,3.75,0.23400191271442092,13.170887819377523,30.621118698829875,8,0.9659258262890683,0.25881904510252074,-0.10116832198743204,-0.9948693233918952,-0.8660254037844385,-0.5000000000000004,51.260847,-0.546053,33
2019-08-16 06:00:00,18.95550000000002,56.41066666666667,101.24233333333329,5.933333333333334,0.30463079328133086,22.576535780018325,31.74510124899324,8,1.0,6.123233995736766e-17,-0.10116832198743204,-0.9948693233918952,-0.8660254037844385,-0.5000000000000004,51.260847,-0.546053,33
2019-08-16 07:00:00,20.006500000000003,57.13916666666667,101.20883333333323,6.8,0.37938105935062383,40.692972443453904,25.871980690381694,8,0.9659258262890683,-0.25881904510252063,-0.10116832198743204,-0.9948693233918952,-0.8660254037844385,-0.5000000000000004,51.260847,-0.546053,33
2019-08-16 08:00:00,21.51733333333333,56.77883333333336,101.16683333333332,7.4,0.47006153815397245,36.797049663409,30.561163661154872,8,0.8660254037844387,-0.4999999999999998,-0.10116832198743204,-0.9948693233918952,-0.8660254037844385,-0.5000000000000004,51.260847,-0.546053,33
2019-08-16 09:00:00,23.002333333333347,55.48633333333335,101.0985,4.85,0.5068176185495243,26.63037325274716,32.8658264331266,8,0.7071067811865476,-0.7071067811865475,-0.10116832198743204,-0.9948693233918952,-0.8660254037844385,-0.5000000000000004,51.260847,-0.546053,33
2019-08-16 10:00:00,23.41933333333333,53.989000000000004,101.04783333333332,4.9,0.5616522096281886,44.27929397814645,21.86996135541449,8,0.49999999999999994,-0.8660254037844387,-0.10116832198743204,-0.9948693233918952,-0.8660254037844385,-0.5000000000000004,51.260847,-0.546053,33
2019-08-16 11:00:00,23.503500000000013,52.41,100.96466666666666,5.183333333333334,0.5828758152187493,37.6955547805101,20.89824266636828,8,0.258819045102521,-0.9659258262890682,-0.10116832198743204,-0.9948693233918952,-0.8660254037844385,-0.5000000000000004,51.260847,-0.546053,33
2019-08-16 12:00:00,23.103666666666665,52.693000000000005,100.89783333333338,4.45,0.46518938286061096,31.96843756302915,21.979594093083662,8,1.2246467991473532e-16,-1.0,-0.10116832198743204,-0.9948693233918952,-0.8660254037844385,-0.5000000000000004,51.260847,-0.546053,33
2019-08-16 13:00:00,22.46749999999999,53.77916666666667,100.85366666666678,5.35,0.46610250825553784,27.972955654941604,23.197583652086948,8,-0.2588190451025208,-0.9659258262890683,-0.10116832198743204,-0.9948693233918952,-0.8660254037844385,-0.5000000000000004,51.260847,-0.546053,33
2019-08-16 14:00:00,22.171166666666675,54.417000000000016,100.79516666666663,4.916666666666667,0.4627832587330199,26.625177084612055,24.839182216775832,8,-0.4999999999999997,-0.8660254037844388,-0.10116832198743204,-0.9948693233918952,-0.8660254037844385,-0.5000000000000004,51.260847,-0.546053,33
2019-08-16 15:00:00,20.943,57.66116666666669,100.75699999999996,7.0,0.46137269792763674,22.843554241083215,25.6583491258424,8,-0.7071067811865471,-0.7071067811865479,-0.10116832198743204,-0.9948693233918952,-0.8660254037844385,-0.5000000000000004,51.260847,-0.546053,33
2019-08-16 16:00:00,21.046166666666682,59.464999999999996,100.65816666666669,6.716666666666667,0.47184453220998496,29.106123445787645,21.87287429112644,8,-0.8660254037844385,-0.5000000000000004,-0.10116832198743204,-0.9948693233918952,-0.8660254037844385,-0.5000000000000004,51.260847,-0.546053,33
2019-08-16 17:00:00,20.61966666666666,61.75333333333336,100.56400000000001,4.75,0.4327262769219786,17.86506686990439,25.908189005555162,8,-0.9659258262890683,-0.25881904510252063,-0.10116832198743204,-0.9948693233918952,-0.8660254037844385,-0.5000000000000004,51.260847,-0.546053,33
2019-08-16 18:00:00,20.306000000000008,65.88433333333332,100.46316666666664,4.5,0.4244134421933846,22.941268465317084,23.63067264394913,8,-1.0,-1.8369701987210297e-16,-0.10116832198743204,-0.9948693233918952,-0.8660254037844385,-0.5000000000000004,51.260847,-0.546053,33
2019-08-16 19:00:00,20.537333333333322,67.60800000000003,100.37233333333339,4.583333333333333,0.4816302793495529,19.525122876331395,23.284011087952333,8,-0.9659258262890684,0.2588190451025203,-0.10116832198743204,-0.9948693233918952,-0.8660254037844385,-0.5000000000000004,51.260847,-0.546053,33
2019-08-16 20:00:00,20.370833333333326,68.91933333333333,100.318,2.8,0.37536907770023026,15.817362525356971,25.379122481629928,8,-0.8660254037844386,0.5000000000000001,-0.10116832198743204,-0.9948693233918952,-0.8660254037844385,-0.5000000000000004,51.260847,-0.546053,33
2019-08-16 21:00:00,20.38433333333335,70.73750000000001,100.26483333333333,0.7333333333333333,0.3331926156043052,14.139256540867933,27.55450951068038,8,-0.7071067811865477,0.7071067811865474,-0.10116832198743204,-0.9948693233918952,-0.8660254037844385,-0.5000000000000004,51.260847,-0.546053,33
2019-08-16 22:00:00,20.524833333333326,73.15266666666665,100.22449999999999,0.05,0.3127130818413866,12.868956155496331,28.77859817377579,8,-0.5000000000000004,0.8660254037844384,-0.10116832198743204,-0.9948693233918952,-0.8660254037844385,-0.5000000000000004,51.260847,-0.546053,33
2019-08-16 23:00:00,20.6655,74.60216666666662,100.1761666666667,0.0,0.29185753879656573,11.686614146196217,29.989327012894567,8,-0.25881904510252157,0.9659258262890681,-0.10116832198743204,-0.9948693233918952,-0.8660254037844385,-0.5000000000000004,51.260847,-0.546053,33
2019-08-17 00:00:00,20.92666666666666,75.36150000000002,100.13883333333338,0.0,0.2801058107562965,10.628321580876433,32.2899899264777,8,0.0,1.0,-0.2993631229733582,-0.9541392564000488,-0.8660254037844385,-0.5000000000000004,51.260847,-0.546053,33
2019-08-17 01:00:00,21.236500000000003,75.89766666666667,100.10350000000011,0.05,0.26855686450207944,13.313419320164014,31.86416487765449,8,0.25881904510252074,0.9659258262890683,-0.2993631229733582,-0.9541392564000488,-0.8660254037844385,-0.5000000000000004,51.260847,-0.546053,33
2019-08-17 02:00:00,21.597500000000014,76.04883333333335,100.10300000000004,3.0833333333333335,0.2526834255216606,14.219492331997904,32.07152979173572,8,0.49999999999999994,0.8660254037844387,-0.2993631229733582,-0.9541392564000488,-0.8660254037844385,-0.5000000000000004,51.260847,-0.546053,33
2019-08-17 03:00:00,21.394,75.91633333333338,100.0966666666667,3.283333333333333,0.24138031344269303,16.794287098732834,28.748456611634268,8,0.7071067811865476,0.7071067811865476,-0.2993631229733582,-0.9541392564000488,-0.8660254037844385,-0.5000000000000004,51.260847,-0.546053,33
2019-08-17 04:00:00,21.00100000000002,76.21483333333329,100.12600000000002,1.6166666666666667,0.23335784110097638,15.877941191980316,30.758674364284392,8,0.8660254037844386,0.5000000000000001,-0.2993631229733582,-0.9541392564000488,-0.8660254037844385,-0.5000000000000004,51.260847,-0.546053,33
2019-08-17 05:00:00,20.751333333333324,76.32899999999998,100.15283333333339,2.15,0.22918354168823524,17.691567188107612,29.41219474707549,8,0.9659258262890683,0.25881904510252074,-0.2993631229733582,-0.9541392564000488,-0.8660254037844385,-0.5000000000000004,51.260847,-0.546053,33
2019-08-17 06:00:00,20.487500000000004,75.43166666666664,100.18133333333323,4.033333333333333,0.29712027238812616,27.698811984921573,29.376562087437836,8,1.0,6.123233995736766e-17,-0.2993631229733582,-0.9541392564000488,-0.8660254037844385,-0.5000000000000004,51.260847,-0.546053,33
2019-08-17 07:00:00,20.440166666666666,75.70299999999999,100.21433333333324,4.133333333333334,0.2873112450957643,26.306827767926052,27.94560558807881,8,0.9659258262890683,-0.25881904510252063,-0.2993631229733582,-0.9541392564000488,-0.8660254037844385,-0.5000000000000004,51.260847,-0.546053,33
2019-08-17 08:00:00,21.708333333333346,75.32316666666664,100.24166666666653,4.9,0.38611976673866094,34.83792511849465,26.27586780815563,8,0.8660254037844387,-0.4999999999999998,-0.2993631229733582,-0.9541392564000488,-0.8660254037844385,-0.5000000000000004,51.260847,-0.546053,33
2019-08-17 09:00:00,24.386999999999993,72.39016666666666,100.2383333333333,4.9,0.45152371747318065,44.790568898823985,26.206079751923887,8,0.7071067811865476,-0.7071067811865475,-0.2993631229733582,-0.9541392564000488,-0.8660254037844385,-0.5000000000000004,51.260847,-0.546053,33
2019-08-17 10:00:00,25.779500000000006,67.79150000000001,100.2796666666667,4.283333333333333,0.4468825246059654,39.8749579186879,26.21245544929745,8,0.49999999999999994,-0.8660254037844387,-0.2993631229733582,-0.9541392564000488,-0.8660254037844385,-0.5000000000000004,51.260847,-0.546053,33
2019-08-17 11:00:00,28.743666666666666,61.88533333333336,100.2713333333334,4.733333333333333,0.44261072252467737,42.12579752360907,28.718170055023908,8,0.258819045102521,-0.9659258262890682,-0.2993631229733582,-0.9541392564000488,-0.8660254037844385,-0.5000000000000004,51.260847,-0.546053,33
2019-08-17 12:00:00,32.74300000000001,54.66383333333335,100.2551666666666,4.983333333333333,0.4681213917141174,51.457011609730756,33.3691495271256,8,1.2246467991473532e-16,-1.0,-0.2993631229733582,-0.9541392564000488,-0.8660254037844385,-0.5000000000000004,51.260847,-0.546053,33
2019-08-17 13:00:00,34.819999999999986,49.335499999999996,100.23449999999995,3.65,0.4483199945736574,42.117823395310424,29.280331630361157,8,-0.2588190451025208,-0.9659258262890683,-0.2993631229733582,-0.9541392564000488,-0.8660254037844385,-0.5000000000000004,51.260847,-0.546053,33
2019-08-17 14:00:00,34.94266666666666,46.49833333333333,100.21883333333325,3.2333333333333334,0.5157911487067808,45.02529203381055,30.13504454169898,8,-0.4999999999999997,-0.8660254037844388,-0.2993631229733582,-0.9541392564000488,-0.8660254037844385,-0.5000000000000004,51.260847,-0.546053,33
2019-08-17 15:00:00,36.802666666666646,40.21650000000003,100.23499999999993,2.7333333333333334,0.5366095577887654,46.73270652110475,28.964426270933547,8,-0.7071067811865471,-0.7071067811865479,-0.2993631229733582,-0.9541392564000488,-0.8660254037844385,-0.5000000000000004,51.260847,-0.546053,33
2019-08-17 16:00:00,29.708666666666673,45.13366666666666,100.24116666666662,3.8,0.543783878764079,32.09149724224214,18.466678987714467,8,-0.8660254037844385,-0.5000000000000004,-0.2993631229733582,-0.9541392564000488,-0.8660254037844385,-0.5000000000000004,51.260847,-0.546053,33
2019-08-17 17:00:00,27.98516666666665,46.350166666666716,100.23999999999997,3.533333333333333,0.49671444092604816,16.166249234737805,25.432197988540466,8,-0.9659258262890683,-0.25881904510252063,-0.2993631229733582,-0.9541392564000488,-0.8660254037844385,-0.5000000000000004,51.260847,-0.546053,33
2019-08-17 18:00:00,25.875833333333325,48.2973333333333,100.25233333333341,3.8,0.5373235077021938,19.203216572976586,25.475353356162024,8,-1.0,-1.8369701987210297e-16,-0.2993631229733582,-0.9541392564000488,-0.8660254037844385,-0.5000000000000004,51.260847,-0.546053,33
2019-08-17 19:00:00,24.11733333333334,50.162833333333325,100.28150000000012,4.066666666666666,0.4574984218624494,12.94953626373308,27.878467966923193,8,-0.9659258262890684,0.2588190451025203,-0.2993631229733582,-0.9541392564000488,-0.8660254037844385,-0.5000000000000004,51.260847,-0.546053,33
2019-08-17 20:00:00,22.757833333333345,51.74983333333335,100.28350000000006,5.666666666666667,0.435877290255788,15.032637697177153,28.15363557126933,8,-0.8660254037844386,0.5000000000000001,-0.2993631229733582,-0.9541392564000488,-0.8660254037844385,-0.5000000000000004,51.260847,-0.546053,33
2019-08-17 21:00:00,21.741499999999995,53.28416666666665,100.32499999999996,4.766666666666667,0.37286605636970516,9.326340220195542,29.955954299805473,8,-0.7071067811865477,0.7071067811865474,-0.2993631229733582,-0.9541392564000488,-0.8660254037844385,-0.5000000000000004,51.260847,-0.546053,33
2019-08-17 22:00:00,21.299166666666686,54.14716666666668,100.29500000000007,7.666666666666667,0.3675957885154314,11.731128017667977,28.95708931779951,8,-0.5000000000000004,0.8660254037844384,-0.2993631229733582,-0.9541392564000488,-0.8660254037844385,-0.5000000000000004,51.260847,-0.546053,33
2019-08-17 23:00:00,20.99983333333335,54.441833333333335,100.26016666666654,3.4166666666666665,0.3086013459472001,11.162641302520774,29.156141484093514,8,-0.25881904510252157,0.9659258262890681,-0.2993631229733582,-0.9541392564000488,-0.8660254037844385,-0.5000000000000004,51.260847,-0.546053,33
2019-08-18 00:00:00,20.65033333333333,54.82566666666666,100.2213333333333,2.183333333333333,0.300863582457205,13.545311618614386,26.364448267377497,8,0.0,1.0,-0.4853019625310808,-0.8743466161445822,-0.8660254037844385,-0.5000000000000004,51.260847,-0.546053,33
2019-08-18 01:00:00,20.435166666666667,55.08900000000002,100.21266666666664,2.5,0.2634611826571229,14.054174707230967,25.990389982199485,8,0.25881904510252074,0.9659258262890683,-0.4853019625310808,-0.8743466161445822,-0.8660254037844385,-0.5000000000000004,51.260847,-0.546053,33
2019-08-18 02:00:00,19.867500000000007,56.01866666666668,100.16550000000005,1.95,0.25193785516662803,12.813812274584969,27.035039863107844,8,0.49999999999999994,0.8660254037844387,-0.4853019625310808,-0.8743466161445822,-0.8660254037844385,-0.5000000000000004,51.260847,-0.546053,33
2019-08-18 03:00:00,19.71716666666669,56.907666666666664,100.12883333333333,1.9166666666666667,0.23937335765667678,11.94261314154014,28.942848850835723,8,0.7071067811865476,0.7071067811865476,-0.4853019625310808,-0.8743466161445822,-0.8660254037844385,-0.5000000000000004,51.260847,-0.546053,33
2019-08-18 04:00:00,19.63216666666668,57.870666666666665,100.0855,2.316666666666667,0.23680214576156233,12.441359293985606,29.991546760887314,8,0.8660254037844386,0.5000000000000001,-0.4853019625310808,-0.8743466161445822,-0.8660254037844385,-0.5000000000000004,51.260847,-0.546053,33
2019-08-18 05:00:00,19.6655,57.98033333333334,100.04199999999999,2.4,0.2374532407761097,13.699665383716617,30.771283440591294,8,0.9659258262890683,0.25881904510252074,-0.4853019625310808,-0.8743466161445822,-0.8660254037844385,-0.5000000000000004,51.260847,-0.546053,33
2019-08-18 06:00:00,19.62683333333333,58.657666666666636,100.02983333333331,1.95,0.24622649804544572,17.042860602701918,29.986391509710838,8,1.0,6.123233995736766e-17,-0.4853019625310808,-0.8743466161445822,-0.8660254037844385,-0.5000000000000004,51.260847,-0.546053,33
2019-08-18 07:00:00,20.150500000000005,58.34916666666672,100.03800000000007,2.1166666666666667,0.2516787348053478,18.592899475861294,28.714343317029343,8,0.9659258262890683,-0.25881904510252063,-0.4853019625310808,-0.8743466161445822,-0.8660254037844385,-0.5000000000000004,51.260847,-0.546053,33
2019-08-18 08:00:00,21.38566666666666,57.48716666666668,100.06466666666674,1.8333333333333333,0.3339308522571086,27.40326819496659,26.73642788192295,8,0.8660254037844387,-0.4999999999999998,-0.4853019625310808,-0.8743466161445822,-0.8660254037844385,-0.5000000000000004,51.260847,-0.546053,33
2019-08-18 09:00:00,21.74183333333332,56.61583333333336,100.1573333333333,2.3833333333333333,0.3138073398425647,35.825146558033985,25.846707240108305,8,0.7071067811865476,-0.7071067811865475,-0.4853019625310808,-0.8743466161445822,-0.8660254037844385,-0.5000000000000004,51.260847,-0.546053,33
2019-08-18 10:00:00,20.827499999999993,58.409499999999994,100.20516666666663,11.816666666666666,0.46107664794816394,51.510190929799066,24.22736357223873,8,0.49999999999999994,-0.8660254037844387,-0.4853019625310808,-0.8743466161445822,-0.8660254037844385,-0.5000000000000004,51.260847,-0.546053,33
2019-08-18 11:00:00,25.004500000000004,57.37950000000001,100.20316666666665,2.65,0.4968222100208844,36.881176588874766,30.697712957239805,8,0.258819045102521,-0.9659258262890682,-0.4853019625310808,-0.8743466161445822,-0.8660254037844385,-0.5000000000000004,51.260847,-0.546053,33
2019-08-18 12:00:00,29.804500000000004,52.60450000000002,100.22566666666656,2.6333333333333333,0.4083653566570875,42.8576152442532,34.00318728785857,8,1.2246467991473532e-16,-1.0,-0.4853019625310808,-0.8743466161445822,-0.8660254037844385,-0.5000000000000004,51.260847,-0.546053,33
2019-08-18 13:00:00,32.406833333333346,47.81166666666671,100.23599999999993,0.8166666666666667,0.4103886902879173,43.07805570828597,44.13075556224287,8,-0.2588190451025208,-0.9659258262890683,-0.4853019625310808,-0.8743466161445822,-0.8660254037844385,-0.5000000000000004,51.260847,-0.546053,33
2019-08-18 14:00:00,34.21683333333332,42.83816666666669,100.28200000000002,0.85,0.43007390992985023,48.7329715308806,37.63730211306954,8,-0.4999999999999997,-0.8660254037844388,-0.4853019625310808,-0.8743466161445822,-0.8660254037844385,-0.5000000000000004,51.260847,-0.546053,33
2019-08-18 15:00:00,33.32483333333332,40.88316666666667,100.34633333333343,0.7166666666666667,0.4205263416096957,23.885219015503207,33.62578165583736,8,-0.7071067811865471,-0.7071067811865479,-0.4853019625310808,-0.8743466161445822,-0.8660254037844385,-0.5000000000000004,51.260847,-0.546053,33
2019-08-18 16:00:00,30.29183333333333,42.11,100.38666666666661,1.0833333333333333,0.4198632583760242,22.392615040422495,29.380936399968068,8,-0.8660254037844385,-0.5000000000000004,-0.4853019625310808,-0.8743466161445822,-0.8660254037844385,-0.5000000000000004,51.260847,-0.546053,33
2019-08-18 17:00:00,27.100500000000007,44.935666666666684,100.43733333333331,1.8666666666666667,0.35639159816503946,10.322326420707563,29.9784480780516,8,-0.9659258262890683,-0.25881904510252063,-0.4853019625310808,-0.8743466161445822,-0.8660254037844385,-0.5000000000000004,51.260847,-0.546053,33
2019-08-18 18:00:00,24.771333333333338,47.4925,100.46366666666673,17.916666666666668,0.4534188172714782,15.706382333621965,28.357802711070043,8,-1.0,-1.8369701987210297e-16,-0.4853019625310808,-0.8743466161445822,-0.8660254037844385,-0.5000000000000004,51.260847,-0.546053,33
2019-08-18 19:00:00,22.653333333333325,49.56266666666664,100.52400000000009,2.1666666666666665,0.3259518523463578,10.319199588579657,29.39636425581424,8,-0.9659258262890684,0.2588190451025203,-0.4853019625310808,-0.8743466161445822,-0.8660254037844385,-0.5000000000000004,51.260847,-0.546053,33
2019-08-18 20:00:00,20.13833333333333,54.43166666666669,100.59199999999996,1.55,0.3208820768612889,11.482606582430371,25.280810767151817,8,-0.8660254037844386,0.5000000000000001,-0.4853019625310808,-0.8743466161445822,-0.8660254037844385,-0.5000000000000004,51.260847,-0.546053,33
2019-08-18 21:00:00,19.08216666666667,57.22249999999997,100.63733333333327,1.8166666666666667,0.2892566439498063,12.73778565432165,24.5770130454875,8,-0.7071067811865477,0.7071067811865474,-0.4853019625310808,-0.8743466161445822,-0.8660254037844385,-0.5000000000000004,51.260847,-0.546053,33
2019-08-18 22:00:00,18.490666666666666,57.71583333333335,100.70250000000004,2.8,0.2594981907430875,12.740894564480227,26.579977997799155,8,-0.5000000000000004,0.8660254037844384,-0.4853019625310808,-0.8743466161445822,-0.8660254037844385,-0.5000000000000004,51.260847,-0.546053,33
2019-08-18 23:00:00,18.09466666666667,57.9713333333333,100.75516666666674,2.8666666666666667,0.23129179187119578,16.438543197394246,23.824582375042898,8,-0.25881904510252157,0.9659258262890681,-0.4853019625310808,-0.8743466161445822,-0.8660254037844385,-0.5000000000000004,51.260847,-0.546053,33
2019-08-19 00:00:00,17.708499999999997,57.62966666666663,100.79016666666668,2.8333333333333335,0.20600537957624562,12.583656231743863,28.81448641728628,8,0.0,1.0,-0.651372482722222,-0.7587581226927911,-0.8660254037844385,-0.5000000000000004,51.260847,-0.546053,33
2019-08-19 01:00:00,17.39033333333333,57.70233333333335,100.8083333333334,2.6333333333333333,0.19672653959980715,12.374790197710592,30.18654438146547,8,0.25881904510252074,0.9659258262890683,-0.651372482722222,-0.7587581226927911,-0.8660254037844385,-0.5000000000000004,51.260847,-0.546053,33
2019-08-19 02:00:00,17.490833333333327,58.24299999999999,100.82083333333328,2.05,0.1877600252753333,12.13240976648518,28.47340186792128,8,0.49999999999999994,0.8660254037844387,-0.651372482722222,-0.7587581226927911,-0.8660254037844385,-0.5000000000000004,51.260847,-0.546053,33
2019-08-19 03:00:00,17.425666666666658,58.70616666666664,100.83050000000003,1.7166666666666666,0.1798107310211877,12.98624543894162,28.308170985992707,8,0.7071067811865476,0.7071067811865476,-0.651372482722222,-0.7587581226927911,-0.8660254037844385,-0.5000000000000004,51.260847,-0.546053,33
2019-08-19 04:00:00,17.30283333333332,59.166833333333344,100.8756666666667,1.7166666666666666,0.17655552462381527,14.44515830390432,27.686398341353193,8,0.8660254037844386,0.5000000000000001,-0.651372482722222,-0.7587581226927911,-0.8660254037844385,-0.5000000000000004,51.260847,-0.546053,33
2019-08-19 05:00:00,17.208166666666667,59.35149999999996,100.91366666666667,2.816666666666667,0.1834073481248773,16.641542660056462,27.6795506065609,8,0.9659258262890683,0.25881904510252074,-0.651372482722222,-0.7587581226927911,-0.8660254037844385,-0.5000000000000004,51.260847,-0.546053,33
2019-08-19 06:00:00,17.591833333333327,59.4575,100.95583333333329,2.5166666666666666,0.2703745857951198,28.986291051488653,25.28840021365734,8,1.0,6.123233995736766e-17,-0.651372482722222,-0.7587581226927911,-0.8660254037844385,-0.5000000000000004,51.260847,-0.546053,33
2019-08-19 07:00:00,18.728833333333327,59.06033333333327,100.9955,5.6,0.3602146367027827,60.40451494563346,16.910137333970642,8,0.9659258262890683,-0.25881904510252063,-0.651372482722222,-0.7587581226927911,-0.8660254037844385,-0.5000000000000004,51.260847,-0.546053,33
2019-08-19 08:00:00,20.861333333333334,57.67333333333334,101.01433333333333,2.9,0.3811681516520001,43.41524254265508,22.51131329466445,8,0.8660254037844387,-0.4999999999999998,-0.651372482722222,-0.7587581226927911,-0.8660254037844385,-0.5000000000000004,51.260847,-0.546053,33
2019-08-19 09:00:00,24.031000000000002,54.6923333333333,101.05366666666664,2.2333333333333334,0.38939685314959915,40.89444186684573,27.783666110037828,8,0.7071067811865476,-0.7071067811865475,-0.651372482722222,-0.7587581226927911,-0.8660254037844385,-0.5000000000000004,51.260847,-0.546053,33
2019-08-19 10:00:00,26.89116666666666,51.65049999999999,101.08466666666666,1.1333333333333333,0.3736802184102957,37.32902212762105,29.42108546798346,8,0.49999999999999994,-0.8660254037844387,-0.651372482722222,-0.7587581226927911,-0.8660254037844385,-0.5000000000000004,51.260847,-0.546053,33
2019-08-19 11:00:00,29.870333333333328,47.23216666666666,101.11250000000004,1.2333333333333334,0.4330501631829782,40.74054237424711,34.51313036896297,8,0.258819045102521,-0.9659258262890682,-0.651372482722222,-0.7587581226927911,-0.8660254037844385,-0.5000000000000004,51.260847,-0.546053,33
2019-08-19 12:00:00,29.500666666666636,46.66100000000002,101.126,1.1166666666666667,0.4300403444299661,41.809480159937536,31.095155006676688,8,1.2246467991473532e-16,-1.0,-0.651372482722222,-0.7587581226927911,-0.8660254037844385,-0.5000000000000004,51.260847,-0.546053,33
2019-08-19 13:00:00,31.24316666666667,45.07733333333336,101.18749999999996,0.3333333333333333,0.362751049461828,30.802805662437105,37.35061838687258,8,-0.2588190451025208,-0.9659258262890683,-0.651372482722222,-0.7587581226927911,-0.8660254037844385,-0.5000000000000004,51.260847,-0.546053,33
2019-08-19 14:00:00,36.91783333333335,39.69316666666667,101.21583333333338,0.3333333333333333,0.36491868068471894,40.48750476190285,39.753494805015336,8,-0.4999999999999997,-0.8660254037844388,-0.651372482722222,-0.7587581226927911,-0.8660254037844385,-0.5000000000000004,51.260847,-0.546053,33
2019-08-19 15:00:00,31.71716666666668,42.26149999999999,101.27433333333336,16.0,0.5567752787248093,66.83006453368735,19.925330327768773,8,-0.7071067811865471,-0.7071067811865479,-0.651372482722222,-0.7587581226927911,-0.8660254037844385,-0.5000000000000004,51.260847,-0.546053,33
2019-08-19 16:00:00,30.32166666666664,42.31466666666664,101.30116666666667,1.0833333333333333,0.49034200996019445,30.2521688110094,23.84231201612533,8,-0.8660254037844385,-0.5000000000000004,-0.651372482722222,-0.7587581226927911,-0.8660254037844385,-0.5000000000000004,51.260847,-0.546053,33
2019-08-19 17:00:00,28.29383333333333,42.808333333333344,101.32283333333335,2.033333333333333,0.5064658468129161,37.10102948913483,18.99579680715916,8,-0.9659258262890683,-0.25881904510252063,-0.651372482722222,-0.7587581226927911,-0.8660254037844385,-0.5000000000000004,51.260847,-0.546053,33
2019-08-19 18:00:00,25.14099999999998,45.39800000000001,101.381,2.1,0.42746812594827127,21.928723566237412,23.098405720915874,8,-1.0,-1.8369701987210297e-16,-0.651372482722222,-0.7587581226927911,-0.8660254037844385,-0.5000000000000004,51.260847,-0.546053,33
2019-08-19 19:00:00,23.008500000000005,48.12233333333336,101.42999999999988,7.533333333333333,0.5829112046837904,41.54094229082599,20.630268820411725,8,-0.9659258262890684,0.2588190451025203,-0.651372482722222,-0.7587581226927911,-0.8660254037844385,-0.5000000000000004,51.260847,-0.546053,33
2019-08-19 20:00:00,21.57433333333334,49.77466666666667,101.49633333333333,6.55,0.5137719019688344,29.611970220503157,25.23829044079137,8,-0.8660254037844386,0.5000000000000001,-0.651372482722222,-0.7587581226927911,-0.8660254037844385,-0.5000000000000004,51.260847,-0.546053,33
2019-08-19 21:00:00,20.24966666666666,51.74116666666668,101.56766666666665,5.366666666666666,0.39306017364296825,11.614930744330687,28.209937593471622,8,-0.7071067811865477,0.7071067811865474,-0.651372482722222,-0.7587581226927911,-0.8660254037844385,-0.5000000000000004,51.260847,-0.546053,33
2019-08-19 22:00:00,19.4825,52.851499999999994,101.60633333333323,4.883333333333334,0.3642147171697337,13.20995704722949,29.984634697700802,8,-0.5000000000000004,0.8660254037844384,-0.651372482722222,-0.7587581226927911,-0.8660254037844385,-0.5000000000000004,51.260847,-0.546053,33
2019-08-19 23:00:00,18.894333333333332,53.063833333333335,101.65633333333328,4.55,0.3539087615443658,16.332176117974168,30.335366476445312,8,-0.25881904510252157,0.9659258262890681,-0.651372482722222,-0.7587581226927911,-0.8660254037844385,-0.5000000000000004,51.260847,-0.546053,33
2019-08-20 00:00:00,18.21833333333333,53.81700000000005,101.69449999999989,4.35,0.30139386059297085,13.802580392506352,29.223713983692758,8,0.0,1.0,-0.7907757369376986,-0.6121059825476627,-0.8660254037844385,-0.5000000000000004,51.260847,-0.546053,33
2019-08-20 01:00:00,17.58783333333332,53.9245,101.69566666666665,4.433333333333334,0.29270281420131017,14.537141243632684,31.080763535916596,8,0.25881904510252074,0.9659258262890683,-0.7907757369376986,-0.6121059825476627,-0.8660254037844385,-0.5000000000000004,51.260847,-0.546053,33
2019-08-20 02:00:00,16.882833333333334,54.15016666666665,101.68800000000002,3.8666666666666667,0.28425620941399055,16.63859458434956,28.12104024706722,8,0.49999999999999994,0.8660254037844387,-0.7907757369376986,-0.6121059825476627,-0.8660254037844385,-0.5000000000000004,51.260847,-0.546053,33
2019-08-20 03:00:00,16.44249999999999,54.72183333333334,101.71083333333338,3.5,0.27758003527122793,14.726867587839918,27.90021208620503,8,0.7071067811865476,0.7071067811865476,-0.7907757369376986,-0.6121059825476627,-0.8660254037844385,-0.5000000000000004,51.260847,-0.546053,33
2019-08-20 04:00:00,16.122333333333337,55.349166666666655,101.73216666666657,3.683333333333333,0.2701384920479088,13.508262725384698,27.197561828598836,8,0.8660254037844386,0.5000000000000001,-0.7907757369376986,-0.6121059825476627,-0.8660254037844385,-0.5000000000000004,51.260847,-0.546053,33
2019-08-20 05:00:00,16.19716666666666,56.02733333333334,101.75000000000004,3.7,0.2920358522035593,17.454883940421666,26.498932835940973,8,0.9659258262890683,0.25881904510252074,-0.7907757369376986,-0.6121059825476627,-0.8660254037844385,-0.5000000000000004,51.260847,-0.546053,33
2019-08-20 06:00:00,16.593666666666664,56.20099999999998,101.81266666666669,5.516666666666667,0.41494227228102737,34.05692391279139,23.848255318142364,8,1.0,6.123233995736766e-17,-0.7907757369376986,-0.6121059825476627,-0.8660254037844385,-0.5000000000000004,51.260847,-0.546053,33
2019-08-20 07:00:00,17.582500000000003,55.90066666666667,101.88133333333327,7.333333333333333,0.6038931311068666,54.80842367179862,19.459885659913308,8,0.9659258262890683,-0.25881904510252063,-0.7907757369376986,-0.6121059825476627,-0.8660254037844385,-0.5000000000000004,51.260847,-0.546053,33
2019-08-20 08:00:00,19.11,55.31466666666668,101.93416666666663,6.533333333333333,0.4801124376059834,50.2908822031787,17.70300398004961,8,0.8660254037844387,-0.4999999999999998,-0.7907757369376986,-0.6121059825476627,-0.8660254037844385,-0.5000000000000004,51.260847,-0.546053,33
2019-08-20 09:00:00,23.904666666666675,50.93233333333332,101.96616666666658,3.4,0.38730131017617747,33.15493780762168,25.10086069187986,8,0.7071067811865476,-0.7071067811865475,-0.7907757369376986,-0.6121059825476627,-0.8660254037844385,-0.5000000000000004,51.260847,-0.546053,33
2019-08-20 10:00:00,29.3145,45.808499999999995,102.00166666666672,2.533333333333333,0.38682855884190415,33.72948844892529,28.35018421488467,8,0.49999999999999994,-0.8660254037844387,-0.7907757369376986,-0.6121059825476627,-0.8660254037844385,-0.5000000000000004,51.260847,-0.546053,33
2019-08-20 11:00:00,33.56533333333332,41.42149999999997,102.01400000000004,2.35,0.4146174361958481,38.90670039063955,31.36746009773996,8,0.258819045102521,-0.9659258262890682,-0.7907757369376986,-0.6121059825476627,-0.8660254037844385,-0.5000000000000004,51.260847,-0.546053,33
2019-08-20 12:00:00,36.66416666666666,37.47,102.02616666666678,2.45,0.4228777240776109,48.949130832646055,35.694991525742125,8,1.2246467991473532e-16,-1.0,-0.7907757369376986,-0.6121059825476627,-0.8660254037844385,-0.5000000000000004,51.260847,-0.546053,33
2019-08-20 13:00:00,40.29083333333333,33.01833333333334,102.03166666666675,2.65,0.4397560013565859,54.156456882116,36.94230098448137,8,-0.2588190451025208,-0.9659258262890683,-0.7907757369376986,-0.6121059825476627,-0.8660254037844385,-0.5000000000000004,51.260847,-0.546053,33
2019-08-20 14:00:00,38.77566666666667,34.52783333333333,102.06466666666671,2.0833333333333335,0.4251501613979973,31.664537663453356,35.88710486388004,8,-0.4999999999999997,-0.8660254037844388,-0.7907757369376986,-0.6121059825476627,-0.8660254037844385,-0.5000000000000004,51.260847,-0.546053,33
2019-08-20 15:00:00,41.104333333333344,31.160499999999995,102.09516666666663,3.3,0.40767850132981115,39.859869337650466,31.35711843001246,8,-0.7071067811865471,-0.7071067811865479,-0.7907757369376986,-0.6121059825476627,-0.8660254037844385,-0.5000000000000004,51.260847,-0.546053,33
2019-08-20 16:00:00,40.14800000000004,31.084000000000007,102.12850000000009,3.4833333333333334,0.415829850811274,38.17147658161505,19.476319763674738,8,-0.8660254037844385,-0.5000000000000004,-0.7907757369376986,-0.6121059825476627,-0.8660254037844385,-0.5000000000000004,51.260847,-0.546053,33
2019-08-20 17:00:00,35.19200000000001,33.92733333333333,102.16899999999993,2.9833333333333334,0.38450579597665224,15.876658398735161,25.720767016855657,8,-0.9659258262890683,-0.25881904510252063,-0.7907757369376986,-0.6121059825476627,-0.8660254037844385,-0.5000000000000004,51.260847,-0.546053,33
2019-08-20 18:00:00,28.259500000000006,37.464666666666666,102.2216666666666,3.466666666666667,0.34068694786070003,11.287111283508345,28.3637068043584,8,-1.0,-1.8369701987210297e-16,-0.7907757369376986,-0.6121059825476627,-0.8660254037844385,-0.5000000000000004,51.260847,-0.546053,33
2019-08-20 19:00:00,25.087833333333336,39.07833333333334,102.2665,3.566666666666667,0.34714663777377147,13.247999150190413,28.364741856494195,8,-0.9659258262890684,0.2588190451025203,-0.7907757369376986,-0.6121059825476627,-0.8660254037844385,-0.5000000000000004,51.260847,-0.546053,33
2019-08-20 20:00:00,23.149833333333333,39.98799999999999,102.31866666666672,7.483333333333333,0.5925865035431876,20.688147340134602,25.634610524008355,8,-0.8660254037844386,0.5000000000000001,-0.7907757369376986,-0.6121059825476627,-0.8660254037844385,-0.5000000000000004,51.260847,-0.546053,33
2019-08-20 21:00:00,21.913833333333336,40.670666666666676,102.36583333333344,10.916666666666666,0.5385854872463096,20.37108346321895,26.976680683108775,8,-0.7071067811865477,0.7071067811865474,-0.7907757369376986,-0.6121059825476627,-0.8660254037844385,-0.5000000000000004,51.260847,-0.546053,33
2019-08-20 22:00:00,20.747499999999995,41.38450000000001,102.41133333333339,7.9,0.4657092545561643,13.305786946068592,28.27817687363114,8,-0.5000000000000004,0.8660254037844384,-0.7907757369376986,-0.6121059825476627,-0.8660254037844385,-0.5000000000000004,51.260847,-0.546053,33
2019-08-20 23:00:00,19.733500000000014,42.06483333333333,102.4308333333334,8.433333333333334,0.4119173585134677,9.708486363720844,29.503577498672534,8,-0.25881904510252157,0.9659258262890681,-0.7907757369376986,-0.6121059825476627,-0.8660254037844385,-0.5000000000000004,51.260847,-0.546053,33
2019-08-21 00:00:00,18.986833333333333,43.08716666666668,102.43483333333322,7.933333333333334,0.3727224247898185,8.97801691536979,27.131668486386502,8,0.0,1.0,-0.8978045395707417,-0.44039415155763423,-0.8660254037844385,-0.5000000000000004,51.260847,-0.546053,33
2019-08-21 01:00:00,18.527,43.62683333333333,102.4399999999999,7.316666666666666,0.34131675697481373,10.608784870459345,26.702783346504155,8,0.25881904510252074,0.9659258262890683,-0.8978045395707417,-0.44039415155763423,-0.8660254037844385,-0.5000000000000004,51.260847,-0.546053,33
2019-08-21 02:00:00,18.036833333333334,44.06116666666666,102.42833333333337,7.483333333333333,0.3214847081377291,10.607082600909212,29.827478527800526,8,0.49999999999999994,0.8660254037844387,-0.8978045395707417,-0.44039415155763423,-0.8660254037844385,-0.5000000000000004,51.260847,-0.546053,33
2019-08-21 03:00:00,16.704666666666665,44.179166666666646,102.42750000000001,9.95,0.31777107723613507,10.90015521118761,36.91205045221285,8,0.7071067811865476,0.7071067811865476,-0.8978045395707417,-0.44039415155763423,-0.8660254037844385,-0.5000000000000004,51.260847,-0.546053,33
2019-08-21 04:00:00,15.455499999999997,44.643500000000024,102.44483333333318,11.016666666666667,0.30711020145297463,10.522745054050272,37.34555564970771,8,0.8660254037844386,0.5000000000000001,-0.8978045395707417,-0.44039415155763423,-0.8660254037844385,-0.5000000000000004,51.260847,-0.546053,33
2019-08-21 05:00:00,14.66183333333333,44.987166666666674,102.44299999999997,10.65,0.33358411723756315,16.177346904470106,35.5326377185708,8,0.9659258262890683,0.25881904510252074,-0.8978045395707417,-0.44039415155763423,-0.8660254037844385,-0.5000000000000004,51.260847,-0.546053,33
2019-08-21 06:00:00,14.491333333333332,45.56816666666664,102.4751666666667,13.016666666666667,0.446235270513896,54.74650598255608,18.71502383042894,8,1.0,6.123233995736766e-17,-0.8978045395707417,-0.44039415155763423,-0.8660254037844385,-0.5000000000000004,51.260847,-0.546053,33
2019-08-21 07:00:00,16.135166666666667,46.85549999999999,102.49316666666668,12.55,0.5868199279581601,53.82808713372344,16.175680665550548,8,0.9659258262890683,-0.25881904510252063,-0.8978045395707417,-0.44039415155763423,-0.8660254037844385,-0.5000000000000004,51.260847,-0.546053,33
2019-08-21 08:00:00,20.206333333333344,47.23949999999998,102.50783333333344,7.266666666666667,0.6171777088695715,47.60910210397223,15.341700370950255,8,0.8660254037844387,-0.4999999999999998,-0.8978045395707417,-0.44039415155763423,-0.8660254037844385,-0.5000000000000004,51.260847,-0.546053,33
2019-08-21 09:00:00,23.722499999999993,45.33649999999998,102.47266666666668,5.466666666666667,0.6699891593095691,47.720516177486374,17.68593075596201,8,0.7071067811865476,-0.7071067811865475,-0.8978045395707417,-0.44039415155763423,-0.8660254037844385,-0.5000000000000004,51.260847,-0.546053,33
2019-08-21 10:00:00,27.13116666666667,42.11466666666668,102.46300000000002,6.6,0.5723790887314142,54.5458467297105,12.735130742650473,8,0.49999999999999994,-0.8660254037844387,-0.8978045395707417,-0.44039415155763423,-0.8660254037844385,-0.5000000000000004,51.260847,-0.546053,33
2019-08-21 11:00:00,30.407499999999995,38.65683333333334,102.44116666666667,9.083333333333334,0.6350747312353857,55.61689488313732,20.70242327424183,8,0.258819045102521,-0.9659258262890682,-0.8978045395707417,-0.44039415155763423,-0.8660254037844385,-0.5000000000000004,51.260847,-0.546053,33
2019-08-21 12:00:00,33.497666666666674,34.75166666666667,102.39866666666668,6.3,0.5953447891758741,48.223748009957504,30.34751694856471,8,1.2246467991473532e-16,-1.0,-0.8978045395707417,-0.44039415155763423,-0.8660254037844385,-0.5000000000000004,51.260847,-0.546053,33
2019-08-21 13:00:00,34.07116666666668,33.36416666666664,102.35116666666657,5.433333333333334,0.6400676239401673,52.83054847219113,29.009251251612053,8,-0.2588190451025208,-0.9659258262890683,-0.8978045395707417,-0.44039415155763423,-0.8660254037844385,-0.5000000000000004,51.260847,-0.546053,33
2019-08-21 14:00:00,34.273333333333326,33.29716666666667,102.32733333333336,5.283333333333333,0.5748703829498599,41.81744552193679,25.57130152215251,8,-0.4999999999999997,-0.8660254037844388,-0.8978045395707417,-0.44039415155763423,-0.8660254037844385,-0.5000000000000004,51.260847,-0.546053,33
2019-08-21 15:00:00,35.606166666666674,31.870833333333326,102.28133333333338,5.7,0.6383854777502097,41.329563912088965,29.518378138364955,8,-0.7071067811865471,-0.7071067811865479,-0.8978045395707417,-0.44039415155763423,-0.8660254037844385,-0.5000000000000004,51.260847,-0.546053,33
2019-08-21 16:00:00,34.04333333333334,33.02683333333333,102.24883333333328,6.933333333333334,0.6700399692269241,39.07176284662727,17.796342902110492,8,-0.8660254037844385,-0.5000000000000004,-0.8978045395707417,-0.44039415155763423,-0.8660254037844385,-0.5000000000000004,51.260847,-0.546053,33
2019-08-21 17:00:00,30.665833333333328,35.369166666666665,102.2389999999999,6.733333333333333,0.5619430071934739,32.33290025535339,15.091982814098879,8,-0.9659258262890683,-0.25881904510252063,-0.8978045395707417,-0.44039415155763423,-0.8660254037844385,-0.5000000000000004,51.260847,-0.546053,33
2019-08-21 18:00:00,26.701833333333347,37.59950000000001,102.25266666666663,6.366666666666666,0.5709897986898242,33.710225574042106,12.658971126641406,8,-1.0,-1.8369701987210297e-16,-0.8978045395707417,-0.44039415155763423,-0.8660254037844385,-0.5000000000000004,51.260847,-0.546053,33
2019-08-21 19:00:00,24.414166666666667,38.82183333333333,102.25483333333338,7.5,0.5368961852096459,21.200711322145285,16.22732771982815,8,-0.9659258262890684,0.2588190451025203,-0.8978045395707417,-0.44039415155763423,-0.8660254037844385,-0.5000000000000004,51.260847,-0.546053,33
2019-08-21 20:00:00,22.55883333333334,41.186333333333344,102.27283333333338,9.633333333333333,0.5022515563964802,11.875737472095874,17.876781673304865,8,-0.8660254037844386,0.5000000000000001,-0.8978045395707417,-0.44039415155763423,-0.8660254037844385,-0.5000000000000004,51.260847,-0.546053,33
2019-08-21 21:00:00,21.202166666666656,42.94716666666667,102.29083333333342,9.683333333333334,0.4825694776074112,15.134904720998309,21.16725462735108,8,-0.7071067811865477,0.7071067811865474,-0.8978045395707417,-0.44039415155763423,-0.8660254037844385,-0.5000000000000004,51.260847,-0.546053,33
2019-08-21 22:00:00,19.980333333333327,44.215499999999984,102.31633333333328,9.383333333333333,0.4427886121057423,11.319428220341287,21.629909829072197,8,-0.5000000000000004,0.8660254037844384,-0.8978045395707417,-0.44039415155763423,-0.8660254037844385,-0.5000000000000004,51.260847,-0.546053,33
2019-08-21 23:00:00,19.08716666666667,45.422999999999995,102.28983333333329,10.516666666666667,0.37682992242471836,9.255347215536949,19.109813773868588,8,-0.25881904510252157,0.9659258262890681,-0.8978045395707417,-0.44039415155763423,-0.8660254037844385,-0.5000000000000004,51.260847,-0.546053,33
2019-08-22 00:00:00,18.686666666666657,46.81683333333331,102.25399999999996,9.85,0.36348936179783287,8.418481775773806,17.46303187902481,8,0.0,1.0,-0.9680771188662041,-0.2506525322587213,-0.8660254037844385,-0.5000000000000004,51.260847,-0.546053,33
2019-08-22 01:00:00,18.405166666666673,47.54983333333334,102.23816666666663,10.266666666666667,0.3361378160398407,9.58482395933934,21.626701421998792,8,0.25881904510252074,0.9659258262890683,-0.9680771188662041,-0.2506525322587213,-0.8660254037844385,-0.5000000000000004,51.260847,-0.546053,33
2019-08-22 02:00:00,17.884333333333345,48.84783333333334,102.22233333333335,10.916666666666666,0.32870818156828446,9.148070421842165,19.327225318643787,8,0.49999999999999994,0.8660254037844387,-0.9680771188662041,-0.2506525322587213,-0.8660254037844385,-0.5000000000000004,51.260847,-0.546053,33
2019-08-22 03:00:00,17.564166666666665,49.91016666666666,102.22633333333341,10.683333333333334,0.3111079016832372,10.377803234695044,21.509601152202485,8,0.7071067811865476,0.7071067811865476,-0.9680771188662041,-0.2506525322587213,-0.8660254037844385,-0.5000000000000004,51.260847,-0.546053,33
2019-08-22 04:00:00,17.38066666666668,50.799166666666665,102.21850000000002,10.25,0.2988711654142048,11.541012349784468,20.556963922247807,8,0.8660254037844386,0.5000000000000001,-0.9680771188662041,-0.2506525322587213,-0.8660254037844385,-0.5000000000000004,51.260847,-0.546053,33
2019-08-22 05:00:00,17.209000000000003,50.90350000000003,102.21300000000001,9.583333333333334,0.32582742159470207,15.207435814178119,21.375258486271584,8,0.9659258262890683,0.25881904510252074,-0.9680771188662041,-0.2506525322587213,-0.8660254037844385,-0.5000000000000004,51.260847,-0.546053,33
2019-08-22 06:00:00,17.080499999999994,51.126999999999974,102.21999999999986,10.233333333333333,0.4033905371008338,32.4592349943997,15.69349692843297,8,1.0,6.123233995736766e-17,-0.9680771188662041,-0.2506525322587213,-0.8660254037844385,-0.5000000000000004,51.260847,-0.546053,33
2019-08-22 07:00:00,17.899166666666666,52.05916666666666,102.25850000000013,10.5,0.4704299753315604,35.88663486953987,14.677362795222617,8,0.9659258262890683,-0.25881904510252063,-0.9680771188662041,-0.2506525322587213,-0.8660254037844385,-0.5000000000000004,51.260847,-0.546053,33
2019-08-22 08:00:00,20.23116666666668,51.14666666666667,102.25416666666669,9.483333333333333,0.5523377152955036,42.10991107924792,16.87896649684321,8,0.8660254037844387,-0.4999999999999998,-0.9680771188662041,-0.2506525322587213,-0.8660254037844385,-0.5000000000000004,51.260847,-0.546053,33
2019-08-22 09:00:00,24.89716666666667,47.104166666666664,102.24800000000003,6.566666666666666,0.5170907276654231,46.26986229901413,19.233262758671604,8,0.7071067811865476,-0.7071067811865475,-0.9680771188662041,-0.2506525322587213,-0.8660254037844385,-0.5000000000000004,51.260847,-0.546053,33
2019-08-22 10:00:00,29.95166666666666,40.84583333333333,102.2406666666666,5.583333333333333,0.5668533219570535,57.05507670477039,20.44317498552003,8,0.49999999999999994,-0.8660254037844387,-0.9680771188662041,-0.2506525322587213,-0.8660254037844385,-0.5000000000000004,51.260847,-0.546053,33
2019-08-22 11:00:00,34.51966666666667,35.73533333333333,102.22233333333325,6.316666666666666,0.5528210774146334,46.35358080639779,33.82078350183556,8,0.258819045102521,-0.9659258262890682,-0.9680771188662041,-0.2506525322587213,-0.8660254037844385,-0.5000000000000004,51.260847,-0.546053,33
2019-08-22 12:00:00,38.994666666666674,31.86333333333334,102.20649999999992,4.383333333333334,0.6304640765399924,64.57781220778544,36.987752009123284,8,1.2246467991473532e-16,-1.0,-0.9680771188662041,-0.2506525322587213,-0.8660254037844385,-0.5000000000000004,51.260847,-0.546053,33
2019-08-22 13:00:00,41.283499999999975,29.83450000000001,102.17533333333328,5.583333333333333,0.6451566570158686,63.10403418241046,39.09113421079185,8,-0.2588190451025208,-0.9659258262890683,-0.9680771188662041,-0.2506525322587213,-0.8660254037844385,-0.5000000000000004,51.260847,-0.546053,33
2019-08-22 14:00:00,39.36433333333334,30.603000000000012,102.18049999999995,5.383333333333334,0.6366479125359228,39.66837349852303,25.541129390473653,8,-0.4999999999999997,-0.8660254037844388,-0.9680771188662041,-0.2506525322587213,-0.8660254037844385,-0.5000000000000004,51.260847,-0.546053,33
2019-08-22 15:00:00,36.664500000000004,32.66616666666667,102.17333333333332,6.516666666666667,0.6361826651910822,34.33277462600446,19.658902464757322,8,-0.7071067811865471,-0.7071067811865479,-0.9680771188662041,-0.2506525322587213,-0.8660254037844385,-0.5000000000000004,51.260847,-0.546053,33
2019-08-22 16:00:00,34.452000000000005,34.04566666666666,102.15666666666667,7.133333333333334,0.6404235166270996,29.383292281990816,18.481212763162898,8,-0.8660254037844385,-0.5000000000000004,-0.9680771188662041,-0.2506525322587213,-0.8660254037844385,-0.5000000000000004,51.260847,-0.546053,33
2019-08-22 17:00:00,32.488666666666674,35.85183333333332,102.16033333333331,6.7,0.6629051473144961,25.303815862059704,21.740054749050344,8,-0.9659258262890683,-0.25881904510252063,-0.9680771188662041,-0.2506525322587213,-0.8660254037844385,-0.5000000000000004,51.260847,-0.546053,33
2019-08-22 18:00:00,29.035833333333336,38.67900000000001,102.14866666666666,7.766666666666667,0.6552866605501315,41.97225146448865,19.244851474288,8,-1.0,-1.8369701987210297e-16,-0.9680771188662041,-0.2506525322587213,-0.8660254037844385,-0.5000000000000004,51.260847,-0.546053,33
2019-08-22 19:00:00,27.09399999999999,40.45449999999999,102.19083333333329,9.65,0.6291740147439445,30.570366846000393,16.105771357593408,8,-0.9659258262890684,0.2588190451025203,-0.9680771188662041,-0.2506525322587213,-0.8660254037844385,-0.5000000000000004,51.260847,-0.546053,33
2019-08-22 20:00:00,25.188666666666663,42.054833333333335,102.23850000000002,9.1,0.5704585366724382,17.64785515622149,24.02963440624725,8,-0.8660254037844386,0.5000000000000001,-0.9680771188662041,-0.2506525322587213,-0.8660254037844385,-0.5000000000000004,51.260847,-0.546053,33
2019-08-22 21:00:00,23.64550000000001,43.43333333333332,102.26683333333348,7.5,0.4744486019670491,16.512982815119823,27.45618297755217,8,-0.7071067811865477,0.7071067811865474,-0.9680771188662041,-0.2506525322587213,-0.8660254037844385,-0.5000000000000004,51.260847,-0.546053,33
2019-08-22 22:00:00,22.6745,44.60866666666666,102.28216666666664,7.316666666666666,0.4496287690412869,8.909415069371386,30.78899254736721,8,-0.5000000000000004,0.8660254037844384,-0.9680771188662041,-0.2506525322587213,-0.8660254037844385,-0.5000000000000004,51.260847,-0.546053,33
2019-08-22 23:00:00,21.962000000000014,45.814999999999976,102.28183333333332,6.133333333333334,0.40343827049604625,8.805370536793639,31.16152799705485,8,-0.25881904510252157,0.9659258262890681,-0.9680771188662041,-0.2506525322587213,-0.8660254037844385,-0.5000000000000004,51.260847,-0.546053,33
2019-08-23 00:00:00,21.319666666666656,46.42566666666665,102.30683333333326,6.8,0.3510865538796565,8.310632215130605,31.722987646302837,8,0.0,1.0,-0.9987165071710528,-0.05064916883871355,-0.8660254037844385,-0.5000000000000004,51.260847,-0.546053,33
2019-08-23 01:00:00,20.74899999999999,46.74683333333334,102.30400000000002,7.8,0.3339595097013726,9.242751524991512,33.949430351108674,8,0.25881904510252074,0.9659258262890683,-0.9987165071710528,-0.05064916883871355,-0.8660254037844385,-0.5000000000000004,51.260847,-0.546053,33
2019-08-23 02:00:00,19.917999999999996,46.198833333333354,102.28833333333326,7.216666666666667,0.3300459843278653,11.359322199856232,39.83174902053325,8,0.49999999999999994,0.8660254037844387,-0.9987165071710528,-0.05064916883871355,-0.8660254037844385,-0.5000000000000004,51.260847,-0.546053,33
2019-08-23 03:00:00,19.141666666666662,46.1455,102.28266666666667,7.633333333333334,0.33324167723970527,13.926944705391909,40.232950724161164,8,0.7071067811865476,0.7071067811865476,-0.9987165071710528,-0.05064916883871355,-0.8660254037844385,-0.5000000000000004,51.260847,-0.546053,33
2019-08-23 04:00:00,18.5265,46.29566666666668,102.26716666666678,7.0,0.30634699312782254,12.383139259490124,41.443142532454296,8,0.8660254037844386,0.5000000000000001,-0.9987165071710528,-0.05064916883871355,-0.8660254037844385,-0.5000000000000004,51.260847,-0.546053,33
2019-08-23 05:00:00,17.972,46.33349999999997,102.26933333333331,7.7,0.34889549492172844,29.131050825047094,34.103251853782254,8,0.9659258262890683,0.25881904510252074,-0.9987165071710528,-0.05064916883871355,-0.8660254037844385,-0.5000000000000004,51.260847,-0.546053,33
2019-08-23 06:00:00,17.865999999999996,46.751666666666665,102.28566666666664,9.283333333333333,0.4584756357924424,44.56834939005996,24.86679074335204,8,1.0,6.123233995736766e-17,-0.9987165071710528,-0.05064916883871355,-0.8660254037844385,-0.5000000000000004,51.260847,-0.546053,33
2019-08-23 07:00:00,19.218333333333327,47.59716666666665,102.29883333333342,15.15,0.7618387884261827,110.13291693091229,6.2727364160292804,8,0.9659258262890683,-0.25881904510252063,-0.9987165071710528,-0.05064916883871355,-0.8660254037844385,-0.5000000000000004,51.260847,-0.546053,33
2019-08-23 08:00:00,21.685166666666657,48.65516666666667,102.29133333333348,15.133333333333333,0.7161115694625425,55.5072325742516,15.737882222638254,8,0.8660254037844387,-0.4999999999999998,-0.9987165071710528,-0.05064916883871355,-0.8660254037844385,-0.5000000000000004,51.260847,-0.546053,33
2019-08-23 09:00:00,27.42466666666666,45.487833333333334,102.26616666666676,4.55,0.6210861559002553,46.839868943146136,22.955115966475315,8,0.7071067811865476,-0.7071067811865475,-0.9987165071710528,-0.05064916883871355,-0.8660254037844385,-0.5000000000000004,51.260847,-0.546053,33
2019-08-23 10:00:00,34.6745,40.077666666666666,102.25666666666667,5.5,0.6585085625546655,54.72451134518822,28.472129155289636,8,0.49999999999999994,-0.8660254037844387,-0.9987165071710528,-0.05064916883871355,-0.8660254037844385,-0.5000000000000004,51.260847,-0.546053,33
2019-08-23 11:00:00,38.75416666666667,35.42633333333332,102.21449999999997,5.866666666666666,0.6989372989664961,74.23229255452688,26.213154885513923,8,0.258819045102521,-0.9659258262890682,-0.9987165071710528,-0.05064916883871355,-0.8660254037844385,-0.5000000000000004,51.260847,-0.546053,33
2019-08-23 12:00:00,42.05533333333336,31.485999999999994,102.16049999999996,3.9166666666666665,0.6580062077361081,68.14442246363109,33.677762984588114,8,1.2246467991473532e-16,-1.0,-0.9987165071710528,-0.05064916883871355,-0.8660254037844385,-0.5000000000000004,51.260847,-0.546053,33
2019-08-23 13:00:00,42.13116666666666,30.03399999999999,102.1151666666667,5.716666666666667,0.7202892443460722,51.70628067054609,29.989332260924677,8,-0.2588190451025208,-0.9659258262890683,-0.9987165071710528,-0.05064916883871355,-0.8660254037844385,-0.5000000000000004,51.260847,-0.546053,33
2019-08-23 14:00:00,43.961333333333314,29.402499999999996,102.09633333333326,9.95,0.8133311336415401,48.0878079733665,26.086278773877144,8,-0.4999999999999997,-0.8660254037844388,-0.9987165071710528,-0.05064916883871355,-0.8660254037844385,-0.5000000000000004,51.260847,-0.546053,33
2019-08-23 15:00:00,45.61366666666666,29.002,102.04949999999998,7.833333333333333,0.7809261751066525,53.58037475990707,17.75726481672509,8,-0.7071067811865471,-0.7071067811865479,-0.9987165071710528,-0.05064916883871355,-0.8660254037844385,-0.5000000000000004,51.260847,-0.546053,33
2019-08-23 16:00:00,42.767333333333355,29.170666666666666,102.00766666666665,5.633333333333334,0.7761257864091532,48.2194871425816,7.112942876300266,8,-0.8660254037844385,-0.5000000000000004,-0.9987165071710528,-0.05064916883871355,-0.8660254037844385,-0.5000000000000004,51.260847,-0.546053,33
2019-08-23 17:00:00,36.686333333333316,31.860999999999997,101.99583333333325,4.4,0.6854907629366511,22.81388471637708,17.778045902999985,8,-0.9659258262890683,-0.25881904510252063,-0.9987165071710528,-0.05064916883871355,-0.8660254037844385,-0.5000000000000004,51.260847,-0.546053,33
2019-08-23 18:00:00,30.626,35.97116666666667,101.966,4.8,0.6681756876282956,16.771988557916636,24.113152705977477,8,-1.0,-1.8369701987210297e-16,-0.9987165071710528,-0.05064916883871355,-0.8660254037844385,-0.5000000000000004,51.260847,-0.546053,33
2019-08-23 19:00:00,28.158499999999993,37.96733333333332,101.95633333333323,5.266666666666667,0.5966498551666283,16.719839128232856,25.580164060740564,8,-0.9659258262890684,0.2588190451025203,-0.9987165071710528,-0.05064916883871355,-0.8660254037844385,-0.5000000000000004,51.260847,-0.546053,33
2019-08-23 20:00:00,26.434166666666666,39.52300000000001,101.9635,7.333333333333333,0.5770845404208985,15.047725935722344,24.65138946387506,8,-0.8660254037844386,0.5000000000000001,-0.9987165071710528,-0.05064916883871355,-0.8660254037844385,-0.5000000000000004,51.260847,-0.546053,33
2019-08-23 21:00:00,24.9585,40.82183333333331,101.9383333333334,10.9,0.5654223115506131,13.146053696396205,28.2644285264005,8,-0.7071067811865477,0.7071067811865474,-0.9987165071710528,-0.05064916883871355,-0.8660254037844385,-0.5000000000000004,51.260847,-0.546053,33
2019-08-23 22:00:00,23.45416666666666,41.47983333333332,101.91433333333325,11.666666666666666,0.5976613346661194,13.311155139432778,31.757367033596612,8,-0.5000000000000004,0.8660254037844384,-0.9987165071710528,-0.05064916883871355,-0.8660254037844385,-0.5000000000000004,51.260847,-0.546053,33
2019-08-23 23:00:00,21.503166666666665,41.861333333333356,101.8953333333333,9.45,0.4834941257697733,8.71526747015151,38.22293779799206,8,-0.25881904510252157,0.9659258262890681,-0.9987165071710528,-0.05064916883871355,-0.8660254037844385,-0.5000000000000004,51.260847,-0.546053,33
2019-08-24 00:00:00,19.891333333333325,42.360499999999995,101.89016666666662,10.166666666666666,0.4415747746461277,11.780588120151288,33.80254992840947,8,0.0,1.0,-0.9884683243281114,0.15142777750457667,-0.8660254037844385,-0.5000000000000004,51.260847,-0.546053,33
2019-08-24 01:00:00,18.419500000000003,42.69750000000001,101.89633333333344,16.4,0.43621527251307496,14.47702626555739,33.58288637952226,8,0.25881904510252074,0.9659258262890683,-0.9884683243281114,0.15142777750457667,-0.8660254037844385,-0.5000000000000004,51.260847,-0.546053,33
2019-08-24 02:00:00,17.531499999999994,42.85083333333329,101.85600000000004,12.883333333333333,0.3874943477500311,12.196988897942536,34.38186342218473,8,0.49999999999999994,0.8660254037844387,-0.9884683243281114,0.15142777750457667,-0.8660254037844385,-0.5000000000000004,51.260847,-0.546053,33
2019-08-24 03:00:00,16.703500000000005,42.94183333333333,101.81566666666679,18.883333333333333,0.38086286075361897,18.254589419400546,32.39817289859485,8,0.7071067811865476,0.7071067811865476,-0.9884683243281114,0.15142777750457667,-0.8660254037844385,-0.5000000000000004,51.260847,-0.546053,33
2019-08-24 04:00:00,16.020500000000002,43.006333333333345,101.7933333333333,17.766666666666666,0.3653240928904199,19.67438569200259,31.982938567488308,8,0.8660254037844386,0.5000000000000001,-0.9884683243281114,0.15142777750457667,-0.8660254037844385,-0.5000000000000004,51.260847,-0.546053,33
2019-08-24 05:00:00,15.452666666666662,43.11183333333335,101.77750000000013,18.066666666666666,0.35514186416293303,25.982201290639857,28.63226696296453,8,0.9659258262890683,0.25881904510252074,-0.9884683243281114,0.15142777750457667,-0.8660254037844385,-0.5000000000000004,51.260847,-0.546053,33
2019-08-24 06:00:00,15.232333333333328,43.2125,101.75700000000008,16.1,0.37196008682148396,30.58492386121999,25.373818686322515,8,1.0,6.123233995736766e-17,-0.9884683243281114,0.15142777750457667,-0.8660254037844385,-0.5000000000000004,51.260847,-0.546053,33
2019-08-24 07:00:00,16.394000000000002,43.29166666666666,101.74766666666657,16.633333333333333,0.4904065147528693,42.60860787843883,19.817945673176254,8,0.9659258262890683,-0.25881904510252063,-0.9884683243281114,0.15142777750457667,-0.8660254037844385,-0.5000000000000004,51.260847,-0.546053,33
2019-08-24 08:00:00,19.521666666666665,43.16433333333334,101.73616666666655,25.983333333333334,0.5291388576120521,32.048535076601816,25.722879837373927,8,0.8660254037844387,-0.4999999999999998,-0.9884683243281114,0.15142777750457667,-0.8660254037844385,-0.5000000000000004,51.260847,-0.546053,33
2019-08-24 09:00:00,24.00266666666666,42.70166666666667,101.71233333333336,40.13333333333333,0.9317731454581154,70.99402495200619,12.396985293784024,8,0.7071067811865476,-0.7071067811865475,-0.9884683243281114,0.15142777750457667,-0.8660254037844385,-0.5000000000000004,51.260847,-0.546053,33
2019-08-24 10:00:00,31.352166666666673,39.616166666666665,101.69933333333327,35.65,0.8760834628634666,49.954546810911644,30.549884456634622,8,0.49999999999999994,-0.8660254037844387,-0.9884683243281114,0.15142777750457667,-0.8660254037844385,-0.5000000000000004,51.260847,-0.546053,33
2019-08-24 11:00:00,40.18333333333332,35.353,101.6541666666667,25.7,1.0690785897934771,52.46262138427867,47.290288016052536,8,0.258819045102521,-0.9659258262890682,-0.9884683243281114,0.15142777750457667,-0.8660254037844385,-0.5000000000000004,51.260847,-0.546053,33
2019-08-24 12:00:00,44.252,29.869666666666674,101.6143333333333,11.966666666666667,0.846881754208093,78.97415350613512,40.122028857576794,8,1.2246467991473532e-16,-1.0,-0.9884683243281114,0.15142777750457667,-0.8660254037844385,-0.5000000000000004,51.260847,-0.546053,33
2019-08-24 13:00:00,45.0515,28.396666666666647,101.56233333333344,10.816666666666666,0.8392129040572625,72.59867688193853,23.002361758686785,8,-0.2588190451025208,-0.9659258262890683,-0.9884683243281114,0.15142777750457667,-0.8660254037844385,-0.5000000000000004,51.260847,-0.546053,33
2019-08-24 14:00:00,45.43733333333333,26.76349999999999,101.53649999999998,11.5,0.8600374586152122,45.62290164405135,23.231995866788562,8,-0.4999999999999997,-0.8660254037844388,-0.9884683243281114,0.15142777750457667,-0.8660254037844385,-0.5000000000000004,51.260847,-0.546053,33
2019-08-24 15:00:00,45.020666666666635,25.73316666666665,101.51350000000006,10.7,0.7058080319154635,38.265601675460594,16.13832755337431,8,-0.7071067811865471,-0.7071067811865479,-0.9884683243281114,0.15142777750457667,-0.8660254037844385,-0.5000000000000004,51.260847,-0.546053,33
2019-08-24 16:00:00,42.687833333333316,25.43633333333332,101.4878333333332,9.016666666666667,0.8711231063670283,26.726194234623833,14.681213204466362,8,-0.8660254037844385,-0.5000000000000004,-0.9884683243281114,0.15142777750457667,-0.8660254037844385,-0.5000000000000004,51.260847,-0.546053,33
2019-08-24 17:00:00,38.03650000000002,28.224666666666675,101.48499999999994,11.266666666666667,0.7874763707762885,22.500142263390728,18.290854685020488,8,-0.9659258262890683,-0.25881904510252063,-0.9884683243281114,0.15142777750457667,-0.8660254037844385,-0.5000000000000004,51.260847,-0.546053,33
2019-08-24 18:00:00,34.03799999999999,30.38183333333333,101.46483333333336,10.8,0.8244611847277017,12.157288283633992,26.76996918322278,8,-1.0,-1.8369701987210297e-16,-0.9884683243281114,0.15142777750457667,-0.8660254037844385,-0.5000000000000004,51.260847,-0.546053,33
2019-08-24 19:00:00,32.27600000000002,32.42399999999999,101.45033333333322,15.766666666666667,0.8413193491958656,11.775907203651302,27.76108716217143,8,-0.9659258262890684,0.2588190451025203,-0.9884683243281114,0.15142777750457667,-0.8660254037844385,-0.5000000000000004,51.260847,-0.546053,33
2019-08-24 20:00:00,30.08916666666666,34.67166666666666,101.47283333333321,14.683333333333334,0.8877850961926353,11.055995908064101,28.19046936950279,8,-0.8660254037844386,0.5000000000000001,-0.9884683243281114,0.15142777750457667,-0.8660254037844385,-0.5000000000000004,51.260847,-0.546053,33
2019-08-24 21:00:00,27.395500000000006,36.33916666666665,101.47483333333328,19.266666666666666,0.7634785785123966,8.615264606081285,30.11476351941191,8,-0.7071067811865477,0.7071067811865474,-0.9884683243281114,0.15142777750457667,-0.8660254037844385,-0.5000000000000004,51.260847,-0.546053,33
2019-08-24 22:00:00,25.07666666666667,37.6005,101.46883333333327,21.683333333333334,0.76674902750656,10.539392201331816,26.484910054346773,8,-0.5000000000000004,0.8660254037844384,-0.9884683243281114,0.15142777750457667,-0.8660254037844385,-0.5000000000000004,51.260847,-0.546053,33
2019-08-24 23:00:00,23.191999999999993,38.330666666666644,101.48049999999992,23.166666666666668,0.6647239206040377,8.0,28.911550390410945,8,-0.25881904510252157,0.9659258262890681,-0.9884683243281114,0.15142777750457667,-0.8660254037844385,-0.5000000000000004,51.260847,-0.546053,33
2019-08-25 00:00:00,21.765666666666668,38.972166666666666,101.4713333333334,25.2,0.6048395381896718,10.302229000707872,26.64004939847554,8,0.0,1.0,-0.9377521321470804,0.3473052528448203,-0.8660254037844385,-0.5000000000000004,51.260847,-0.546053,33
2019-08-25 01:00:00,20.762666666666682,39.447333333333326,101.45733333333328,27.116666666666667,0.5831760996733488,13.404771000454264,26.62911893229496,8,0.25881904510252074,0.9659258262890683,-0.9377521321470804,0.3473052528448203,-0.8660254037844385,-0.5000000000000004,51.260847,-0.546053,33
2019-08-25 02:00:00,20.29250000000001,39.77749999999996,101.4556666666666,39.083333333333336,0.5657869494314837,14.992066393835598,26.655487691764755,8,0.49999999999999994,0.8660254037844387,-0.9377521321470804,0.3473052528448203,-0.8660254037844385,-0.5000000000000004,51.260847,-0.546053,33
2019-08-25 03:00:00,19.90566666666665,40.02466666666666,101.44849999999992,44.45,0.5364170613498028,18.0298780872166,25.725028825923857,8,0.7071067811865476,0.7071067811865476,-0.9377521321470804,0.3473052528448203,-0.8660254037844385,-0.5000000000000004,51.260847,-0.546053,33
2019-08-25 04:00:00,19.33850000000001,40.47766666666665,101.43466666666673,39.53333333333333,0.517595678417793,20.142738961106566,25.13209595689241,8,0.8660254037844386,0.5000000000000001,-0.9377521321470804,0.3473052528448203,-0.8660254037844385,-0.5000000000000004,51.260847,-0.546053,33
2019-08-25 05:00:00,18.827500000000008,40.78849999999997,101.43266666666658,41.583333333333336,0.5042403444299662,25.44331121839342,22.4128159376998,8,0.9659258262890683,0.25881904510252074,-0.9377521321470804,0.3473052528448203,-0.8660254037844385,-0.5000000000000004,51.260847,-0.546053,33
2019-08-25 06:00:00,18.435,41.21849999999997,101.44666666666657,47.083333333333336,0.6591577314317336,28.54353381882267,17.430016463241728,8,1.0,6.123233995736766e-17,-0.9377521321470804,0.3473052528448203,-0.8660254037844385,-0.5000000000000004,51.260847,-0.546053,33
2019-08-25 07:00:00,19.16266666666668,41.299666666666624,101.47199999999985,50.75,0.6232205735501494,33.024658818526945,21.52885772895386,8,0.9659258262890683,-0.25881904510252063,-0.9377521321470804,0.3473052528448203,-0.8660254037844385,-0.5000000000000004,51.260847,-0.546053,33
2019-08-25 08:00:00,22.87950000000001,40.585166666666694,101.49099999999996,53.9,0.6430907326633702,34.873311779075195,19.26942947794391,8,0.8660254037844387,-0.4999999999999998,-0.9377521321470804,0.3473052528448203,-0.8660254037844385,-0.5000000000000004,51.260847,-0.546053,33
2019-08-25 09:00:00,29.69450000000001,38.364166666666655,101.49499999999999,37.55,0.7454584082251932,48.04308594243178,18.93174253040712,8,0.7071067811865476,-0.7071067811865475,-0.9377521321470804,0.3473052528448203,-0.8660254037844385,-0.5000000000000004,51.260847,-0.546053,33
2019-08-25 10:00:00,36.792500000000004,35.69783333333333,101.50850000000008,29.866666666666667,0.8595076270103348,50.044308169477105,36.99954017863383,8,0.49999999999999994,-0.8660254037844387,-0.9377521321470804,0.3473052528448203,-0.8660254037844385,-0.5000000000000004,51.260847,-0.546053,33
2019-08-25 11:00:00,43.78650000000001,31.318833333333327,101.5116666666667,19.216666666666665,0.8537166246720098,79.32193858849736,38.73591457302829,8,0.258819045102521,-0.9659258262890682,-0.9377521321470804,0.3473052528448203,-0.8660254037844385,-0.5000000000000004,51.260847,-0.546053,33
2019-08-25 12:00:00,45.969000000000015,26.521499999999996,101.51550000000012,12.65,0.8665398489905929,67.6902851501071,33.79312740073651,8,1.2246467991473532e-16,-1.0,-0.9377521321470804,0.3473052528448203,-0.8660254037844385,-0.5000000000000004,51.260847,-0.546053,33
2019-08-25 13:00:00,46.724166666666655,24.839,101.51516666666679,12.166666666666666,0.7644524321082412,71.23366236482721,21.55211056849351,8,-0.2588190451025208,-0.9659258262890683,-0.9377521321470804,0.3473052528448203,-0.8660254037844385,-0.5000000000000004,51.260847,-0.546053,33
2019-08-25 14:00:00,47.72299999999997,23.71566666666667,101.5196666666668,8.333333333333334,0.7682114161683595,61.54427957898886,15.617450188951755,8,-0.4999999999999997,-0.8660254037844388,-0.9377521321470804,0.3473052528448203,-0.8660254037844385,-0.5000000000000004,51.260847,-0.546053,33
2019-08-25 15:00:00,47.42433333333336,22.708166666666678,101.50033333333324,6.133333333333334,0.7088923494279135,54.48849460720404,13.954149877762408,8,-0.7071067811865471,-0.7071067811865479,-0.9377521321470804,0.3473052528448203,-0.8660254037844385,-0.5000000000000004,51.260847,-0.546053,33
2019-08-25 16:00:00,45.604500000000016,22.504666666666648,101.49566666666661,6.883333333333334,0.6666294003534264,47.40369806183648,2.05731843191959,8,-0.8660254037844385,-0.5000000000000004,-0.9377521321470804,0.3473052528448203,-0.8660254037844385,-0.5000000000000004,51.260847,-0.546053,33
2019-08-25 17:00:00,41.002500000000026,25.325499999999977,101.52183333333336,8.133333333333333,0.8656940059618375,29.666516940665932,10.0963615864037,8,-0.9659258262890683,-0.25881904510252063,-0.9377521321470804,0.3473052528448203,-0.8660254037844385,-0.5000000000000004,51.260847,-0.546053,33
2019-08-25 18:00:00,35.892500000000005,28.084333333333344,101.53516666666674,11.266666666666667,0.6959300534423362,15.469539166819626,23.00730234112366,8,-1.0,-1.8369701987210297e-16,-0.9377521321470804,0.3473052528448203,-0.8660254037844385,-0.5000000000000004,51.260847,-0.546053,33
2019-08-25 19:00:00,33.55683333333332,30.705333333333364,101.56183333333337,16.25,0.8374176909483604,10.155860100581043,28.675352473363617,8,-0.9659258262890684,0.2588190451025203,-0.9377521321470804,0.3473052528448203,-0.8660254037844385,-0.5000000000000004,51.260847,-0.546053,33
2019-08-25 20:00:00,31.253999999999987,33.72550000000001,101.60249999999999,19.35,0.7409019313496239,9.213529269021809,16.401221513596603,8,-0.8660254037844386,0.5000000000000001,-0.9377521321470804,0.3473052528448203,-0.8660254037844385,-0.5000000000000004,51.260847,-0.546053,33
2019-08-25 21:00:00,29.06083333333333,35.30083333333335,101.64233333333343,21.566666666666666,0.7164340026060728,9.315036781428924,19.779628758492485,8,-0.7071067811865477,0.7071067811865474,-0.9377521321470804,0.3473052528448203,-0.8660254037844385,-0.5000000000000004,51.260847,-0.546053,33
2019-08-25 22:00:00,27.039499999999997,36.16583333333331,101.63499999999998,23.833333333333332,0.6896635978794424,8.551838005578695,25.783606212835817,8,-0.5000000000000004,0.8660254037844384,-0.9377521321470804,0.3473052528448203,-0.8660254037844385,-0.5000000000000004,51.260847,-0.546053,33
2019-08-25 23:00:00,25.197,37.01716666666666,101.6508333333333,24.05,0.6000697519947169,12.86295783046563,17.764894619795566,8,-0.25881904510252157,0.9659258262890681,-0.9377521321470804,0.3473052528448203,-0.8660254037844385,-0.5000000000000004,51.260847,-0.546053,33
2019-08-26 00:00:00,24.44566666666667,37.245666666666665,101.67633333333335,25.7,0.538205489459686,11.995825497852284,18.18855103400973,8,0.0,1.0,-0.8486442574947509,0.5289640103269624,-0.8660254037844385,-0.5000000000000004,51.260847,-0.546053,33
2019-08-26 01:00:00,22.994333333333334,38.16116666666666,101.65783333333333,30.516666666666666,0.5205347825714441,15.282930759147005,14.725484349572419,8,0.25881904510252074,0.9659258262890683,-0.8486442574947509,0.5289640103269624,-0.8660254037844385,-0.5000000000000004,51.260847,-0.546053,33
2019-08-26 02:00:00,22.072166666666682,38.59683333333332,101.61966666666657,27.8,0.48143388900987094,17.561724707790347,12.738411446787195,8,0.49999999999999994,0.8660254037844387,-0.8486442574947509,0.5289640103269624,-0.8660254037844385,-0.5000000000000004,51.260847,-0.546053,33
2019-08-26 03:00:00,21.18016666666667,39.06400000000001,101.60983333333336,27.166666666666668,0.441478993770416,19.31637772015074,14.392481336222794,8,0.7071067811865476,0.7071067811865476,-0.8486442574947509,0.5289640103269624,-0.8660254037844385,-0.5000000000000004,51.260847,-0.546053,33
2019-08-26 04:00:00,20.26700000000001,39.32950000000002,101.58150000000005,28.066666666666666,0.4334446202452564,19.617960038387423,19.419641141781483,8,0.8660254037844386,0.5000000000000001,-0.8486442574947509,0.5289640103269624,-0.8660254037844385,-0.5000000000000004,51.260847,-0.546053,33
2019-08-26 05:00:00,19.639500000000005,39.6041666666667,101.54283333333329,27.15,0.4200852447744675,22.701616583796785,18.165564375284315,8,0.9659258262890683,0.25881904510252074,-0.8486442574947509,0.5289640103269624,-0.8660254037844385,-0.5000000000000004,51.260847,-0.546053,33
2019-08-26 06:00:00,19.178333333333335,39.89716666666666,101.5470000000001,29.7,0.4405351901897436,28.954638700745658,16.765197708623532,8,1.0,6.123233995736766e-17,-0.8486442574947509,0.5289640103269624,-0.8660254037844385,-0.5000000000000004,51.260847,-0.546053,33
2019-08-26 07:00:00,20.0615,39.99066666666666,101.56150000000002,37.13333333333333,0.4820494015672132,33.81240570592,20.164145759058094,8,0.9659258262890683,-0.25881904510252063,-0.8486442574947509,0.5289640103269624,-0.8660254037844385,-0.5000000000000004,51.260847,-0.546053,33
2019-08-26 08:00:00,23.239166666666655,39.58633333333332,101.5641666666667,39.86666666666667,0.5120565913999607,27.300962194907843,21.856003973053962,8,0.8660254037844387,-0.4999999999999998,-0.8486442574947509,0.5289640103269624,-0.8660254037844385,-0.5000000000000004,51.260847,-0.546053,33
2019-08-26 09:00:00,29.87550000000001,37.420499999999976,101.54666666666677,34.65,0.7878809353301325,37.98978515354053,27.305757151645132,8,0.7071067811865476,-0.7071067811865475,-0.8486442574947509,0.5289640103269624,-0.8660254037844385,-0.5000000000000004,51.260847,-0.546053,33
2019-08-26 10:00:00,37.469333333333324,33.69200000000001,101.54699999999998,27.883333333333333,0.7881391474929944,48.677944752441206,39.08524974804797,8,0.49999999999999994,-0.8660254037844387,-0.8486442574947509,0.5289640103269624,-0.8660254037844385,-0.5000000000000004,51.260847,-0.546053,33
2019-08-26 11:00:00,42.7598333333333,29.92833333333333,101.50649999999999,23.95,0.8929673369151957,64.71126075777096,38.15117436459294,8,0.258819045102521,-0.9659258262890682,-0.8486442574947509,0.5289640103269624,-0.8660254037844385,-0.5000000000000004,51.260847,-0.546053,33
2019-08-26 12:00:00,45.562999999999974,27.866999999999994,101.46383333333324,21.45,0.8552382581439756,55.58833341784813,46.26122187169106,8,1.2246467991473532e-16,-1.0,-0.8486442574947509,0.5289640103269624,-0.8660254037844385,-0.5000000000000004,51.260847,-0.546053,33
2019-08-26 13:00:00,47.13183333333331,26.57299999999999,101.44033333333331,20.783333333333335,0.8525011600235618,57.658217689964005,36.416751418678345,8,-0.2588190451025208,-0.9659258262890683,-0.8486442574947509,0.5289640103269624,-0.8660254037844385,-0.5000000000000004,51.260847,-0.546053,33
2019-08-26 14:00:00,47.43900000000003,25.684500000000007,101.42099999999992,20.466666666666665,0.8748861243417887,44.88912689202394,23.39659112996898,8,-0.4999999999999997,-0.8660254037844388,-0.8486442574947509,0.5289640103269624,-0.8660254037844385,-0.5000000000000004,51.260847,-0.546053,33
2019-08-26 15:00:00,46.00116666666668,25.377499999999998,101.39633333333326,17.2,0.8981927813933571,49.842531536348844,3.66480581693082,8,-0.7071067811865471,-0.7071067811865479,-0.8486442574947509,0.5289640103269624,-0.8660254037844385,-0.5000000000000004,51.260847,-0.546053,33
2019-08-26 16:00:00,43.97100000000001,24.714333333333336,101.36333333333344,15.783333333333333,0.8042454712528788,52.07191903216549,1.154164674190324,8,-0.8660254037844385,-0.5000000000000004,-0.8486442574947509,0.5289640103269624,-0.8660254037844385,-0.5000000000000004,51.260847,-0.546053,33
2019-08-26 17:00:00,38.903999999999996,27.971666666666657,101.35750000000009,17.2,0.8191010695607162,22.510393888018033,16.001330325820692,8,-0.9659258262890683,-0.25881904510252063,-0.8486442574947509,0.5289640103269624,-0.8660254037844385,-0.5000000000000004,51.260847,-0.546053,33
2019-08-26 18:00:00,34.49949999999998,30.934000000000015,101.34150000000012,16.783333333333335,0.7472041283044468,9.495187942958353,29.516411112708607,8,-1.0,-1.8369701987210297e-16,-0.8486442574947509,0.5289640103269624,-0.8660254037844385,-0.5000000000000004,51.260847,-0.546053,33
2019-08-26 19:00:00,32.48233333333334,32.31216666666666,101.3448333333333,17.5,0.7301366505899363,15.04155625304106,26.343909597535735,8,-0.9659258262890684,0.2588190451025203,-0.8486442574947509,0.5289640103269624,-0.8660254037844385,-0.5000000000000004,51.260847,-0.546053,33
2019-08-26 20:00:00,30.623333333333353,33.68433333333332,101.36983333333335,28.316666666666666,0.8731085567713264,11.43061663436758,29.107536683104993,8,-0.8660254037844386,0.5000000000000001,-0.8486442574947509,0.5289640103269624,-0.8660254037844385,-0.5000000000000004,51.260847,-0.546053,33
2019-08-26 21:00:00,28.35733333333333,34.96633333333333,101.39716666666676,27.183333333333334,0.7561187655784231,8.530620122337355,27.857206776947642,8,-0.7071067811865477,0.7071067811865474,-0.8486442574947509,0.5289640103269624,-0.8660254037844385,-0.5000000000000004,51.260847,-0.546053,33
2019-08-26 22:00:00,26.17483333333335,36.027,101.39216666666671,27.183333333333334,0.7007011073309177,9.448419735873735,23.563007652803297,8,-0.5000000000000004,0.8660254037844384,-0.8486442574947509,0.5289640103269624,-0.8660254037844385,-0.5000000000000004,51.260847,-0.546053,33
2019-08-26 23:00:00,24.492999999999995,36.73199999999999,101.39699999999995,37.31666666666667,0.7171888290166534,9.978346893407466,20.049807980040523,8,-0.25881904510252157,0.9659258262890681,-0.8486442574947509,0.5289640103269624,-0.8660254037844385,-0.5000000000000004,51.260847,-0.546053,33
2019-08-27 00:00:00,23.259500000000003,37.46849999999999,101.3891666666667,33.733333333333334,0.6744237256840938,11.630855399745052,18.092872948391793,8,0.0,1.0,-0.72479278722912,0.6889669190756865,-0.8660254037844385,-0.5000000000000004,51.260847,-0.546053,33
2019-08-27 01:00:00,22.211166666666667,38.00983333333331,101.36016666666673,29.45,0.6115120757546006,14.980368651623728,17.267845265554435,8,0.25881904510252074,0.9659258262890683,-0.72479278722912,0.6889669190756865,-0.8660254037844385,-0.5000000000000004,51.260847,-0.546053,33
2019-08-27 02:00:00,21.511833333333342,38.47416666666667,101.31766666666661,29.1,0.5497223081948486,17.726426163232585,17.159037375442086,8,0.49999999999999994,0.8660254037844387,-0.72479278722912,0.6889669190756865,-0.8660254037844385,-0.5000000000000004,51.260847,-0.546053,33
2019-08-27 03:00:00,20.759833333333336,38.81799999999999,101.30583333333344,32.28333333333333,0.5299514113846101,20.03650718816088,18.614491147478315,8,0.7071067811865476,0.7071067811865476,-0.72479278722912,0.6889669190756865,-0.8660254037844385,-0.5000000000000004,51.260847,-0.546053,33
2019-08-27 04:00:00,20.265999999999984,39.14133333333332,101.29450000000007,32.45,0.501706622208736,21.60740923951751,17.96089138615902,8,0.8660254037844386,0.5000000000000001,-0.72479278722912,0.6889669190756865,-0.8660254037844385,-0.5000000000000004,51.260847,-0.546053,33
2019-08-27 05:00:00,20.01899999999999,39.50983333333332,101.26183333333344,29.5,0.4699879551612725,20.452620838557216,19.745423571043464,8,0.9659258262890683,0.25881904510252074,-0.72479278722912,0.6889669190756865,-0.8660254037844385,-0.5000000000000004,51.260847,-0.546053,33
2019-08-27 06:00:00,19.859499999999986,40.009500000000024,101.27133333333329,33.43333333333333,0.5942685286400232,37.68855844116164,11.130483154685965,8,1.0,6.123233995736766e-17,-0.72479278722912,0.6889669190756865,-0.8660254037844385,-0.5000000000000004,51.260847,-0.546053,33
2019-08-27 07:00:00,21.03600000000001,41.07333333333333,101.26883333333345,43.983333333333334,0.8963466788997374,58.87434836127787,5.530633613438568,8,0.9659258262890683,-0.25881904510252063,-0.72479278722912,0.6889669190756865,-0.8660254037844385,-0.5000000000000004,51.260847,-0.546053,33
2019-08-27 08:00:00,24.231499999999997,40.54399999999999,101.25833333333331,45.11666666666667,0.8692777985470255,43.89075293997178,17.053637548123408,8,0.8660254037844387,-0.4999999999999998,-0.72479278722912,0.6889669190756865,-0.8660254037844385,-0.5000000000000004,51.260847,-0.546053,33
2019-08-27 09:00:00,29.868666666666673,37.95333333333331,101.26233333333334,38.833333333333336,0.9486413833604052,35.424873837289745,29.426624467769955,8,0.7071067811865476,-0.7071067811865475,-0.72479278722912,0.6889669190756865,-0.8660254037844385,-0.5000000000000004,51.260847,-0.546053,33
2019-08-27 10:00:00,36.79883333333335,34.566,101.25316666666662,37.68333333333333,0.8484829345090412,45.06220625420443,39.39092509449218,8,0.49999999999999994,-0.8660254037844387,-0.72479278722912,0.6889669190756865,-0.8660254037844385,-0.5000000000000004,51.260847,-0.546053,33
2019-08-27 11:00:00,43.726666666666674,31.19483333333333,101.19766666666652,36.333333333333336,0.8620419698338186,72.1383326568691,36.22891202707357,8,0.258819045102521,-0.9659258262890682,-0.72479278722912,0.6889669190756865,-0.8660254037844385,-0.5000000000000004,51.260847,-0.546053,33
2019-08-27 12:00:00,49.49733333333333,28.83033333333335,101.15799999999994,33.8,0.8875980300233833,76.4368090435152,49.95337242645818,8,1.2246467991473532e-16,-1.0,-0.72479278722912,0.6889669190756865,-0.8660254037844385,-0.5000000000000004,51.260847,-0.546053,33
2019-08-27 13:00:00,52.490999999999985,26.43650000000001,101.10816666666665,25.6,0.8310595224818382,86.41048866683136,34.832984909114515,8,-0.2588190451025208,-0.9659258262890683,-0.72479278722912,0.6889669190756865,-0.8660254037844385,-0.5000000000000004,51.260847,-0.546053,33
2019-08-27 14:00:00,49.62250000000002,24.93533333333333,101.03833333333337,21.816666666666666,0.8496556949110193,71.09785143225226,7.780876627321673,8,-0.4999999999999997,-0.8660254037844388,-0.72479278722912,0.6889669190756865,-0.8660254037844385,-0.5000000000000004,51.260847,-0.546053,33
2019-08-27 15:00:00,46.96966666666672,25.100333333333346,101.00299999999993,23.416666666666668,0.9315325069346517,39.89775423156865,9.32164388119614,8,-0.7071067811865471,-0.7071067811865479,-0.72479278722912,0.6889669190756865,-0.8660254037844385,-0.5000000000000004,51.260847,-0.546053,33
2019-08-27 16:00:00,44.974333333333334,25.709333333333316,100.96849999999998,24.633333333333333,0.9169013055352262,46.979553057485724,1.838721860972104,8,-0.8660254037844385,-0.5000000000000004,-0.72479278722912,0.6889669190756865,-0.8660254037844385,-0.5000000000000004,51.260847,-0.546053,33
2019-08-27 17:00:00,38.98116666666667,28.48700000000003,100.98299999999999,22.633333333333333,0.9020665617335732,14.448656335609225,25.738071069423427,8,-0.9659258262890683,-0.25881904510252063,-0.72479278722912,0.6889669190756865,-0.8660254037844385,-0.5000000000000004,51.260847,-0.546053,33
2019-08-27 18:00:00,34.5845,32.3465,100.9861666666665,28.9,1.0678092387055311,9.910828073082179,25.406990795934956,8,-1.0,-1.8369701987210297e-16,-0.72479278722912,0.6889669190756865,-0.8660254037844385,-0.5000000000000004,51.260847,-0.546053,33
2019-08-27 19:00:00,32.45966666666665,33.95433333333333,101.00033333333342,31.466666666666665,0.9757902646413081,11.082286960676418,24.02086058587615,8,-0.9659258262890684,0.2588190451025203,-0.72479278722912,0.6889669190756865,-0.8660254037844385,-0.5000000000000004,51.260847,-0.546053,33
2019-08-27 20:00:00,30.490499999999994,35.00766666666668,101.0674999999999,29.283333333333335,0.7743643999071812,10.169403282390029,26.877198979723264,8,-0.8660254037844386,0.5000000000000001,-0.72479278722912,0.6889669190756865,-0.8660254037844385,-0.5000000000000004,51.260847,-0.546053,33
2019-08-27 21:00:00,28.766833333333338,36.01833333333332,101.08233333333338,20.15,0.7386606792924332,11.48569897919899,25.91026183008452,8,-0.7071067811865477,0.7071067811865474,-0.72479278722912,0.6889669190756865,-0.8660254037844385,-0.5000000000000004,51.260847,-0.546053,33
2019-08-27 22:00:00,27.757833333333302,36.944166666666675,101.10250000000002,32.46666666666667,0.720170111418525,11.547354356707237,26.30263497672223,8,-0.5000000000000004,0.8660254037844384,-0.72479278722912,0.6889669190756865,-0.8660254037844385,-0.5000000000000004,51.260847,-0.546053,33
2019-08-27 23:00:00,27.19516666666665,37.63399999999998,101.12400000000002,26.283333333333335,0.6899460816450383,14.618842972288576,26.689911413709087,8,-0.25881904510252157,0.9659258262890681,-0.72479278722912,0.6889669190756865,-0.8660254037844385,-0.5000000000000004,51.260847,-0.546053,33
2019-08-28 00:00:00,26.748166666666656,37.99466666666668,101.10733333333341,25.166666666666668,0.622868461239134,14.850706411280607,24.8297136851661,8,0.0,1.0,-0.5712682150947924,0.8207634412072763,-0.8660254037844385,-0.5000000000000004,51.260847,-0.546053,33
2019-08-28 01:00:00,26.281166666666664,38.52833333333335,101.09866666666674,20.633333333333333,0.5495905967192046,19.16946388909478,21.75611470716085,8,0.25881904510252074,0.9659258262890683,-0.5712682150947924,0.8207634412072763,-0.8660254037844385,-0.5000000000000004,51.260847,-0.546053,33
2019-08-28 02:00:00,25.403833333333342,39.15916666666667,101.10166666666663,17.833333333333332,0.4899792036128019,19.655516278795556,17.283759563469925,8,0.49999999999999994,0.8660254037844387,-0.5712682150947924,0.8207634412072763,-0.8660254037844385,-0.5000000000000004,51.260847,-0.546053,33
2019-08-28 03:00:00,24.44983333333333,39.90633333333336,101.12049999999994,14.033333333333333,0.44057812905413846,19.89517401079935,13.46563810413281,8,0.7071067811865476,0.7071067811865476,-0.5712682150947924,0.8207634412072763,-0.8660254037844385,-0.5000000000000004,51.260847,-0.546053,33
2019-08-28 04:00:00,23.8165,41.12733333333331,101.0953333333334,12.85,0.4115727993859664,18.744622476792532,12.950962948711616,8,0.8660254037844386,0.5000000000000001,-0.5712682150947924,0.8207634412072763,-0.8660254037844385,-0.5000000000000004,51.260847,-0.546053,33
2019-08-28 05:00:00,23.259333333333306,42.89216666666666,101.08850000000005,12.616666666666667,0.42605933612980373,21.18444680543879,8.747034308497478,8,0.9659258262890683,0.25881904510252074,-0.5712682150947924,0.8207634412072763,-0.8660254037844385,-0.5000000000000004,51.260847,-0.546053,33
2019-08-28 06:00:00,23.000666666666667,45.096333333333334,101.10849999999992,13.666666666666666,0.5514470943005555,25.405727130668158,7.39303485081209,8,1.0,6.123233995736766e-17,-0.5712682150947924,0.8207634412072763,-0.8660254037844385,-0.5000000000000004,51.260847,-0.546053,33
2019-08-28 07:00:00,23.392166666666654,45.58383333333334,101.12483333333334,17.566666666666666,0.5799127459793302,37.03679882002506,9.497304024777256,8,0.9659258262890683,-0.25881904510252063,-0.5712682150947924,0.8207634412072763,-0.8660254037844385,-0.5000000000000004,51.260847,-0.546053,33
2019-08-28 08:00:00,23.928333333333335,45.73766666666665,101.12683333333328,15.816666666666666,0.5390296492512003,32.16540549054029,10.609048499914927,8,0.8660254037844387,-0.4999999999999998,-0.5712682150947924,0.8207634412072763,-0.8660254037844385,-0.5000000000000004,51.260847,-0.546053,33
2019-08-28 09:00:00,25.80999999999999,45.15333333333332,101.11733333333329,26.583333333333332,0.6696241127394108,47.069969800381976,12.138665162061013,8,0.7071067811865476,-0.7071067811865475,-0.5712682150947924,0.8207634412072763,-0.8660254037844385,-0.5000000000000004,51.260847,-0.546053,33
2019-08-28 10:00:00,29.679333333333336,41.56649999999999,101.12450000000003,17.683333333333334,0.5548715321207364,43.37811222892868,21.379442234004856,8,0.49999999999999994,-0.8660254037844387,-0.5712682150947924,0.8207634412072763,-0.8660254037844385,-0.5000000000000004,51.260847,-0.546053,33
2019-08-28 11:00:00,35.284333333333315,35.23983333333333,101.10033333333332,10.483333333333333,0.5674736252610536,54.36402637673699,45.353847714263566,8,0.258819045102521,-0.9659258262890682,-0.5712682150947924,0.8207634412072763,-0.8660254037844385,-0.5000000000000004,51.260847,-0.546053,33
2019-08-28 12:00:00,37.61283333333335,31.40766666666666,101.08266666666668,7.133333333333334,0.48885374142762783,58.2102246360937,37.23628392620664,8,1.2246467991473532e-16,-1.0,-0.5712682150947924,0.8207634412072763,-0.8660254037844385,-0.5000000000000004,51.260847,-0.546053,33
2019-08-28 13:00:00,33.954333333333324,31.468166666666658,101.0901666666667,3.466666666666667,0.5624503306142119,50.43002691326558,16.31781992649243,8,-0.2588190451025208,-0.9659258262890683,-0.5712682150947924,0.8207634412072763,-0.8660254037844385,-0.5000000000000004,51.260847,-0.546053,33
2019-08-28 14:00:00,36.199999999999996,29.307333333333347,101.06166666666671,3.5833333333333335,0.5054939723327919,35.424406910998634,32.42836381338927,8,-0.4999999999999997,-0.8660254037844388,-0.5712682150947924,0.8207634412072763,-0.8660254037844385,-0.5000000000000004,51.260847,-0.546053,33
2019-08-28 15:00:00,34.61116666666666,29.56566666666668,101.09033333333336,3.5,0.5311502105920782,34.66768117992249,11.635348370100639,8,-0.7071067811865471,-0.7071067811865479,-0.5712682150947924,0.8207634412072763,-0.8660254037844385,-0.5000000000000004,51.260847,-0.546053,33
2019-08-28 16:00:00,30.58083333333336,32.966333333333345,101.13066666666673,5.05,0.7093291323206546,15.926607044718578,22.815162389791592,8,-0.8660254037844385,-0.5000000000000004,-0.5712682150947924,0.8207634412072763,-0.8660254037844385,-0.5000000000000004,51.260847,-0.546053,33
2019-08-28 17:00:00,28.689166666666665,35.04749999999999,101.13550000000009,5.033333333333333,0.6291340123877694,15.487325980973493,20.9172953910835,8,-0.9659258262890683,-0.25881904510252063,-0.5712682150947924,0.8207634412072763,-0.8660254037844385,-0.5000000000000004,51.260847,-0.546053,33
2019-08-28 18:00:00,26.891000000000016,36.909500000000016,101.14066666666663,6.733333333333333,0.6510671479927891,17.231780654763195,22.853640991109202,8,-1.0,-1.8369701987210297e-16,-0.5712682150947924,0.8207634412072763,-0.8660254037844385,-0.5000000000000004,51.260847,-0.546053,33
2019-08-28 19:00:00,25.523500000000006,38.60099999999999,101.1533333333334,6.1,0.6051447420523713,20.55821124685807,22.458949346438644,8,-0.9659258262890684,0.2588190451025203,-0.5712682150947924,0.8207634412072763,-0.8660254037844385,-0.5000000000000004,51.260847,-0.546053,33
2019-08-28 20:00:00,23.92883333333332,40.493999999999986,101.18699999999988,6.9,0.4927624230762368,10.655780170289097,21.76893697569462,8,-0.8660254037844386,0.5000000000000001,-0.5712682150947924,0.8207634412072763,-0.8660254037844385,-0.5000000000000004,51.260847,-0.546053,33
2019-08-28 21:00:00,23.289166666666684,42.277833333333334,101.21366666666668,7.85,0.44111134369812377,9.126511271970006,18.822201192459172,8,-0.7071067811865477,0.7071067811865474,-0.5712682150947924,0.8207634412072763,-0.8660254037844385,-0.5000000000000004,51.260847,-0.546053,33
2019-08-28 22:00:00,22.86316666666668,44.17966666666666,101.2373333333333,8.1,0.4046277833746856,11.058387263163462,13.6639612652248,8,-0.5000000000000004,0.8660254037844384,-0.5712682150947924,0.8207634412072763,-0.8660254037844385,-0.5000000000000004,51.260847,-0.546053,33
2019-08-28 23:00:00,22.28516666666667,46.37799999999998,101.2551666666668,7.133333333333334,0.38645505467397334,11.423643888021916,12.767089985612056,8,-0.25881904510252157,0.9659258262890681,-0.5712682150947924,0.8207634412072763,-0.8660254037844385,-0.5000000000000004,51.260847,-0.546053,33
2019-08-29 00:00:00,22.364833333333326,45.62483333333335,101.30666666666666,1.8,0.3474851422451494,17.35282854086445,17.664459519485913,8,0.0,1.0,-0.3943558551133187,0.9189578116202306,-0.8660254037844385,-0.5000000000000004,51.260847,-0.546053,33
2019-08-29 01:00:00,21.52766666666667,44.34250000000001,101.37616666666658,0.0,0.30647839430234014,21.562264735864396,15.148020039543114,8,0.25881904510252074,0.9659258262890683,-0.3943558551133187,0.9189578116202306,-0.8660254037844385,-0.5000000000000004,51.260847,-0.546053,33
2019-08-29 02:00:00,20.61683333333333,43.88350000000001,101.42649999999993,0.016666666666666666,0.27988388112025414,20.137822181073513,15.468161234941231,8,0.49999999999999994,0.8660254037844387,-0.3943558551133187,0.9189578116202306,-0.8660254037844385,-0.5000000000000004,51.260847,-0.546053,33
2019-08-29 03:00:00,19.844833333333344,43.410499999999985,101.45383333333335,0.0,0.257825713082127,20.971849215040084,16.664615191538566,8,0.7071067811865476,0.7071067811865476,-0.3943558551133187,0.9189578116202306,-0.8660254037844385,-0.5000000000000004,51.260847,-0.546053,33
2019-08-29 04:00:00,18.767666666666663,43.447166666666654,101.4980000000001,0.38333333333333336,0.24467897335023117,18.768842383598916,18.82054848708875,8,0.8660254037844386,0.5000000000000001,-0.3943558551133187,0.9189578116202306,-0.8660254037844385,-0.5000000000000004,51.260847,-0.546053,33
2019-08-29 05:00:00,17.740333333333336,43.36633333333335,101.55966666666667,1.25,0.23895101133463043,18.99182128054068,19.35933324830244,8,0.9659258262890683,0.25881904510252074,-0.3943558551133187,0.9189578116202306,-0.8660254037844385,-0.5000000000000004,51.260847,-0.546053,33
2019-08-29 06:00:00,16.711500000000004,45.48950000000001,101.62016666666675,10.183333333333334,0.4052404502436498,22.588220232567668,16.502569985925966,8,1.0,6.123233995736766e-17,-0.3943558551133187,0.9189578116202306,-0.8660254037844385,-0.5000000000000004,51.260847,-0.546053,33
2019-08-29 07:00:00,17.134333333333327,45.331500000000005,101.67883333333326,5.416666666666667,0.42631330246505883,32.95312653836568,17.841077143941256,8,0.9659258262890683,-0.25881904510252063,-0.3943558551133187,0.9189578116202306,-0.8660254037844385,-0.5000000000000004,51.260847,-0.546053,33
2019-08-29 08:00:00,19.076999999999995,44.78566666666664,101.70033333333329,3.2,0.48300155300501585,35.56008579541488,16.83736444891583,8,0.8660254037844387,-0.4999999999999998,-0.3943558551133187,0.9189578116202306,-0.8660254037844385,-0.5000000000000004,51.260847,-0.546053,33
2019-08-29 09:00:00,24.683666666666667,41.469666666666676,101.73233333333329,2.9,0.9250792084679506,37.17020766029432,25.46230317098658,8,0.7071067811865476,-0.7071067811865475,-0.3943558551133187,0.9189578116202306,-0.8660254037844385,-0.5000000000000004,51.260847,-0.546053,33
2019-08-29 10:00:00,31.409999999999975,36.8416666666667,101.7608333333334,2.033333333333333,0.44305076357924417,32.71414704608966,42.83693947181223,8,0.49999999999999994,-0.8660254037844387,-0.3943558551133187,0.9189578116202306,-0.8660254037844385,-0.5000000000000004,51.260847,-0.546053,33
2019-08-29 11:00:00,35.72083333333333,32.62866666666667,101.77350000000006,1.7833333333333334,0.4083050030880175,48.01464427018134,39.07132363953792,8,0.258819045102521,-0.9659258262890682,-0.3943558551133187,0.9189578116202306,-0.8660254037844385,-0.5000000000000004,51.260847,-0.546053,33
2019-08-29 12:00:00,38.992000000000004,28.208999999999993,101.77350000000004,1.6,0.4789693752922906,46.60498707484646,48.31745656091861,8,1.2246467991473532e-16,-1.0,-0.3943558551133187,0.9189578116202306,-0.8660254037844385,-0.5000000000000004,51.260847,-0.546053,33
2019-08-29 13:00:00,39.81683333333332,26.860499999999995,101.77183333333332,2.216666666666667,0.4720667532263535,48.557522846797724,30.743613035602735,8,-0.2588190451025208,-0.9659258262890683,-0.3943558551133187,0.9189578116202306,-0.8660254037844385,-0.5000000000000004,51.260847,-0.546053,33
2019-08-29 14:00:00,38.64483333333331,27.152500000000014,101.77033333333335,2.15,0.5001880690430716,49.5096911839335,20.62969589873545,8,-0.4999999999999997,-0.8660254037844388,-0.3943558551133187,0.9189578116202306,-0.8660254037844385,-0.5000000000000004,51.260847,-0.546053,33
2019-08-29 15:00:00,34.308666666666674,29.241166666666686,101.78200000000005,2.5833333333333335,0.5343663947307354,26.452396075534853,13.320514019605833,8,-0.7071067811865471,-0.7071067811865479,-0.3943558551133187,0.9189578116202306,-0.8660254037844385,-0.5000000000000004,51.260847,-0.546053,33
2019-08-29 16:00:00,33.03700000000001,30.912333333333336,101.7761666666667,3.816666666666667,0.5588321059564818,24.623392003913448,15.20800222806303,8,-0.8660254037844385,-0.5000000000000004,-0.3943558551133187,0.9189578116202306,-0.8660254037844385,-0.5000000000000004,51.260847,-0.546053,33
2019-08-29 17:00:00,29.90699999999999,33.32449999999999,101.80166666666676,2.6333333333333333,0.5244856727415528,15.447160624988978,23.53519990859517,8,-0.9659258262890683,-0.25881904510252063,-0.3943558551133187,0.9189578116202306,-0.8660254037844385,-0.5000000000000004,51.260847,-0.546053,33
2019-08-29 18:00:00,26.92833333333334,36.17816666666667,101.79966666666674,3.8333333333333335,0.5462718542741373,14.851536700045573,18.701088781803545,8,-1.0,-1.8369701987210297e-16,-0.3943558551133187,0.9189578116202306,-0.8660254037844385,-0.5000000000000004,51.260847,-0.546053,33
2019-08-29 19:00:00,24.67766666666667,38.57349999999999,101.83133333333326,4.933333333333334,0.5474161842814558,11.109219182827543,19.648091774342596,8,-0.9659258262890684,0.2588190451025203,-0.3943558551133187,0.9189578116202306,-0.8660254037844385,-0.5000000000000004,51.260847,-0.546053,33
2019-08-29 20:00:00,23.080166666666685,40.52566666666669,101.86400000000003,5.983333333333333,0.5428855986291343,14.053106576512295,13.632334095331423,8,-0.8660254037844386,0.5000000000000001,-0.3943558551133187,0.9189578116202306,-0.8660254037844385,-0.5000000000000004,51.260847,-0.546053,33
2019-08-29 21:00:00,21.769333333333325,42.7133333333333,101.89666666666659,5.983333333333333,0.41996806825767996,9.079874969213904,9.528455826796336,8,-0.7071067811865477,0.7071067811865474,-0.3943558551133187,0.9189578116202306,-0.8660254037844385,-0.5000000000000004,51.260847,-0.546053,33
2019-08-29 22:00:00,20.76416666666668,44.547666666666686,101.91716666666669,5.066666666666666,0.39502761901361966,9.639848065674794,8.928458077927461,8,-0.5000000000000004,0.8660254037844384,-0.3943558551133187,0.9189578116202306,-0.8660254037844385,-0.5000000000000004,51.260847,-0.546053,33
2019-08-29 23:00:00,20.181833333333337,44.942666666666675,101.93033333333334,4.566666666666666,0.3543374879603019,10.810885743709123,13.373215075617415,8,-0.25881904510252157,0.9659258262890681,-0.3943558551133187,0.9189578116202306,-0.8660254037844385,-0.5000000000000004,51.260847,-0.546053,33
2019-08-30 00:00:00,19.665666666666667,45.78216666666666,101.96799999999998,4.333333333333333,0.3186849821680381,14.399224276212648,10.298530958043047,8,0.0,1.0,-0.20129852008866114,0.9795299412524943,-0.8660254037844385,-0.5000000000000004,51.260847,-0.546053,33
2019-08-30 01:00:00,19.14766666666667,46.459499999999984,101.95183333333321,4.216666666666667,0.29944615340128156,14.16749419607264,13.400661253545445,8,0.25881904510252074,0.9659258262890683,-0.20129852008866114,0.9795299412524943,-0.8660254037844385,-0.5000000000000004,51.260847,-0.546053,33
2019-08-30 02:00:00,18.60450000000001,46.87699999999998,101.96633333333324,4.383333333333334,0.28529505595915955,15.525670931134403,12.103767973164349,8,0.49999999999999994,0.8660254037844387,-0.20129852008866114,0.9795299412524943,-0.8660254037844385,-0.5000000000000004,51.260847,-0.546053,33
2019-08-30 03:00:00,18.282666666666668,48.50900000000001,101.95033333333325,3.9833333333333334,0.27174850457847666,14.636925155585576,10.796068920781336,8,0.7071067811865476,0.7071067811865476,-0.20129852008866114,0.9795299412524943,-0.8660254037844385,-0.5000000000000004,51.260847,-0.546053,33
2019-08-30 04:00:00,18.220166666666675,50.159000000000006,101.93033333333334,3.65,0.2597827709333666,16.056456722834408,11.21226083202684,8,0.8660254037844386,0.5000000000000001,-0.20129852008866114,0.9795299412524943,-0.8660254037844385,-0.5000000000000004,51.260847,-0.546053,33
2019-08-30 05:00:00,18.49833333333333,50.18333333333333,101.94399999999992,3.4833333333333334,0.25877500747907123,19.938017534761578,11.751433887538461,8,0.9659258262890683,0.25881904510252074,-0.20129852008866114,0.9795299412524943,-0.8660254037844385,-0.5000000000000004,51.260847,-0.546053,33
2019-08-30 06:00:00,18.6845,50.715,101.95916666666668,3.966666666666667,0.30042206179604797,20.08142703082275,12.053490580625267,8,1.0,6.123233995736766e-17,-0.20129852008866114,0.9795299412524943,-0.8660254037844385,-0.5000000000000004,51.260847,-0.546053,33
2019-08-30 07:00:00,19.557833333333335,50.9055,101.93400000000001,4.366666666666666,0.37013439230316136,30.141401037877177,12.79235983734395,8,0.9659258262890683,-0.25881904510252063,-0.20129852008866114,0.9795299412524943,-0.8660254037844385,-0.5000000000000004,51.260847,-0.546053,33
2019-08-30 08:00:00,20.99016666666666,50.69566666666667,101.92066666666672,4.5,0.440702601431555,33.565004664553705,14.905407171372211,8,0.8660254037844387,-0.4999999999999998,-0.20129852008866114,0.9795299412524943,-0.8660254037844385,-0.5000000000000004,51.260847,-0.546053,33
2019-08-30 09:00:00,24.325500000000016,48.048666666666705,101.92599999999987,4.766666666666667,0.4139591966870755,27.746788887093928,21.665930594625863,8,0.7071067811865476,-0.7071067811865475,-0.20129852008866114,0.9795299412524943,-0.8660254037844385,-0.5000000000000004,51.260847,-0.546053,33
2019-08-30 10:00:00,28.548166666666678,43.60033333333334,101.92116666666669,6.266666666666667,0.48368347378755144,39.12992753697566,29.687176495874887,8,0.49999999999999994,-0.8660254037844387,-0.20129852008866114,0.9795299412524943,-0.8660254037844385,-0.5000000000000004,51.260847,-0.546053,33
2019-08-30 11:00:00,31.22866666666665,39.02166666666668,101.91266666666655,6.066666666666666,0.4961862781357656,35.86617007796658,31.343673417887395,8,0.258819045102521,-0.9659258262890682,-0.20129852008866114,0.9795299412524943,-0.8660254037844385,-0.5000000000000004,51.260847,-0.546053,33
2019-08-30 12:00:00,32.12766666666669,37.12233333333332,101.88533333333334,4.366666666666666,0.4611117119754382,35.99459664715441,31.030308087348775,8,1.2246467991473532e-16,-1.0,-0.20129852008866114,0.9795299412524943,-0.8660254037844385,-0.5000000000000004,51.260847,-0.546053,33
2019-08-30 13:00:00,33.932666666666684,34.395166666666675,101.84566666666663,4.833333333333333,0.514893761633615,39.05886076005201,35.01133215852306,8,-0.2588190451025208,-0.9659258262890683,-0.20129852008866114,0.9795299412524943,-0.8660254037844385,-0.5000000000000004,51.260847,-0.546053,33
2019-08-30 14:00:00,35.83383333333334,32.38533333333333,101.7885000000001,5.616666666666666,0.4979486523035185,37.96302010443012,35.52893048842801,8,-0.4999999999999997,-0.8660254037844388,-0.20129852008866114,0.9795299412524943,-0.8660254037844385,-0.5000000000000004,51.260847,-0.546053,33
2019-08-30 15:00:00,37.470166666666664,30.990999999999993,101.74533333333326,6.533333333333333,0.533150101351231,36.25575528083011,31.915535051369144,8,-0.7071067811865471,-0.7071067811865479,-0.20129852008866114,0.9795299412524943,-0.8660254037844385,-0.5000000000000004,51.260847,-0.546053,33
2019-08-30 16:00:00,35.046166666666664,32.066333333333354,101.71183333333326,6.816666666666666,0.5309016820948538,33.76148944015333,11.21925351163825,8,-0.8660254037844385,-0.5000000000000004,-0.20129852008866114,0.9795299412524943,-0.8660254037844385,-0.5000000000000004,51.260847,-0.546053,33
2019-08-30 17:00:00,30.407166666666658,35.08249999999999,101.693,5.666666666666667,0.5931660022490763,30.430553831947538,15.601728858604513,8,-0.9659258262890683,-0.25881904510252063,-0.20129852008866114,0.9795299412524943,-0.8660254037844385,-0.5000000000000004,51.260847,-0.546053,33
2019-08-30 18:00:00,27.310999999999993,36.18316666666668,101.64483333333335,2.933333333333333,0.5661522533245275,24.678826376057874,17.91688039527722,8,-1.0,-1.8369701987210297e-16,-0.20129852008866114,0.9795299412524943,-0.8660254037844385,-0.5000000000000004,51.260847,-0.546053,33
2019-08-30 19:00:00,25.11366666666667,35.8203333333333,101.63333333333338,2.95,0.5311642498259644,25.772850851434416,18.53094754228467,8,-0.9659258262890684,0.2588190451025203,-0.20129852008866114,0.9795299412524943,-0.8660254037844385,-0.5000000000000004,51.260847,-0.546053,33
2019-08-30 20:00:00,23.330333333333343,37.91616666666665,101.62200000000009,9.066666666666666,0.5238604500294524,11.035927891369743,24.354004008316373,8,-0.8660254037844386,0.5000000000000001,-0.20129852008866114,0.9795299412524943,-0.8660254037844385,-0.5000000000000004,51.260847,-0.546053,33
2019-08-30 21:00:00,21.728666666666665,41.052333333333316,101.6121666666667,6.166666666666667,0.45693256126947873,8.9863238308615,17.514928118932445,8,-0.7071067811865477,0.7071067811865474,-0.20129852008866114,0.9795299412524943,-0.8660254037844385,-0.5000000000000004,51.260847,-0.546053,33
2019-08-30 22:00:00,20.404500000000002,42.96483333333334,101.56850000000009,4.633333333333334,0.39662249868803895,8.350011786154834,16.133643024066053,8,-0.5000000000000004,0.8660254037844384,-0.20129852008866114,0.9795299412524943,-0.8660254037844385,-0.5000000000000004,51.260847,-0.546053,33
2019-08-30 23:00:00,19.45850000000001,43.84,101.52700000000003,5.55,0.4038259539117861,13.25555468111775,19.451822971934437,8,-0.25881904510252157,0.9659258262890681,-0.20129852008866114,0.9795299412524943,-0.8660254037844385,-0.5000000000000004,51.260847,-0.546053,33
2019-08-31 00:00:00,18.87933333333333,45.48616666666666,101.45683333333326,3.716666666666667,0.3369593571925816,9.70781652114718,14.528171785928786,8,0.0,1.0,-2.4492935982947064e-16,1.0,-0.8660254037844385,-0.5000000000000004,51.260847,-0.546053,33
2019-08-31 01:00:00,18.566166666666675,46.03816666666666,101.39616666666667,4.616666666666666,0.3040219900398053,12.296962030639374,17.717134259910143,8,0.25881904510252074,0.9659258262890683,-2.4492935982947064e-16,1.0,-0.8660254037844385,-0.5000000000000004,51.260847,-0.546053,33
2019-08-31 02:00:00,18.206500000000002,45.661666666666676,101.3268333333334,5.283333333333333,0.2862557671670563,18.149546522456767,20.010849783528798,8,0.49999999999999994,0.8660254037844387,-2.4492935982947064e-16,1.0,-0.8660254037844385,-0.5000000000000004,51.260847,-0.546053,33
2019-08-31 03:00:00,17.418833333333335,44.713000000000015,101.24699999999993,7.466666666666667,0.27466602009888796,17.628908867316646,24.18102437660064,8,0.7071067811865476,0.7071067811865476,-2.4492935982947064e-16,1.0,-0.8660254037844385,-0.5000000000000004,51.260847,-0.546053,33
2019-08-31 04:00:00,16.91866666666667,44.61916666666666,101.17116666666662,9.866666666666667,0.27010570986916094,18.0957611472197,24.630613647959198,8,0.8660254037844386,0.5000000000000001,-2.4492935982947064e-16,1.0,-0.8660254037844385,-0.5000000000000004,51.260847,-0.546053,33
2019-08-31 05:00:00,16.621333333333332,44.62899999999998,101.10650000000001,9.316666666666666,0.3268466737589918,22.992314026192656,23.840741717907516,8,0.9659258262890683,0.25881904510252074,-2.4492935982947064e-16,1.0,-0.8660254037844385,-0.5000000000000004,51.260847,-0.546053,33
2019-08-31 06:00:00,16.435333333333332,44.640333333333324,101.04416666666663,11.433333333333334,0.33767471102939867,26.16596149852345,23.71433143154731,8,1.0,6.123233995736766e-17,-2.4492935982947064e-16,1.0,-0.8660254037844385,-0.5000000000000004,51.260847,-0.546053,33
2019-08-31 07:00:00,17.18566666666666,44.86883333333333,101.03016666666669,13.45,0.3997298655195187,29.870366013809754,24.06838776500729,8,0.9659258262890683,-0.25881904510252063,-2.4492935982947064e-16,1.0,-0.8660254037844385,-0.5000000000000004,51.260847,-0.546053,33
2019-08-31 08:00:00,20.11483333333334,46.397833333333345,101.0043333333333,11.95,0.5427990208307301,23.56977482500023,21.317038975779614,8,0.8660254037844387,-0.4999999999999998,-2.4492935982947064e-16,1.0,-0.8660254037844385,-0.5000000000000004,51.260847,-0.546053,33
2019-08-31 09:00:00,23.770500000000006,46.28466666666667,100.9843333333332,11.366666666666667,0.5134513457687023,33.45512301314408,22.727413714673126,8,0.7071067811865476,-0.7071067811865475,-2.4492935982947064e-16,1.0,-0.8660254037844385,-0.5000000000000004,51.260847,-0.546053,33
2019-08-31 10:00:00,26.087166666666658,44.18533333333333,100.95349999999993,11.0,0.5355073038573444,33.090300774261614,21.375105336407618,8,0.49999999999999994,-0.8660254037844387,-2.4492935982947064e-16,1.0,-0.8660254037844385,-0.5000000000000004,51.260847,-0.546053,33
2019-08-31 11:00:00,29.842666666666656,40.261666666666656,100.883,10.15,0.5687600353426271,34.670450513319324,34.83361307161356,8,0.258819045102521,-0.9659258262890682,-2.4492935982947064e-16,1.0,-0.8660254037844385,-0.5000000000000004,51.260847,-0.546053,33
2019-08-31 12:00:00,36.20533333333334,32.83316666666667,100.77733333333332,6.566666666666666,0.5735107190975138,49.26483777929506,47.72527148979877,8,1.2246467991473532e-16,-1.0,-2.4492935982947064e-16,1.0,-0.8660254037844385,-0.5000000000000004,51.260847,-0.546053,33
2019-08-31 13:00:00,33.99250000000002,33.28250000000002,100.73983333333345,5.533333333333333,0.5608699291362474,40.31503100683847,17.29675067005555,8,-0.2588190451025208,-0.9659258262890683,-2.4492935982947064e-16,1.0,-0.8660254037844385,-0.5000000000000004,51.260847,-0.546053,33
2019-08-31 14:00:00,30.418166666666664,37.01900000000001,100.7893333333334,9.35,0.5592023519625868,28.55846860694809,11.335234546033611,8,-0.4999999999999997,-0.8660254037844388,-2.4492935982947064e-16,1.0,-0.8660254037844385,-0.5000000000000004,51.260847,-0.546053,33
2019-08-31 15:00:00,29.42316666666666,38.081166666666654,100.76200000000004,4.5,0.49655461692519154,19.28776559389128,20.289784505445684,8,-0.7071067811865471,-0.7071067811865479,-2.4492935982947064e-16,1.0,-0.8660254037844385,-0.5000000000000004,51.260847,-0.546053,33
2019-08-31 16:00:00,26.251500000000014,40.706166666666654,100.81216666666666,1.2666666666666666,0.4718783436802741,13.414259477962828,20.93599614857027,8,-0.8660254037844385,-0.5000000000000004,-2.4492935982947064e-16,1.0,-0.8660254037844385,-0.5000000000000004,51.260847,-0.546053,33
2019-08-31 17:00:00,25.245833333333348,42.214999999999996,100.80700000000009,1.9666666666666666,0.5086706763293648,21.5348985192389,20.12203176604904,8,-0.9659258262890683,-0.25881904510252063,-2.4492935982947064e-16,1.0,-0.8660254037844385,-0.5000000000000004,51.260847,-0.546053,33
2019-08-31 18:00:00,24.669500000000003,41.24583333333332,100.84649999999992,1.0,0.358248792031844,26.745095357136083,16.065143646285808,8,-1.0,-1.8369701987210297e-16,-2.4492935982947064e-16,1.0,-0.8660254037844385,-0.5000000000000004,51.260847,-0.546053,33
2019-08-31 19:00:00,23.292333333333332,41.121499999999976,100.9086666666667,2.4,0.41469898106134967,23.647445142060025,19.213712019788893,8,-0.9659258262890684,0.2588190451025203,-2.4492935982947064e-16,1.0,-0.8660254037844385,-0.5000000000000004,51.260847,-0.546053,33
2019-08-31 20:00:00,21.65383333333334,41.837999999999994,101.00516666666665,5.933333333333334,0.36240378844403176,19.993523779690552,23.048732236723975,8,-0.8660254037844386,0.5000000000000001,-2.4492935982947064e-16,1.0,-0.8660254037844385,-0.5000000000000004,51.260847,-0.546053,33
2019-08-31 21:00:00,20.447,42.53250000000003,101.07799999999993,7.016666666666667,0.3577726917159025,15.005843453976631,23.467428832269604,8,-0.7071067811865477,0.7071067811865474,-2.4492935982947064e-16,1.0,-0.8660254037844385,-0.5000000000000004,51.260847,-0.546053,33
2019-08-31 22:00:00,19.364500000000003,43.04800000000001,101.14616666666662,4.55,0.3132694820341645,11.929724445604872,24.76965721325549,8,-0.5000000000000004,0.8660254037844384,-2.4492935982947064e-16,1.0,-0.8660254037844385,-0.5000000000000004,51.260847,-0.546053,33
2019-08-31 23:00:00,18.316166666666668,43.88433333333331,101.20083333333336,5.933333333333334,0.32571793449119113,13.075625152516801,24.048897001775206,8,-0.25881904510252157,0.9659258262890681,-2.4492935982947064e-16,1.0,-0.8660254037844385,-0.5000000000000004,51.260847,-0.546053,33
2019-09-01 00:00:00,18.031666666666663,44.88750000000001,101.24533333333338,3.566666666666667,0.3059648686432358,11.538215059747474,26.177791981938945,9,0.0,1.0,0.20129852008866006,0.9795299412524945,-1.0,-1.8369701987210297e-16,51.260847,-0.546053,33
2019-09-01 01:00:00,17.952,45.152000000000015,101.26200000000014,3.183333333333333,0.2836705841529371,12.949834244082174,26.627849350638638,9,0.25881904510252074,0.9659258262890683,0.20129852008866006,0.9795299412524945,-1.0,-1.8369701987210297e-16,51.260847,-0.546053,33
2019-09-01 02:00:00,17.748333333333335,44.75549999999998,101.25916666666681,2.816666666666667,0.2747651007621871,14.1747138891047,27.780277142966586,9,0.49999999999999994,0.8660254037844387,0.20129852008866006,0.9795299412524945,-1.0,-1.8369701987210297e-16,51.260847,-0.546053,33
2019-09-01 03:00:00,17.42883333333333,44.987333333333325,101.27000000000008,2.5166666666666666,0.2669544732699071,12.914637743490584,27.979795107953926,9,0.7071067811865476,0.7071067811865476,0.20129852008866006,0.9795299412524945,-1.0,-1.8369701987210297e-16,51.260847,-0.546053,33
2019-09-01 04:00:00,16.773499999999995,45.27400000000001,101.28866666666664,2.783333333333333,0.2587081148813881,12.681941391032542,29.069131772449364,9,0.8660254037844386,0.5000000000000001,0.20129852008866006,0.9795299412524945,-1.0,-1.8369701987210297e-16,51.260847,-0.546053,33
2019-09-01 05:00:00,16.486333333333338,45.65300000000003,101.3030000000001,2.716666666666667,0.25369895407243453,10.760899533143354,29.546428725857687,9,0.9659258262890683,0.25881904510252074,0.20129852008866006,0.9795299412524945,-1.0,-1.8369701987210297e-16,51.260847,-0.546053,33
2019-09-01 06:00:00,16.54166666666666,46.17983333333333,101.36016666666669,2.9833333333333334,0.277713177159381,14.187187054241244,28.822559432840702,9,1.0,6.123233995736766e-17,0.20129852008866006,0.9795299412524945,-1.0,-1.8369701987210297e-16,51.260847,-0.546053,33
2019-09-01 07:00:00,16.866500000000006,46.23499999999999,101.44566666666671,2.316666666666667,0.3282961092408475,16.96366302921333,27.186335589241992,9,0.9659258262890683,-0.25881904510252063,0.20129852008866006,0.9795299412524945,-1.0,-1.8369701987210297e-16,51.260847,-0.546053,33
2019-09-01 08:00:00,18.859333333333332,45.42616666666667,101.47533333333318,1.5166666666666666,0.26740144690573514,23.89167186282303,23.68535201935996,9,0.8660254037844387,-0.4999999999999998,0.20129852008866006,0.9795299412524945,-1.0,-1.8369701987210297e-16,51.260847,-0.546053,33
2019-09-01 09:00:00,24.261499999999998,42.914666666666655,101.48733333333327,1.0333333333333334,0.3120658882958784,42.82415334030911,26.64608749034644,9,0.7071067811865476,-0.7071067811865475,0.20129852008866006,0.9795299412524945,-1.0,-1.8369701987210297e-16,51.260847,-0.546053,33
2019-09-01 10:00:00,30.644500000000015,38.393499999999996,101.51516666666674,0.9333333333333333,0.3197749224425681,54.38168385716894,37.52214357263096,9,0.49999999999999994,-0.8660254037844387,0.20129852008866006,0.9795299412524945,-1.0,-1.8369701987210297e-16,51.260847,-0.546053,33
2019-09-01 11:00:00,35.800000000000026,33.53266666666666,101.51050000000001,1.2,0.36040380308087755,50.645605969229436,59.65817150357811,9,0.258819045102521,-0.9659258262890682,0.20129852008866006,0.9795299412524945,-1.0,-1.8369701987210297e-16,51.260847,-0.546053,33
2019-09-01 12:00:00,36.14016666666669,31.519833333333338,101.52200000000009,0.6666666666666666,0.31518540228120606,51.59091379963774,35.7942055944909,9,1.2246467991473532e-16,-1.0,0.20129852008866006,0.9795299412524945,-1.0,-1.8369701987210297e-16,51.260847,-0.546053,33
2019-09-01 13:00:00,34.01199999999999,32.582666666666675,101.53083333333339,0.85,0.3144549685664816,41.138891427095174,32.71625096339265,9,-0.2588190451025208,-0.9659258262890683,0.20129852008866006,0.9795299412524945,-1.0,-1.8369701987210297e-16,51.260847,-0.546053,33
2019-09-01 14:00:00,34.02166666666667,31.61949999999999,101.52266666666671,0.4,0.2829835282651768,35.04939527828052,34.51781183274522,9,-0.4999999999999997,-0.8660254037844388,0.20129852008866006,0.9795299412524945,-1.0,-1.8369701987210297e-16,51.260847,-0.546053,33
2019-09-01 15:00:00,31.987000000000002,31.71100000000001,101.5448333333334,0.31666666666666665,0.29100985288185205,36.54606742246114,15.210422830413666,9,-0.7071067811865471,-0.7071067811865479,0.20129852008866006,0.9795299412524945,-1.0,-1.8369701987210297e-16,51.260847,-0.546053,33
2019-09-01 16:00:00,33.27833333333335,30.868666666666673,101.57249999999999,0.5166666666666667,0.2712167506202811,34.17676075857357,19.35933439945965,9,-0.8660254037844385,-0.5000000000000004,0.20129852008866006,0.9795299412524945,-1.0,-1.8369701987210297e-16,51.260847,-0.546053,33
2019-09-01 17:00:00,30.753666666666675,31.18549999999999,101.62383333333337,0.25,0.2698514370169394,33.534049772653674,12.180266733320668,9,-0.9659258262890683,-0.25881904510252063,0.20129852008866006,0.9795299412524945,-1.0,-1.8369701987210297e-16,51.260847,-0.546053,33
2019-09-01 18:00:00,25.768166666666666,34.08483333333333,101.67683333333328,0.5833333333333334,0.2707855569319743,23.639848495173528,14.15958412298374,9,-1.0,-1.8369701987210297e-16,0.20129852008866006,0.9795299412524945,-1.0,-1.8369701987210297e-16,51.260847,-0.546053,33
2019-09-01 19:00:00,22.804000000000006,35.45083333333333,101.75666666666675,1.4333333333333333,0.2726721612908984,18.025135800070007,20.741346487654074,9,-0.9659258262890684,0.2588190451025203,0.20129852008866006,0.9795299412524945,-1.0,-1.8369701987210297e-16,51.260847,-0.546053,33
2019-09-01 20:00:00,20.331666666666656,36.35150000000001,101.84483333333338,1.2,0.2686749000232048,10.595894694232507,27.271844088618064,9,-0.8660254037844386,0.5000000000000001,0.20129852008866006,0.9795299412524945,-1.0,-1.8369701987210297e-16,51.260847,-0.546053,33
2019-09-01 21:00:00,18.726,37.05366666666665,101.92183333333318,5.083333333333333,0.31012180632954306,10.340572591019056,27.412671541456955,9,-0.7071067811865477,0.7071067811865474,0.20129852008866006,0.9795299412524945,-1.0,-1.8369701987210297e-16,51.260847,-0.546053,33
2019-09-01 22:00:00,18.06666666666667,37.40700000000001,101.96766666666652,6.283333333333333,0.3483758275708191,12.065711717953773,27.302795106169583,9,-0.5000000000000004,0.8660254037844384,0.20129852008866006,0.9795299412524945,-1.0,-1.8369701987210297e-16,51.260847,-0.546053,33
2019-09-01 23:00:00,17.112166666666667,38.189,102.0045,4.733333333333333,0.31889464734127054,9.860162130287726,25.24924271263415,9,-0.25881904510252157,0.9659258262890681,0.20129852008866006,0.9795299412524945,-1.0,-1.8369701987210297e-16,51.260847,-0.546053,33
2019-09-02 00:00:00,16.281333333333336,38.72616666666667,102.04600000000012,3.3833333333333333,0.2913443877693089,10.424653310158819,24.63496198905092,9,0.0,1.0,0.39435585511331855,0.9189578116202306,-1.0,-1.8369701987210297e-16,51.260847,-0.546053,33
2019-09-02 01:00:00,15.294833333333333,38.86366666666665,102.08383333333339,2.65,0.26331179158559875,14.681036829556882,22.394050161937102,9,0.25881904510252074,0.9659258262890683,0.39435585511331855,0.9189578116202306,-1.0,-1.8369701987210297e-16,51.260847,-0.546053,33
2019-09-02 02:00:00,14.128000000000002,39.16483333333336,102.09500000000003,2.566666666666667,0.2523253001802831,12.173063547943464,24.400475935612643,9,0.49999999999999994,0.8660254037844387,0.39435585511331855,0.9189578116202306,-1.0,-1.8369701987210297e-16,51.260847,-0.546053,33
2019-09-02 03:00:00,13.39566666666667,39.47583333333334,102.0799999999999,3.033333333333333,0.2479817466397729,10.951517298768408,26.08907999197681,9,0.7071067811865476,0.7071067811865476,0.39435585511331855,0.9189578116202306,-1.0,-1.8369701987210297e-16,51.260847,-0.546053,33
2019-09-02 04:00:00,13.792166666666665,40.69733333333332,102.08683333333344,1.9333333333333333,0.244234258857969,14.819418742819163,18.66309533428019,9,0.8660254037844386,0.5000000000000001,0.39435585511331855,0.9189578116202306,-1.0,-1.8369701987210297e-16,51.260847,-0.546053,33
2019-09-02 05:00:00,14.267999999999997,42.47166666666666,102.09833333333334,2.3833333333333333,0.24857285136461804,14.816355136189694,14.079607642965215,9,0.9659258262890683,0.25881904510252074,0.39435585511331855,0.9189578116202306,-1.0,-1.8369701987210297e-16,51.260847,-0.546053,33
2019-09-02 06:00:00,14.502166666666671,43.951499999999996,102.13666666666673,4.75,0.4542625108973102,26.37922296799958,13.197341527321692,9,1.0,6.123233995736766e-17,0.39435585511331855,0.9189578116202306,-1.0,-1.8369701987210297e-16,51.260847,-0.546053,33
2019-09-02 07:00:00,16.202166666666674,44.24883333333335,102.16449999999995,4.05,0.5071612959677277,30.443638189214905,13.776908358343027,9,0.9659258262890683,-0.25881904510252063,0.39435585511331855,0.9189578116202306,-1.0,-1.8369701987210297e-16,51.260847,-0.546053,33
2019-09-02 08:00:00,18.488166666666665,43.84516666666666,102.18699999999997,4.966666666666667,0.5772533934276992,30.564830849480806,17.699774150710418,9,0.8660254037844387,-0.4999999999999998,0.39435585511331855,0.9189578116202306,-1.0,-1.8369701987210297e-16,51.260847,-0.546053,33
2019-09-02 09:00:00,23.00833333333335,41.551666666666655,102.15716666666658,3.066666666666667,0.5105965224282885,34.49352374036156,27.844394171815903,9,0.7071067811865476,-0.7071067811865475,0.39435585511331855,0.9189578116202306,-1.0,-1.8369701987210297e-16,51.260847,-0.546053,33
2019-09-02 10:00:00,29.123833333333323,37.01433333333333,102.16183333333329,1.8,0.5597484970815557,37.05833364855933,36.75428703120069,9,0.49999999999999994,-0.8660254037844387,0.39435585511331855,0.9189578116202306,-1.0,-1.8369701987210297e-16,51.260847,-0.546053,33
2019-09-02 11:00:00,34.05266666666668,32.43316666666667,102.15149999999994,1.0833333333333333,0.47799579037181167,42.028495035615364,44.49330937910593,9,0.258819045102521,-0.9659258262890682,0.39435585511331855,0.9189578116202306,-1.0,-1.8369701987210297e-16,51.260847,-0.546053,33
2019-09-02 12:00:00,38.641166666666685,28.07933333333332,102.15266666666663,1.3166666666666667,0.48244875533263126,48.89092708586613,48.21435648564554,9,1.2246467991473532e-16,-1.0,0.39435585511331855,0.9189578116202306,-1.0,-1.8369701987210297e-16,51.260847,-0.546053,33
2019-09-02 13:00:00,35.44116666666666,29.906333333333325,102.1395,0.8666666666666667,0.47761033582635676,40.42784625480192,20.485573934587403,9,-0.2588190451025208,-0.9659258262890683,0.39435585511331855,0.9189578116202306,-1.0,-1.8369701987210297e-16,51.260847,-0.546053,33
2019-09-02 14:00:00,33.556333333333335,30.57966666666666,102.085,1.1166666666666667,0.46902803862699255,32.6898664027374,19.133611550698255,9,-0.4999999999999997,-0.8660254037844388,0.39435585511331855,0.9189578116202306,-1.0,-1.8369701987210297e-16,51.260847,-0.546053,33
2019-09-02 15:00:00,30.829500000000003,31.432833333333342,102.07600000000004,1.7166666666666666,0.5527980735055243,43.61975102087209,15.75570041246585,9,-0.7071067811865471,-0.7071067811865479,0.39435585511331855,0.9189578116202306,-1.0,-1.8369701987210297e-16,51.260847,-0.546053,33
2019-09-02 16:00:00,27.66183333333333,34.46866666666667,102.08016666666664,1.9666666666666666,0.5410561085982545,11.911052759334142,27.82061239772178,9,-0.8660254037844385,-0.5000000000000004,0.39435585511331855,0.9189578116202306,-1.0,-1.8369701987210297e-16,51.260847,-0.546053,33
2019-09-02 17:00:00,26.42716666666667,35.75116666666666,102.08249999999994,1.3166666666666667,0.4475616526783641,9.972693086287808,29.379878907135993,9,-0.9659258262890683,-0.25881904510252063,0.39435585511331855,0.9189578116202306,-1.0,-1.8369701987210297e-16,51.260847,-0.546053,33
2019-09-02 18:00:00,26.06400000000001,36.45816666666667,102.08316666666676,1.45,0.467998421648252,13.971633900417173,26.4556796343311,9,-1.0,-1.8369701987210297e-16,0.39435585511331855,0.9189578116202306,-1.0,-1.8369701987210297e-16,51.260847,-0.546053,33
2019-09-02 19:00:00,24.531499999999987,37.97833333333333,102.0535,2.2666666666666666,0.449849567213466,15.308071995097288,22.554144214079937,9,-0.9659258262890684,0.2588190451025203,0.39435585511331855,0.9189578116202306,-1.0,-1.8369701987210297e-16,51.260847,-0.546053,33
2019-09-02 20:00:00,23.044000000000008,39.850666666666676,102.10166666666662,2.4833333333333334,0.4641410229370076,15.515997410305799,21.92966792167026,9,-0.8660254037844386,0.5000000000000001,0.39435585511331855,0.9189578116202306,-1.0,-1.8369701987210297e-16,51.260847,-0.546053,33
2019-09-02 21:00:00,22.449833333333313,40.77766666666667,102.14066666666675,4.183333333333334,0.447074918872606,15.081318492713605,20.578501641376768,9,-0.7071067811865477,0.7071067811865474,0.39435585511331855,0.9189578116202306,-1.0,-1.8369701987210297e-16,51.260847,-0.546053,33
2019-09-02 22:00:00,21.72566666666668,42.31600000000001,102.12266666666659,4.15,0.39048338011174005,12.469982353674032,18.631732282417648,9,-0.5000000000000004,0.8660254037844384,0.39435585511331855,0.9189578116202306,-1.0,-1.8369701987210297e-16,51.260847,-0.546053,33
2019-09-02 23:00:00,21.454500000000017,43.27483333333334,102.1103333333333,3.783333333333333,0.34723177002302624,14.741757582212909,20.324792977652354,9,-0.25881904510252157,0.9659258262890681,0.39435585511331855,0.9189578116202306,-1.0,-1.8369701987210297e-16,51.260847,-0.546053,33
2019-09-03 00:00:00,20.957999999999995,43.46,102.09716666666664,3.2333333333333334,0.3220590338967924,11.815659124218325,21.592451236329627,9,0.0,1.0,0.5712682150947923,0.8207634412072763,-1.0,-1.8369701987210297e-16,51.260847,-0.546053,33
2019-09-03 01:00:00,20.350166666666663,43.76833333333331,102.12633333333339,2.0,0.2954235004194705,15.271788455403588,20.88439557861115,9,0.25881904510252074,0.9659258262890683,0.5712682150947923,0.8207634412072763,-1.0,-1.8369701987210297e-16,51.260847,-0.546053,33
2019-09-03 02:00:00,20.574999999999996,43.608333333333334,102.11100000000003,1.5333333333333334,0.2728397579565533,13.776598863898696,22.755256041774295,9,0.49999999999999994,0.8660254037844387,0.5712682150947923,0.8207634412072763,-1.0,-1.8369701987210297e-16,51.260847,-0.546053,33
2019-09-03 03:00:00,20.450999999999997,44.15733333333331,102.09950000000008,1.5,0.26287227274512254,13.435857808908956,20.883979851534647,9,0.7071067811865476,0.7071067811865476,0.5712682150947923,0.8207634412072763,-1.0,-1.8369701987210297e-16,51.260847,-0.546053,33
2019-09-03 04:00:00,20.397833333333324,44.44316666666666,102.08933333333336,1.8166666666666667,0.25775688299448424,14.663488906045183,20.650742865547524,9,0.8660254037844386,0.5000000000000001,0.5712682150947923,0.8207634412072763,-1.0,-1.8369701987210297e-16,51.260847,-0.546053,33
2019-09-03 05:00:00,20.26966666666665,44.90833333333333,102.09316666666676,1.7666666666666666,0.2673011288220909,14.824022583266137,21.53824408132751,9,0.9659258262890683,0.25881904510252074,0.5712682150947923,0.8207634412072763,-1.0,-1.8369701987210297e-16,51.260847,-0.546053,33
2019-09-03 06:00:00,20.319999999999986,45.285666666666664,102.11433333333336,2.7666666666666666,0.3200174681827107,20.021891826427836,20.34989846204934,9,1.0,6.123233995736766e-17,0.5712682150947923,0.8207634412072763,-1.0,-1.8369701987210297e-16,51.260847,-0.546053,33
2019-09-03 07:00:00,20.764000000000006,44.91966666666668,102.15416666666657,7.783333333333333,0.4004726810060156,19.63181525013155,22.492769849223198,9,0.9659258262890683,-0.25881904510252063,0.5712682150947923,0.8207634412072763,-1.0,-1.8369701987210297e-16,51.260847,-0.546053,33
2019-09-03 08:00:00,21.81966666666667,44.62633333333331,102.1635000000001,0.9666666666666667,0.396117445763347,21.98913090415664,23.44344849499511,9,0.8660254037844387,-0.4999999999999998,0.5712682150947923,0.8207634412072763,-1.0,-1.8369701987210297e-16,51.260847,-0.546053,33
2019-09-03 09:00:00,23.556000000000004,43.22850000000002,102.17599999999993,2.0,0.46007870438926896,25.34685069939986,24.554257779543164,9,0.7071067811865476,-0.7071067811865475,0.5712682150947923,0.8207634412072763,-1.0,-1.8369701987210297e-16,51.260847,-0.546053,33
2019-09-03 10:00:00,26.8905,40.64000000000002,102.15283333333325,1.75,0.38228297277903694,33.750425779362125,26.765615221439024,9,0.49999999999999994,-0.8660254037844387,0.5712682150947923,0.8207634412072763,-1.0,-1.8369701987210297e-16,51.260847,-0.546053,33
2019-09-03 11:00:00,28.18366666666666,39.035,102.13899999999994,2.6333333333333333,0.3601091721614338,33.82066978754286,25.56305110471402,9,0.258819045102521,-0.9659258262890682,0.5712682150947923,0.8207634412072763,-1.0,-1.8369701987210297e-16,51.260847,-0.546053,33
2019-09-03 12:00:00,29.42116666666667,37.89483333333333,102.11116666666663,2.1,0.3676903811648789,32.00166602732124,25.3388974267498,9,1.2246467991473532e-16,-1.0,0.5712682150947923,0.8207634412072763,-1.0,-1.8369701987210297e-16,51.260847,-0.546053,33
2019-09-03 13:00:00,29.56883333333333,38.052,102.09966666666668,1.9,0.41524187937097257,29.34418159071479,28.5377583955802,9,-0.2588190451025208,-0.9659258262890683,0.5712682150947923,0.8207634412072763,-1.0,-1.8369701987210297e-16,51.260847,-0.546053,33
2019-09-03 14:00:00,28.34333333333333,39.025500000000015,102.06533333333333,1.8833333333333333,0.39239170554950664,25.045968846572045,27.280019984678237,9,-0.4999999999999997,-0.8660254037844388,0.5712682150947923,0.8207634412072763,-1.0,-1.8369701987210297e-16,51.260847,-0.546053,33
2019-09-03 15:00:00,27.568499999999993,39.83616666666667,102.03816666666665,1.05,0.3694624692715492,20.34053278868416,29.8861713513732,9,-0.7071067811865471,-0.7071067811865479,0.5712682150947923,0.8207634412072763,-1.0,-1.8369701987210297e-16,51.260847,-0.546053,33
2019-09-03 16:00:00,26.233499999999985,41.138999999999996,102.01033333333335,2.3,0.3732096353997466,16.04928989315581,29.976816754445004,9,-0.8660254037844385,-0.5000000000000004,0.5712682150947923,0.8207634412072763,-1.0,-1.8369701987210297e-16,51.260847,-0.546053,33
2019-09-03 17:00:00,26.520166666666665,41.25283333333332,101.96099999999996,1.9833333333333334,0.44862320418399587,24.844802536954557,29.144096875783664,9,-0.9659258262890683,-0.25881904510252063,0.5712682150947923,0.8207634412072763,-1.0,-1.8369701987210297e-16,51.260847,-0.546053,33
2019-09-03 18:00:00,25.931166666666677,41.74966666666669,101.92716666666674,2.65,0.45498165646252436,25.900219871321042,26.8613684497203,9,-1.0,-1.8369701987210297e-16,0.5712682150947923,0.8207634412072763,-1.0,-1.8369701987210297e-16,51.260847,-0.546053,33
2019-09-03 19:00:00,24.900666666666663,42.69049999999997,101.9148333333333,4.416666666666667,0.5041718927583313,26.068543423448784,25.568113627130376,9,-0.9659258262890684,0.2588190451025203,0.5712682150947923,0.8207634412072763,-1.0,-1.8369701987210297e-16,51.260847,-0.546053,33
2019-09-03 20:00:00,23.530499999999993,44.22333333333332,101.90533333333323,3.8833333333333333,0.42690366549452907,14.136386387024144,23.205204671857704,9,-0.8660254037844386,0.5000000000000001,0.5712682150947923,0.8207634412072763,-1.0,-1.8369701987210297e-16,51.260847,-0.546053,33
2019-09-03 21:00:00,21.956833333333332,46.152333333333324,101.86483333333345,4.466666666666667,0.3985534723238671,13.395120796541034,18.38893299038886,9,-0.7071067811865477,0.7071067811865474,0.5712682150947923,0.8207634412072763,-1.0,-1.8369701987210297e-16,51.260847,-0.546053,33
2019-09-03 22:00:00,21.01816666666665,47.95600000000001,101.8026666666667,3.5833333333333335,0.3513712740838585,9.264364768302645,18.672884793830676,9,-0.5000000000000004,0.8660254037844384,0.5712682150947923,0.8207634412072763,-1.0,-1.8369701987210297e-16,51.260847,-0.546053,33
2019-09-03 23:00:00,20.540499999999984,49.227,101.7323333333333,3.35,0.30825602998768364,9.30050817936614,18.597574002141652,9,-0.25881904510252157,0.9659258262890681,0.5712682150947923,0.8207634412072763,-1.0,-1.8369701987210297e-16,51.260847,-0.546053,33
2019-09-04 00:00:00,20.019999999999996,50.370166666666705,101.67383333333329,3.75,0.28290264941184884,10.54461626066228,18.476166638737745,9,0.0,1.0,0.72479278722912,0.6889669190756866,-1.0,-1.8369701987210297e-16,51.260847,-0.546053,33
2019-09-04 01:00:00,19.92999999999999,51.150000000000055,101.56999999999995,3.0,0.29894804062617164,14.586554259910232,17.570074188936704,9,0.25881904510252074,0.9659258262890683,0.72479278722912,0.6889669190756866,-1.0,-1.8369701987210297e-16,51.260847,-0.546053,33
2019-09-04 02:00:00,20.150833333333328,50.951333333333324,101.51833333333325,2.3,0.2525096682434001,17.115222419109436,15.868928502495828,9,0.49999999999999994,0.8660254037844387,0.72479278722912,0.6889669190756866,-1.0,-1.8369701987210297e-16,51.260847,-0.546053,33
2019-09-04 03:00:00,20.367,51.001833333333366,101.43099999999997,2.85,0.2452443382182318,16.452993337148094,16.23425760554866,9,0.7071067811865476,0.7071067811865476,0.72479278722912,0.6889669190756866,-1.0,-1.8369701987210297e-16,51.260847,-0.546053,33
2019-09-04 04:00:00,19.97616666666666,52.42816666666667,101.35366666666663,3.7666666666666666,0.23989991974724673,13.085924138994464,16.045414454837363,9,0.8660254037844386,0.5000000000000001,0.72479278722912,0.6889669190756866,-1.0,-1.8369701987210297e-16,51.260847,-0.546053,33
2019-09-04 05:00:00,19.53433333333334,54.45049999999999,101.27183333333336,2.033333333333333,0.25215586441283044,12.591358838228901,17.255906611561823,9,0.9659258262890683,0.25881904510252074,0.72479278722912,0.6889669190756866,-1.0,-1.8369701987210297e-16,51.260847,-0.546053,33
2019-09-04 06:00:00,19.50533333333334,57.090833333333336,101.2398333333333,1.7333333333333334,0.31754420548703216,20.328666362350308,19.175279836510338,9,1.0,6.123233995736766e-17,0.72479278722912,0.6889669190756866,-1.0,-1.8369701987210297e-16,51.260847,-0.546053,33
2019-09-04 07:00:00,19.961500000000004,60.09866666666667,101.2393333333332,1.6,0.46778833643325063,37.58045359356138,14.095973979727303,9,0.9659258262890683,-0.25881904510252063,0.72479278722912,0.6889669190756866,-1.0,-1.8369701987210297e-16,51.260847,-0.546053,33
2019-09-04 08:00:00,20.85166666666667,63.044666666666664,101.22,1.2166666666666666,0.460599506988201,38.02945130032035,21.210324431643183,9,0.8660254037844387,-0.4999999999999998,0.72479278722912,0.6889669190756866,-1.0,-1.8369701987210297e-16,51.260847,-0.546053,33
2019-09-04 09:00:00,23.152166666666677,63.20033333333332,101.20900000000003,1.8166666666666667,0.3699518368527212,32.05823396906053,30.74773727202139,9,0.7071067811865476,-0.7071067811865475,0.72479278722912,0.6889669190756866,-1.0,-1.8369701987210297e-16,51.260847,-0.546053,33
2019-09-04 10:00:00,25.949166666666677,59.11766666666667,101.21583333333321,2.283333333333333,0.29616417407136375,32.82075013041281,27.470559426705027,9,0.49999999999999994,-0.8660254037844387,0.72479278722912,0.6889669190756866,-1.0,-1.8369701987210297e-16,51.260847,-0.546053,33
2019-09-04 11:00:00,29.230333333333338,51.09016666666666,101.23933333333326,2.1166666666666667,0.29787801260196706,40.67698279691818,31.11146248902745,9,0.258819045102521,-0.9659258262890682,0.72479278722912,0.6889669190756866,-1.0,-1.8369701987210297e-16,51.260847,-0.546053,33
2019-09-04 12:00:00,34.85033333333334,41.09066666666666,101.24316666666664,1.1333333333333333,0.2882593739714047,45.849117650953026,48.26418857911465,9,1.2246467991473532e-16,-1.0,0.72479278722912,0.6889669190756866,-1.0,-1.8369701987210297e-16,51.260847,-0.546053,33
2019-09-04 13:00:00,37.62833333333333,35.207333333333324,101.26150000000003,3.95,0.2699113970333611,50.844421587184065,37.38204206714697,9,-0.2588190451025208,-0.9659258262890683,0.72479278722912,0.6889669190756866,-1.0,-1.8369701987210297e-16,51.260847,-0.546053,33
2019-09-04 14:00:00,34.922833333333344,34.270500000000006,101.26583333333336,1.2166666666666666,0.29098764743051964,33.1525855320365,22.237890707050166,9,-0.4999999999999997,-0.8660254037844388,0.72479278722912,0.6889669190756866,-1.0,-1.8369701987210297e-16,51.260847,-0.546053,33
2019-09-04 15:00:00,35.45516666666665,32.12883333333331,101.2631666666667,0.9666666666666667,0.27634136615318705,28.08991220083842,19.95505699501512,9,-0.7071067811865471,-0.7071067811865479,0.72479278722912,0.6889669190756866,-1.0,-1.8369701987210297e-16,51.260847,-0.546053,33
2019-09-04 16:00:00,33.971166666666655,32.276833333333336,101.26716666666675,1.3833333333333333,0.297803952805098,22.699537636698658,19.51623896792304,9,-0.8660254037844385,-0.5000000000000004,0.72479278722912,0.6889669190756866,-1.0,-1.8369701987210297e-16,51.260847,-0.546053,33
2019-09-04 17:00:00,28.730833333333347,35.421833333333346,101.28716666666674,1.4333333333333333,0.3040227090302196,10.481687657729347,29.29664532004575,9,-0.9659258262890683,-0.25881904510252063,0.72479278722912,0.6889669190756866,-1.0,-1.8369701987210297e-16,51.260847,-0.546053,33
2019-09-04 18:00:00,25.146999999999995,37.93533333333331,101.31733333333335,1.2833333333333334,0.2955408320868215,8.268127261038694,30.103449223318076,9,-1.0,-1.8369701987210297e-16,0.72479278722912,0.6889669190756866,-1.0,-1.8369701987210297e-16,51.260847,-0.546053,33
2019-09-04 19:00:00,22.61216666666667,40.06866666666669,101.37950000000005,1.2,0.29932473862520764,8.424415586478867,23.867820844450385,9,-0.9659258262890684,0.2588190451025203,0.72479278722912,0.6889669190756866,-1.0,-1.8369701987210297e-16,51.260847,-0.546053,33
2019-09-04 20:00:00,21.56683333333332,41.765499999999996,101.42283333333333,2.05,0.2899042499687629,8.05278980980461,22.528102777860152,9,-0.8660254037844386,0.5000000000000001,0.72479278722912,0.6889669190756866,-1.0,-1.8369701987210297e-16,51.260847,-0.546053,33
2019-09-04 21:00:00,20.304166666666667,42.82450000000001,101.45816666666661,1.6166666666666667,0.2553050727022831,8.42104330301857,22.881649644891418,9,-0.7071067811865477,0.7071067811865474,0.72479278722912,0.6889669190756866,-1.0,-1.8369701987210297e-16,51.260847,-0.546053,33
2019-09-04 22:00:00,19.008333333333336,43.48816666666664,101.50050000000006,1.6,0.23958192542348689,8.823772645148663,24.637311480228654,9,-0.5000000000000004,0.8660254037844384,0.72479278722912,0.6889669190756866,-1.0,-1.8369701987210297e-16,51.260847,-0.546053,33
2019-09-04 23:00:00,17.998500000000003,44.00933333333333,101.55466666666665,1.25,0.22691995551826916,10.866925124161368,22.121802590689594,9,-0.25881904510252157,0.9659258262890681,0.72479278722912,0.6889669190756866,-1.0,-1.8369701987210297e-16,51.260847,-0.546053,33
2019-09-05 00:00:00,17.707333333333338,44.36483333333334,101.62733333333325,0.65,0.21544221202006306,13.356417609504257,21.234582052811756,9,0.0,1.0,0.8486442574947509,0.5289640103269624,-1.0,-1.8369701987210297e-16,51.260847,-0.546053,33
2019-09-05 01:00:00,17.832166666666662,44.314833333333354,101.71233333333325,0.43333333333333335,0.20493633543366116,14.8589175264435,22.145010089662026,9,0.25881904510252074,0.9659258262890683,0.8486442574947509,0.5289640103269624,-1.0,-1.8369701987210297e-16,51.260847,-0.546053,33
2019-09-05 02:00:00,17.398666666666664,44.23966666666665,101.76416666666674,0.48333333333333334,0.19716820027488705,17.206167417914667,19.0188453673489,9,0.49999999999999994,0.8660254037844387,0.8486442574947509,0.5289640103269624,-1.0,-1.8369701987210297e-16,51.260847,-0.546053,33
2019-09-05 03:00:00,16.927166666666675,44.646166666666666,101.81933333333339,0.6166666666666667,0.19302947953519084,16.823310538017108,19.77582310728953,9,0.7071067811865476,0.7071067811865476,0.8486442574947509,0.5289640103269624,-1.0,-1.8369701987210297e-16,51.260847,-0.546053,33
2019-09-05 04:00:00,17.292333333333325,44.69616666666665,101.89333333333335,0.8666666666666667,0.1888743544615604,16.906572862518903,18.966122391988424,9,0.8660254037844386,0.5000000000000001,0.8486442574947509,0.5289640103269624,-1.0,-1.8369701987210297e-16,51.260847,-0.546053,33
2019-09-05 05:00:00,17.13233333333334,44.748000000000005,101.97133333333332,0.9333333333333333,0.18911861821037798,17.530331333405837,19.286695241639848,9,0.9659258262890683,0.25881904510252074,0.8486442574947509,0.5289640103269624,-1.0,-1.8369701987210297e-16,51.260847,-0.546053,33
2019-09-05 06:00:00,17.0655,44.93550000000005,102.06533333333331,1.1666666666666667,0.20340636167288426,17.479857091911878,20.89040503721076,9,1.0,6.123233995736766e-17,0.8486442574947509,0.5289640103269624,-1.0,-1.8369701987210297e-16,51.260847,-0.546053,33
2019-09-05 07:00:00,17.722833333333337,44.932500000000026,102.15200000000004,0.8833333333333333,0.223435046820056,17.734044211020475,24.319033392848723,9,0.9659258262890683,-0.25881904510252063,0.8486442574947509,0.5289640103269624,-1.0,-1.8369701987210297e-16,51.260847,-0.546053,33
2019-09-05 08:00:00,19.302999999999997,44.11316666666667,102.2176666666666,0.36666666666666664,0.21311827228102723,26.05005025620096,23.552457367339617,9,0.8660254037844387,-0.4999999999999998,0.8486442574947509,0.5289640103269624,-1.0,-1.8369701987210297e-16,51.260847,-0.546053,33
2019-09-05 09:00:00,22.126666666666665,42.65950000000001,102.25233333333337,1.4833333333333334,0.22782021098477406,22.86506550215915,26.815683074622424,9,0.7071067811865476,-0.7071067811865475,0.8486442574947509,0.5289640103269624,-1.0,-1.8369701987210297e-16,51.260847,-0.546053,33
2019-09-05 10:00:00,24.963333333333342,40.77183333333332,102.29616666666669,1.3,0.23125511579172833,26.836507929541124,29.2187389430729,9,0.49999999999999994,-0.8660254037844387,0.8486442574947509,0.5289640103269624,-1.0,-1.8369701987210297e-16,51.260847,-0.546053,33
2019-09-05 11:00:00,30.65716666666667,35.35983333333335,102.33233333333332,0.4,0.24819670206879316,33.06704625790227,37.41666511994142,9,0.258819045102521,-0.9659258262890682,0.8486442574947509,0.5289640103269624,-1.0,-1.8369701987210297e-16,51.260847,-0.546053,33
2019-09-05 12:00:00,35.98133333333335,30.851000000000006,102.36049999999996,0.18333333333333332,0.24494264227192403,42.621213254577164,43.14520521312099,9,1.2246467991473532e-16,-1.0,0.8486442574947509,0.5289640103269624,-1.0,-1.8369701987210297e-16,51.260847,-0.546053,33
2019-09-05 13:00:00,39.03766666666666,28.509666666666643,102.39099999999993,0.6333333333333333,0.22323408899916106,47.82419263742072,40.06241621186204,9,-0.2588190451025208,-0.9659258262890683,0.8486442574947509,0.5289640103269624,-1.0,-1.8369701987210297e-16,51.260847,-0.546053,33
2019-09-05 14:00:00,36.23666666666667,29.127500000000005,102.40199999999999,0.4166666666666667,0.2713065411705905,37.54457035768691,9.781279165057388,9,-0.4999999999999997,-0.8660254037844388,0.8486442574947509,0.5289640103269624,-1.0,-1.8369701987210297e-16,51.260847,-0.546053,33
2019-09-05 15:00:00,32.92833333333334,30.830500000000004,102.39333333333336,1.45,0.297628908912411,19.429798766198463,22.940059569436926,9,-0.7071067811865471,-0.7071067811865479,0.8486442574947509,0.5289640103269624,-1.0,-1.8369701987210297e-16,51.260847,-0.546053,33
2019-09-05 16:00:00,31.912166666666664,31.47349999999999,102.41616666666668,1.5833333333333333,0.28099877793049277,15.72326111452916,23.44784055916826,9,-0.8660254037844385,-0.5000000000000004,0.8486442574947509,0.5289640103269624,-1.0,-1.8369701987210297e-16,51.260847,-0.546053,33
2019-09-05 17:00:00,29.111333333333334,33.04166666666665,102.4345,1.4,0.2746276260107456,10.396846872341403,28.731971538670358,9,-0.9659258262890683,-0.25881904510252063,0.8486442574947509,0.5289640103269624,-1.0,-1.8369701987210297e-16,51.260847,-0.546053,33
2019-09-05 18:00:00,24.648166666666675,35.53166666666667,102.46450000000002,1.45,0.2771128731413884,9.57241771492786,29.127348997217304,9,-1.0,-1.8369701987210297e-16,0.8486442574947509,0.5289640103269624,-1.0,-1.8369701987210297e-16,51.260847,-0.546053,33
2019-09-05 19:00:00,21.771166666666666,37.07550000000001,102.48299999999995,19.016666666666666,0.4541219936811665,20.636701197099043,26.11471076547935,9,-0.9659258262890684,0.2588190451025203,0.8486442574947509,0.5289640103269624,-1.0,-1.8369701987210297e-16,51.260847,-0.546053,33
2019-09-05 20:00:00,20.02716666666665,38.24866666666665,102.51250000000012,11.45,0.5159244230405369,19.04771520233367,26.698468684745457,9,-0.8660254037844386,0.5000000000000001,0.8486442574947509,0.5289640103269624,-1.0,-1.8369701987210297e-16,51.260847,-0.546053,33
2019-09-05 21:00:00,18.478666666666673,39.21116666666664,102.50833333333341,10.4,0.48078917408921323,19.74152331463568,26.383800668677324,9,-0.7071067811865477,0.7071067811865474,0.8486442574947509,0.5289640103269624,-1.0,-1.8369701987210297e-16,51.260847,-0.546053,33
2019-09-05 22:00:00,17.127499999999994,40.06199999999999,102.49233333333319,9.35,0.43821563629223714,14.818831288440254,23.466410645327514,9,-0.5000000000000004,0.8660254037844384,0.8486442574947509,0.5289640103269624,-1.0,-1.8369701987210297e-16,51.260847,-0.546053,33
2019-09-05 23:00:00,16.40733333333333,40.69466666666665,102.48399999999984,7.433333333333334,0.3544506759723685,10.3029412960268,25.474380221271474,9,-0.25881904510252157,0.9659258262890681,0.8486442574947509,0.5289640103269624,-1.0,-1.8369701987210297e-16,51.260847,-0.546053,33
2019-09-06 00:00:00,15.669166666666667,41.36766666666669,102.47550000000007,6.7,0.33203946093568715,10.747626681647834,21.730856412603185,9,0.0,1.0,0.9377521321470804,0.3473052528448203,-1.0,-1.8369701987210297e-16,51.260847,-0.546053,33
2019-09-06 01:00:00,15.299666666666662,42.89149999999999,102.43099999999998,6.633333333333334,0.30064191014404795,11.414622007184871,18.37100127541269,9,0.25881904510252074,0.9659258262890683,0.9377521321470804,0.3473052528448203,-1.0,-1.8369701987210297e-16,51.260847,-0.546053,33
2019-09-06 02:00:00,14.802166666666658,43.99633333333332,102.38733333333336,6.016666666666667,0.2845164498866538,10.42128687813246,18.929285935272066,9,0.49999999999999994,0.8660254037844387,0.9377521321470804,0.3473052528448203,-1.0,-1.8369701987210297e-16,51.260847,-0.546053,33
2019-09-06 03:00:00,14.56049999999999,44.982833333333296,102.33983333333342,5.05,0.2740602479695839,11.322344565056481,18.82510506163702,9,0.7071067811865476,0.7071067811865476,0.9377521321470804,0.3473052528448203,-1.0,-1.8369701987210297e-16,51.260847,-0.546053,33
2019-09-06 04:00:00,14.640500000000001,45.09933333333333,102.3321666666666,5.0,0.26641126087499784,13.112276379942886,19.263397536418065,9,0.8660254037844386,0.5000000000000001,0.9377521321470804,0.3473052528448203,-1.0,-1.8369701987210297e-16,51.260847,-0.546053,33
2019-09-06 05:00:00,14.507166666666675,46.75166666666665,102.27866666666678,3.966666666666667,0.2915023764525283,13.665221768962555,14.95286465384715,9,0.9659258262890683,0.25881904510252074,0.9377521321470804,0.3473052528448203,-1.0,-1.8369701987210297e-16,51.260847,-0.546053,33
2019-09-06 06:00:00,14.572166666666655,47.68300000000002,102.23816666666659,3.9,0.3337889121967765,18.842901890161514,14.881663852079386,9,1.0,6.123233995736766e-17,0.9377521321470804,0.3473052528448203,-1.0,-1.8369701987210297e-16,51.260847,-0.546053,33
2019-09-06 07:00:00,15.471333333333337,48.05433333333334,102.19849999999992,4.166666666666667,0.5352372888992024,31.146651186776303,10.532875668986865,9,0.9659258262890683,-0.25881904510252063,0.9377521321470804,0.3473052528448203,-1.0,-1.8369701987210297e-16,51.260847,-0.546053,33
2019-09-06 08:00:00,16.781833333333335,47.85683333333332,102.15450000000004,4.283333333333333,0.484345747210967,29.72873323470511,15.147913974591889,9,0.8660254037844387,-0.4999999999999998,0.9377521321470804,0.3473052528448203,-1.0,-1.8369701987210297e-16,51.260847,-0.546053,33
2019-09-06 09:00:00,17.826500000000003,48.45966666666664,102.08349999999997,3.683333333333333,0.5255333439480214,27.692987004799463,20.274145686073698,9,0.7071067811865476,-0.7071067811865475,0.9377521321470804,0.3473052528448203,-1.0,-1.8369701987210297e-16,51.260847,-0.546053,33
2019-09-06 10:00:00,20.982000000000003,46.49633333333334,102.02533333333336,3.3,0.4536905540224553,24.101955914114168,24.162848267132627,9,0.49999999999999994,-0.8660254037844387,0.9377521321470804,0.3473052528448203,-1.0,-1.8369701987210297e-16,51.260847,-0.546053,33
2019-09-06 11:00:00,22.991833333333336,44.39399999999998,101.9693333333333,4.133333333333334,0.4555941076343645,27.796744113266655,26.461712813741006,9,0.258819045102521,-0.9659258262890682,0.9377521321470804,0.3473052528448203,-1.0,-1.8369701987210297e-16,51.260847,-0.546053,33
2019-09-06 12:00:00,22.72399999999999,43.90033333333336,101.9248333333333,4.283333333333333,0.48058053820752183,30.91600276394983,20.520298171105374,9,1.2246467991473532e-16,-1.0,0.9377521321470804,0.3473052528448203,-1.0,-1.8369701987210297e-16,51.260847,-0.546053,33
2019-09-06 13:00:00,22.614166666666655,44.23183333333335,101.88216666666663,4.5,0.5121935969155523,32.111370674774406,19.758887762716792,9,-0.2588190451025208,-0.9659258262890683,0.9377521321470804,0.3473052528448203,-1.0,-1.8369701987210297e-16,51.260847,-0.546053,33
2019-09-06 14:00:00,22.424833333333357,44.74,101.83583333333338,2.85,0.5138111891187552,26.30791925915464,18.672178393051926,9,-0.4999999999999997,-0.8660254037844388,0.9377521321470804,0.3473052528448203,-1.0,-1.8369701987210297e-16,51.260847,-0.546053,33
2019-09-06 15:00:00,23.76116666666667,44.45899999999999,101.74616666666657,3.0,0.5173720080681149,24.175702827886276,26.898564090541193,9,-0.7071067811865471,-0.7071067811865479,0.9377521321470804,0.3473052528448203,-1.0,-1.8369701987210297e-16,51.260847,-0.546053,33
2019-09-06 16:00:00,25.910833333333322,43.101499999999994,101.69999999999995,1.55,0.4399710438212877,20.647807712100576,30.34168793243563,9,-0.8660254037844385,-0.5000000000000004,0.9377521321470804,0.3473052528448203,-1.0,-1.8369701987210297e-16,51.260847,-0.546053,33
2019-09-06 17:00:00,26.039666666666644,42.75,101.65649999999988,2.283333333333333,0.4917481281616479,25.992526759594124,26.122615247135133,9,-0.9659258262890683,-0.25881904510252063,0.9377521321470804,0.3473052528448203,-1.0,-1.8369701987210297e-16,51.260847,-0.546053,33
2019-09-06 18:00:00,22.814499999999995,44.60700000000004,101.68333333333335,1.4666666666666666,0.40189418560234186,19.449150173772043,19.28692183454029,9,-1.0,-1.8369701987210297e-16,0.9377521321470804,0.3473052528448203,-1.0,-1.8369701987210297e-16,51.260847,-0.546053,33
2019-09-06 19:00:00,20.1285,46.905,101.69016666666657,4.533333333333333,0.44305324220409464,19.482210743361,23.91476280230335,9,-0.9659258262890684,0.2588190451025203,0.9377521321470804,0.3473052528448203,-1.0,-1.8369701987210297e-16,51.260847,-0.546053,33
2019-09-06 20:00:00,18.902666666666665,49.076499999999996,101.72716666666663,10.433333333333334,0.545968061903147,30.09382812181225,21.47357499816433,9,-0.8660254037844386,0.5000000000000001,0.9377521321470804,0.3473052528448203,-1.0,-1.8369701987210297e-16,51.260847,-0.546053,33
2019-09-06 21:00:00,18.001333333333328,50.77166666666664,101.78633333333343,8.433333333333334,0.5260003622797782,15.941410261423572,26.744004071453876,9,-0.7071067811865477,0.7071067811865474,0.9377521321470804,0.3473052528448203,-1.0,-1.8369701987210297e-16,51.260847,-0.546053,33
2019-09-06 22:00:00,17.26466666666666,51.43500000000001,101.80800000000012,8.416666666666666,0.5092792600896058,35.40519937483894,24.807180527123773,9,-0.5000000000000004,0.8660254037844384,0.9377521321470804,0.3473052528448203,-1.0,-1.8369701987210297e-16,51.260847,-0.546053,33
2019-09-06 23:00:00,16.506333333333334,51.650999999999996,101.82133333333333,6.733333333333333,0.4327126577298609,18.519218449433467,27.594812494528522,9,-0.25881904510252157,0.9659258262890681,0.9377521321470804,0.3473052528448203,-1.0,-1.8369701987210297e-16,51.260847,-0.546053,33
2019-09-07 00:00:00,16.565000000000005,52.22166666666668,101.85016666666661,5.083333333333333,0.37572881887796067,15.427609855052452,30.064016089551945,9,0.0,1.0,0.9884683243281114,0.1514277775045767,-1.0,-1.8369701987210297e-16,51.260847,-0.546053,33
2019-09-07 01:00:00,16.615999999999996,52.34466666666666,101.87066666666662,5.25,0.34512152558770504,14.250087443923288,31.49407076090467,9,0.25881904510252074,0.9659258262890683,0.9884683243281114,0.1514277775045767,-1.0,-1.8369701987210297e-16,51.260847,-0.546053,33
2019-09-07 02:00:00,16.47583333333334,52.36999999999999,101.88400000000009,4.05,0.3194719701551148,15.667700598453747,28.923931325786814,9,0.49999999999999994,0.8660254037844387,0.9884683243281114,0.1514277775045767,-1.0,-1.8369701987210297e-16,51.260847,-0.546053,33
2019-09-07 03:00:00,16.305000000000007,52.71783333333336,101.88533333333339,3.7,0.30535538425289604,14.879621567621347,29.414452478562104,9,0.7071067811865476,0.7071067811865476,0.9884683243281114,0.1514277775045767,-1.0,-1.8369701987210297e-16,51.260847,-0.546053,33
2019-09-07 04:00:00,16.21416666666667,52.73100000000004,101.87700000000002,3.7666666666666666,0.2899569254770362,14.651086966416383,28.89834773161014,9,0.8660254037844386,0.5000000000000001,0.9884683243281114,0.1514277775045767,-1.0,-1.8369701987210297e-16,51.260847,-0.546053,33
2019-09-07 05:00:00,16.136833333333335,52.862666666666634,101.89733333333331,3.85,0.28770325380647227,16.88067834301264,26.806195048782,9,0.9659258262890683,0.25881904510252074,0.9884683243281114,0.1514277775045767,-1.0,-1.8369701987210297e-16,51.260847,-0.546053,33
2019-09-07 06:00:00,16.152999999999988,52.976,101.92183333333341,4.55,0.3073756073041429,21.056404480170524,27.531909851413634,9,1.0,6.123233995736766e-17,0.9884683243281114,0.1514277775045767,-1.0,-1.8369701987210297e-16,51.260847,-0.546053,33
2019-09-07 07:00:00,16.55966666666666,52.58233333333333,101.95566666666673,5.883333333333334,0.4441298811559537,27.974814472358855,26.850156343906693,9,0.9659258262890683,-0.25881904510252063,0.9884683243281114,0.1514277775045767,-1.0,-1.8369701987210297e-16,51.260847,-0.546053,33
2019-09-07 08:00:00,17.69866666666666,51.47533333333332,101.99450000000003,4.233333333333333,0.31887140124591695,17.108016095424723,31.244071759723056,9,0.8660254037844387,-0.4999999999999998,0.9884683243281114,0.1514277775045767,-1.0,-1.8369701987210297e-16,51.260847,-0.546053,33
2019-09-07 09:00:00,20.418166666666668,49.95983333333334,102.00366666666663,4.0,0.33663133862877737,23.55920169500668,28.957517344051418,9,0.7071067811865476,-0.7071067811865475,0.9884683243281114,0.1514277775045767,-1.0,-1.8369701987210297e-16,51.260847,-0.546053,33
2019-09-07 10:00:00,23.695499999999992,48.237500000000026,102.00266666666673,4.233333333333333,0.37587282130553523,22.646974022376853,34.127618603035366,9,0.49999999999999994,-0.8660254037844387,0.9884683243281114,0.1514277775045767,-1.0,-1.8369701987210297e-16,51.260847,-0.546053,33
2019-09-07 11:00:00,25.346833333333322,46.554333333333304,102.0146666666667,4.566666666666666,0.38957295660710767,28.473234393120347,27.412035576044406,9,0.258819045102521,-0.9659258262890682,0.9884683243281114,0.1514277775045767,-1.0,-1.8369701987210297e-16,51.260847,-0.546053,33
2019-09-07 12:00:00,25.21466666666667,45.84816666666668,102.04200000000012,4.266666666666667,0.3664548869571426,26.19094300866427,27.558365111500144,9,1.2246467991473532e-16,-1.0,0.9884683243281114,0.1514277775045767,-1.0,-1.8369701987210297e-16,51.260847,-0.546053,33
2019-09-07 13:00:00,25.543999999999993,44.765833333333326,102.0795,2.8,0.4395649996608537,25.643128064855805,24.883348157528484,9,-0.2588190451025208,-0.9659258262890683,0.9884683243281114,0.1514277775045767,-1.0,-1.8369701987210297e-16,51.260847,-0.546053,33
2019-09-07 14:00:00,25.478999999999996,44.27833333333332,102.07766666666663,2.183333333333333,0.34269932634810707,21.5925424151226,25.74852240174263,9,-0.4999999999999997,-0.8660254037844388,0.9884683243281114,0.1514277775045767,-1.0,-1.8369701987210297e-16,51.260847,-0.546053,33
2019-09-07 15:00:00,26.83466666666668,42.7535,102.09133333333335,6.783333333333333,0.42396235517555325,29.21394839837176,24.760644403818638,9,-0.7071067811865471,-0.7071067811865479,0.9884683243281114,0.1514277775045767,-1.0,-1.8369701987210297e-16,51.260847,-0.546053,33
2019-09-07 16:00:00,25.2045,42.89116666666668,102.10333333333337,2.85,0.3713144409974475,26.045140227595386,22.159213779069308,9,-0.8660254037844385,-0.5000000000000004,0.9884683243281114,0.1514277775045767,-1.0,-1.8369701987210297e-16,51.260847,-0.546053,33
2019-09-07 17:00:00,24.843833333333336,42.402999999999984,102.12300000000003,1.7833333333333334,0.3361914224514932,19.976025533051534,23.04798301662868,9,-0.9659258262890683,-0.25881904510252063,0.9884683243281114,0.1514277775045767,-1.0,-1.8369701987210297e-16,51.260847,-0.546053,33
2019-09-07 18:00:00,22.8165,42.916833333333315,102.158,1.9333333333333333,0.343669426057155,21.11872279155727,22.740202970550158,9,-1.0,-1.8369701987210297e-16,0.9884683243281114,0.1514277775045767,-1.0,-1.8369701987210297e-16,51.260847,-0.546053,33
2019-09-07 19:00:00,20.51033333333334,43.7825,102.21516666666665,1.2833333333333334,0.33168825682309044,12.957865186354768,27.58283355157009,9,-0.9659258262890684,0.2588190451025203,0.9884683243281114,0.1514277775045767,-1.0,-1.8369701987210297e-16,51.260847,-0.546053,33
2019-09-07 20:00:00,18.249833333333335,44.453833333333314,102.28716666666674,4.65,0.43995566121057406,14.554493948617951,28.48172502087429,9,-0.8660254037844386,0.5000000000000001,0.9884683243281114,0.1514277775045767,-1.0,-1.8369701987210297e-16,51.260847,-0.546053,33
2019-09-07 21:00:00,16.6625,45.08583333333333,102.30583333333338,12.65,0.5327768355853845,16.03832257103878,30.35131004612191,9,-0.7071067811865477,0.7071067811865474,0.9884683243281114,0.1514277775045767,-1.0,-1.8369701987210297e-16,51.260847,-0.546053,33
2019-09-07 22:00:00,15.244999999999996,45.52166666666664,102.36483333333325,11.566666666666666,0.42969106645484906,10.093182680548784,30.307632739757878,9,-0.5000000000000004,0.8660254037844384,0.9884683243281114,0.1514277775045767,-1.0,-1.8369701987210297e-16,51.260847,-0.546053,33
2019-09-07 23:00:00,14.248166666666672,46.19183333333334,102.37383333333341,12.55,0.48748996040911763,24.25016470930877,24.558721930864852,9,-0.25881904510252157,0.9659258262890681,0.9884683243281114,0.1514277775045767,-1.0,-1.8369701987210297e-16,51.260847,-0.546053,33
2019-09-08 00:00:00,13.410166666666669,46.70833333333335,102.35466666666672,12.1,0.4449138191100083,17.61763098107376,24.721954753159366,9,0.0,1.0,0.9987165071710528,-0.05064916883871264,-1.0,-1.8369701987210297e-16,51.260847,-0.546053,33
2019-09-08 01:00:00,12.288333333333332,46.93900000000001,102.33516666666664,10.35,0.39576521614336957,16.463449264937392,25.365156773914954,9,0.25881904510252074,0.9659258262890683,0.9987165071710528,-0.05064916883871264,-1.0,-1.8369701987210297e-16,51.260847,-0.546053,33
2019-09-08 02:00:00,11.587999999999996,47.45616666666663,102.32916666666661,8.8,0.36151348153437013,13.854439070716243,24.963876453819974,9,0.49999999999999994,0.8660254037844387,0.9987165071710528,-0.05064916883871264,-1.0,-1.8369701987210297e-16,51.260847,-0.546053,33
2019-09-08 03:00:00,11.036166666666668,47.68283333333334,102.31716666666671,5.95,0.3323909034503686,17.452093404686693,22.160779794303224,9,0.7071067811865476,0.7071067811865476,0.9987165071710528,-0.05064916883871264,-1.0,-1.8369701987210297e-16,51.260847,-0.546053,33
2019-09-08 04:00:00,10.46383333333333,47.56300000000001,102.30250000000005,5.333333333333333,0.3138522767434804,17.382843382067197,24.791534145445063,9,0.8660254037844386,0.5000000000000001,0.9987165071710528,-0.05064916883871264,-1.0,-1.8369701987210297e-16,51.260847,-0.546053,33
2019-09-08 05:00:00,9.711499999999997,47.40666666666664,102.30000000000011,4.833333333333333,0.3215087943166201,19.303587313119255,25.01605713633738,9,0.9659258262890683,0.25881904510252074,0.9987165071710528,-0.05064916883871264,-1.0,-1.8369701987210297e-16,51.260847,-0.546053,33
2019-09-08 06:00:00,9.065166666666668,47.4043333333333,102.2896666666666,5.116666666666666,0.32912908612534125,25.021725839272513,22.329487332848824,9,1.0,6.123233995736766e-17,0.9987165071710528,-0.05064916883871264,-1.0,-1.8369701987210297e-16,51.260847,-0.546053,33
2019-09-08 07:00:00,9.67033333333333,47.726166666666664,102.27433333333349,7.6,0.39543086289559654,23.242432257348288,23.01392955234728,9,0.9659258262890683,-0.25881904510252063,0.9987165071710528,-0.05064916883871264,-1.0,-1.8369701987210297e-16,51.260847,-0.546053,33
2019-09-08 08:00:00,12.91633333333334,47.333166666666656,102.26816666666672,8.266666666666667,0.4090195092729773,19.50863109892179,26.43527987891288,9,0.8660254037844387,-0.4999999999999998,0.9987165071710528,-0.05064916883871264,-1.0,-1.8369701987210297e-16,51.260847,-0.546053,33
2019-09-08 09:00:00,18.924500000000005,46.158166666666666,102.23216666666659,4.95,0.3963949457901219,24.36802962981961,32.276087606007444,9,0.7071067811865476,-0.7071067811865475,0.9987165071710528,-0.05064916883871264,-1.0,-1.8369701987210297e-16,51.260847,-0.546053,33
2019-09-08 10:00:00,27.388333333333343,41.775500000000015,102.1931666666667,3.15,0.4730397175445797,48.638655267725674,37.48496032394096,9,0.49999999999999994,-0.8660254037844387,0.9987165071710528,-0.05064916883871264,-1.0,-1.8369701987210297e-16,51.260847,-0.546053,33
2019-09-08 11:00:00,32.31516666666666,37.927333333333316,102.16566666666664,1.1666666666666667,0.48440990764507447,45.75281385006724,41.53590219299336,9,0.258819045102521,-0.9659258262890682,0.9987165071710528,-0.05064916883871264,-1.0,-1.8369701987210297e-16,51.260847,-0.546053,33
2019-09-08 12:00:00,36.82683333333333,34.93300000000001,102.08933333333327,0.8666666666666667,0.5144745221069917,55.69948477902441,44.73445092591668,9,1.2246467991473532e-16,-1.0,0.9987165071710528,-0.05064916883871264,-1.0,-1.8369701987210297e-16,51.260847,-0.546053,33
2019-09-08 13:00:00,40.21566666666666,33.11183333333333,102.03866666666674,0.6333333333333333,0.44581584177926925,59.30029353231262,47.7443283298105,9,-0.2588190451025208,-0.9659258262890683,0.9987165071710528,-0.05064916883871264,-1.0,-1.8369701987210297e-16,51.260847,-0.546053,33
2019-09-08 14:00:00,42.17466666666666,31.443833333333334,102.001,0.95,0.4215445077200435,56.001035759123425,44.16271783907415,9,-0.4999999999999997,-0.8660254037844388,0.9987165071710528,-0.05064916883871264,-1.0,-1.8369701987210297e-16,51.260847,-0.546053,33
2019-09-08 15:00:00,42.478833333333355,30.863166666666665,101.94149999999995,2.0833333333333335,0.5445063051960801,60.299971388004025,21.8975012186521,9,-0.7071067811865471,-0.7071067811865479,0.9987165071710528,-0.05064916883871264,-1.0,-1.8369701987210297e-16,51.260847,-0.546053,33
2019-09-08 16:00:00,39.79933333333336,31.322833333333346,101.8683333333334,1.2,0.5246437030505332,45.41833339737266,9.083976627872529,9,-0.8660254037844385,-0.5000000000000004,0.9987165071710528,-0.05064916883871264,-1.0,-1.8369701987210297e-16,51.260847,-0.546053,33
2019-09-08 17:00:00,33.99849999999999,33.32816666666667,101.83750000000006,1.5666666666666667,0.41865108594684325,21.889341725748842,21.60860200978065,9,-0.9659258262890683,-0.25881904510252063,0.9987165071710528,-0.05064916883871264,-1.0,-1.8369701987210297e-16,51.260847,-0.546053,33
2019-09-08 18:00:00,26.516166666666663,36.34199999999998,101.83533333333334,1.7,0.4152344132231406,13.09217034796661,27.471700943226846,9,-1.0,-1.8369701987210297e-16,0.9987165071710528,-0.05064916883871264,-1.0,-1.8369701987210297e-16,51.260847,-0.546053,33
2019-09-08 19:00:00,22.849833333333333,37.430166666666665,101.78300000000013,5.7,0.5633577003016621,12.09069382861362,26.51465169900831,9,-0.9659258262890684,0.2588190451025203,0.9987165071710528,-0.05064916883871264,-1.0,-1.8369701987210297e-16,51.260847,-0.546053,33
2019-09-08 20:00:00,20.25133333333333,38.48283333333334,101.73933333333324,9.1,0.6068626409867375,11.758961135297836,25.24285143257636,9,-0.8660254037844386,0.5000000000000001,0.9987165071710528,-0.05064916883871264,-1.0,-1.8369701987210297e-16,51.260847,-0.546053,33
2019-09-08 21:00:00,18.869666666666667,39.05283333333332,101.71516666666668,12.166666666666666,0.5029961844956536,11.010273494499886,25.212329623716286,9,-0.7071067811865477,0.7071067811865474,0.9987165071710528,-0.05064916883871264,-1.0,-1.8369701987210297e-16,51.260847,-0.546053,33
2019-09-08 22:00:00,18.321833333333327,39.279833333333315,101.6903333333334,10.766666666666667,0.43764694893168876,14.14491472753995,19.176437882170756,9,-0.5000000000000004,0.8660254037844384,0.9987165071710528,-0.05064916883871264,-1.0,-1.8369701987210297e-16,51.260847,-0.546053,33
2019-09-08 23:00:00,18.236333333333345,39.59266666666666,101.64600000000003,7.866666666666666,0.3639396957678097,12.563455349487635,16.097576263269467,9,-0.25881904510252157,0.9659258262890681,0.9987165071710528,-0.05064916883871264,-1.0,-1.8369701987210297e-16,51.260847,-0.546053,33
2019-09-09 00:00:00,18.017499999999995,41.12350000000001,101.60400000000006,7.833333333333333,0.3633579303500348,8.535735375687363,16.33750807446555,9,0.0,1.0,0.9680771188662043,-0.2506525322587204,-1.0,-1.8369701987210297e-16,51.260847,-0.546053,33
2019-09-09 01:00:00,17.906333333333347,42.64266666666667,101.5346666666667,8.8,0.34969414947432303,8.079447789554889,15.674553004070708,9,0.25881904510252074,0.9659258262890683,0.9680771188662043,-0.2506525322587204,-1.0,-1.8369701987210297e-16,51.260847,-0.546053,33
2019-09-09 02:00:00,18.007166666666663,43.64016666666666,101.43249999999999,9.45,0.32554315927386945,8.946448707652763,15.061826561964798,9,0.49999999999999994,0.8660254037844387,0.9680771188662043,-0.2506525322587204,-1.0,-1.8369701987210297e-16,51.260847,-0.546053,33
2019-09-09 03:00:00,17.85466666666667,44.29416666666667,101.35799999999999,7.933333333333334,0.31103850018742296,9.941594113674137,19.60369124201368,9,0.7071067811865476,0.7071067811865476,0.9680771188662043,-0.2506525322587204,-1.0,-1.8369701987210297e-16,51.260847,-0.546053,33
2019-09-09 04:00:00,17.81133333333334,44.83999999999999,101.29233333333336,7.283333333333333,0.3105607348410474,11.030297802736982,16.026911296031916,9,0.8660254037844386,0.5000000000000001,0.9680771188662043,-0.2506525322587204,-1.0,-1.8369701987210297e-16,51.260847,-0.546053,33
2019-09-09 05:00:00,17.44933333333334,46.12066666666666,101.21150000000002,6.65,0.29442584445674097,10.93469432199151,12.330506814021078,9,0.9659258262890683,0.25881904510252074,0.9680771188662043,-0.2506525322587204,-1.0,-1.8369701987210297e-16,51.260847,-0.546053,33
2019-09-09 06:00:00,17.162333333333326,48.514500000000005,101.15100000000005,5.333333333333333,0.3407497951912607,16.37917715320212,9.276236491563607,9,1.0,6.123233995736766e-17,0.9680771188662043,-0.2506525322587204,-1.0,-1.8369701987210297e-16,51.260847,-0.546053,33
2019-09-09 07:00:00,17.403,49.374833333333335,101.1130000000001,8.983333333333333,0.4594868541848883,29.89137731565898,8.055067060886147,9,0.9659258262890683,-0.25881904510252063,0.9680771188662043,-0.2506525322587204,-1.0,-1.8369701987210297e-16,51.260847,-0.546053,33
2019-09-09 08:00:00,17.924166666666665,49.55733333333333,101.0730000000001,6.566666666666666,0.48406923863413237,25.57203562883081,10.802185816099184,9,0.8660254037844387,-0.4999999999999998,0.9680771188662043,-0.2506525322587204,-1.0,-1.8369701987210297e-16,51.260847,-0.546053,33
2019-09-09 09:00:00,18.721666666666668,49.32583333333335,101.04316666666662,6.916666666666667,0.47132823654570444,33.31696956389491,13.070635770420274,9,0.7071067811865476,-0.7071067811865475,0.9680771188662043,-0.2506525322587204,-1.0,-1.8369701987210297e-16,51.260847,-0.546053,33
2019-09-09 10:00:00,19.575333333333322,48.612333333333325,100.99999999999986,8.0,0.4874181067775736,33.52166442487861,12.259322670759632,9,0.49999999999999994,-0.8660254037844387,0.9680771188662043,-0.2506525322587204,-1.0,-1.8369701987210297e-16,51.260847,-0.546053,33
2019-09-09 11:00:00,19.574999999999996,48.76983333333336,100.96066666666654,10.616666666666667,0.49269482284061916,35.86199561856394,11.845926390958672,9,0.258819045102521,-0.9659258262890682,0.9680771188662043,-0.2506525322587204,-1.0,-1.8369701987210297e-16,51.260847,-0.546053,33
2019-09-09 12:00:00,19.857500000000005,49.62133333333333,100.92650000000005,8.45,0.46821705149670667,29.67302131571889,13.92581521226508,9,1.2246467991473532e-16,-1.0,0.9680771188662043,-0.2506525322587204,-1.0,-1.8369701987210297e-16,51.260847,-0.546053,33
2019-09-09 13:00:00,19.398000000000014,50.396833333333326,100.88633333333333,5.816666666666666,0.47943411934384095,35.06615361463816,12.07685841340919,9,-0.2588190451025208,-0.9659258262890683,0.9680771188662043,-0.2506525322587204,-1.0,-1.8369701987210297e-16,51.260847,-0.546053,33
2019-09-09 14:00:00,20.749666666666663,48.57800000000001,100.8393333333334,10.833333333333334,0.5049393771843708,41.53212693963039,17.456144443115793,9,-0.4999999999999997,-0.8660254037844388,0.9680771188662043,-0.2506525322587204,-1.0,-1.8369701987210297e-16,51.260847,-0.546053,33
2019-09-09 15:00:00,20.910333333333345,48.470999999999975,100.83083333333326,6.266666666666667,0.5647405837602412,37.721993323985735,18.782429258497288,9,-0.7071067811865471,-0.7071067811865479,0.9680771188662043,-0.2506525322587204,-1.0,-1.8369701987210297e-16,51.260847,-0.546053,33
2019-09-09 16:00:00,20.848833333333342,48.23766666666667,100.81633333333336,5.8,0.5554344335005265,32.940859206911156,18.720690279944506,9,-0.8660254037844385,-0.5000000000000004,0.9680771188662043,-0.2506525322587204,-1.0,-1.8369701987210297e-16,51.260847,-0.546053,33
2019-09-09 17:00:00,20.24983333333334,48.78749999999997,100.83566666666674,8.183333333333334,0.6396209341163452,31.08471443501004,14.485529310804706,9,-0.9659258262890683,-0.25881904510252063,0.9680771188662043,-0.2506525322587204,-1.0,-1.8369701987210297e-16,51.260847,-0.546053,33
2019-09-09 18:00:00,20.390833333333326,48.286333333333324,100.87166666666671,13.833333333333334,0.7765391831926174,38.289636477247626,21.41592930147399,9,-1.0,-1.8369701987210297e-16,0.9680771188662043,-0.2506525322587204,-1.0,-1.8369701987210297e-16,51.260847,-0.546053,33
2019-09-09 19:00:00,20.259499999999992,47.983999999999995,100.91799999999998,10.283333333333333,0.8243156270103354,42.44042622321511,20.334093079122407,9,-0.9659258262890684,0.2588190451025203,0.9680771188662043,-0.2506525322587204,-1.0,-1.8369701987210297e-16,51.260847,-0.546053,33
2019-09-09 20:00:00,19.734166666666667,48.09583333333332,100.98283333333335,7.55,0.5872986696178355,28.109809181116493,26.37676668664024,9,-0.8660254037844386,0.5000000000000001,0.9680771188662043,-0.2506525322587204,-1.0,-1.8369701987210297e-16,51.260847,-0.546053,33
2019-09-09 21:00:00,19.293000000000003,48.24116666666668,101.02349999999997,7.216666666666667,0.5768317433911073,20.230756381363683,27.821577199931234,9,-0.7071067811865477,0.7071067811865474,0.9680771188662043,-0.2506525322587204,-1.0,-1.8369701987210297e-16,51.260847,-0.546053,33
2019-09-09 22:00:00,19.03516666666666,48.31183333333332,101.07266666666672,8.483333333333333,0.4487183947307357,18.129508357019343,33.18723183529674,9,-0.5000000000000004,0.8660254037844384,0.9680771188662043,-0.2506525322587204,-1.0,-1.8369701987210297e-16,51.260847,-0.546053,33
2019-09-09 23:00:00,18.351333333333333,48.52900000000002,101.11283333333334,9.116666666666667,0.4203344771254664,15.362918626653446,34.375970549417914,9,-0.25881904510252157,0.9659258262890681,0.9680771188662043,-0.2506525322587204,-1.0,-1.8369701987210297e-16,51.260847,-0.546053,33
2019-09-10 00:00:00,17.421333333333337,48.851,101.17416666666665,8.733333333333333,0.41497654541884577,17.05753437044381,31.47780147107459,9,0.0,1.0,0.8978045395707416,-0.4403941515576344,-1.0,-1.8369701987210297e-16,51.260847,-0.546053,33
2019-09-10 01:00:00,16.858333333333334,49.01666666666668,101.23583333333342,8.883333333333333,0.38205258932938263,12.922230584165714,33.7761878136496,9,0.25881904510252074,0.9659258262890683,0.8978045395707416,-0.4403941515576344,-1.0,-1.8369701987210297e-16,51.260847,-0.546053,33
2019-09-10 02:00:00,16.446500000000004,48.984666666666676,101.27283333333347,8.55,0.36512210577798415,14.959907381791618,33.644576973058,9,0.49999999999999994,0.8660254037844387,0.8978045395707416,-0.4403941515576344,-1.0,-1.8369701987210297e-16,51.260847,-0.546053,33
2019-09-10 03:00:00,15.654666666666667,49.296499999999966,101.30749999999998,10.066666666666666,0.3636853850739875,15.120904373887209,32.404141385611304,9,0.7071067811865476,0.7071067811865476,0.8978045395707416,-0.4403941515576344,-1.0,-1.8369701987210297e-16,51.260847,-0.546053,33
2019-09-10 04:00:00,14.865000000000002,49.43333333333335,101.30866666666681,11.733333333333333,0.3375262849186941,15.066637317618818,33.174543759715604,9,0.8660254037844386,0.5000000000000001,0.8978045395707416,-0.4403941515576344,-1.0,-1.8369701987210297e-16,51.260847,-0.546053,33
2019-09-10 05:00:00,13.9835,49.50433333333331,101.3686666666666,12.466666666666667,0.430961840386984,28.41824044163724,27.517569500058773,9,0.9659258262890683,0.25881904510252074,0.8978045395707416,-0.4403941515576344,-1.0,-1.8369701987210297e-16,51.260847,-0.546053,33
2019-09-10 06:00:00,13.958166666666669,50.44633333333332,101.45799999999993,19.166666666666668,0.5841545321028864,56.290426266081276,13.809840076563926,9,1.0,6.123233995736766e-17,0.8978045395707416,-0.4403941515576344,-1.0,-1.8369701987210297e-16,51.260847,-0.546053,33
2019-09-10 07:00:00,14.83816666666667,52.073499999999974,101.53516666666683,32.56666666666667,0.6946015218749441,68.04315993566526,8.131374389519177,9,0.9659258262890683,-0.25881904510252063,0.8978045395707416,-0.4403941515576344,-1.0,-1.8369701987210297e-16,51.260847,-0.546053,33
2019-09-10 08:00:00,16.556833333333323,51.84933333333331,101.61283333333333,26.9,0.5741192915052749,31.16606246841301,24.995828743882523,9,0.8660254037844387,-0.4999999999999998,0.8978045395707416,-0.4403941515576344,-1.0,-1.8369701987210297e-16,51.260847,-0.546053,33
2019-09-10 09:00:00,18.64083333333334,50.048166666666674,101.661,26.416666666666668,0.6134987711475641,26.769215433252636,25.915620988918956,9,0.7071067811865476,-0.7071067811865475,0.8978045395707416,-0.4403941515576344,-1.0,-1.8369701987210297e-16,51.260847,-0.546053,33
2019-09-10 10:00:00,23.84233333333333,47.13283333333331,101.6645,38.833333333333336,0.6437734254145617,49.349404767001644,35.61462143388308,9,0.49999999999999994,-0.8660254037844387,0.8978045395707416,-0.4403941515576344,-1.0,-1.8369701987210297e-16,51.260847,-0.546053,33
2019-09-10 11:00:00,31.010666666666662,42.212333333333305,101.70016666666669,13.6,0.5675052002927369,51.17262468108091,33.57890218333968,9,0.258819045102521,-0.9659258262890682,0.8978045395707416,-0.4403941515576344,-1.0,-1.8369701987210297e-16,51.260847,-0.546053,33
2019-09-10 12:00:00,32.4655,40.86999999999998,101.68349999999995,6.85,0.5620123254377667,47.60633233315648,30.535013759045896,9,1.2246467991473532e-16,-1.0,0.8978045395707416,-0.4403941515576344,-1.0,-1.8369701987210297e-16,51.260847,-0.546053,33
2019-09-10 13:00:00,36.082333333333345,38.55150000000001,101.66849999999998,7.516666666666667,0.6117786622637131,67.6246673898241,30.628422630810714,9,-0.2588190451025208,-0.9659258262890683,0.8978045395707416,-0.4403941515576344,-1.0,-1.8369701987210297e-16,51.260847,-0.546053,33
2019-09-10 14:00:00,35.87716666666666,37.05083333333333,101.69516666666664,5.266666666666667,0.56394404455313,54.37777985591722,14.017615254884001,9,-0.4999999999999997,-0.8660254037844388,0.8978045395707416,-0.4403941515576344,-1.0,-1.8369701987210297e-16,51.260847,-0.546053,33
2019-09-10 15:00:00,29.90166666666666,40.844833333333334,101.72149999999989,4.433333333333334,0.468080023276154,26.709895461430232,17.170155234782204,9,-0.7071067811865471,-0.7071067811865479,0.8978045395707416,-0.4403941515576344,-1.0,-1.8369701987210297e-16,51.260847,-0.546053,33
2019-09-10 16:00:00,26.985833333333343,42.24216666666664,101.71949999999994,8.05,0.4090360309158738,11.746873317876126,27.701743078450043,9,-0.8660254037844385,-0.5000000000000004,0.8978045395707416,-0.4403941515576344,-1.0,-1.8369701987210297e-16,51.260847,-0.546053,33
2019-09-10 17:00:00,26.443333333333328,42.308500000000016,101.69733333333325,6.95,0.40716698884386765,16.69988756746174,25.042258633048668,9,-0.9659258262890683,-0.25881904510252063,0.8978045395707416,-0.4403941515576344,-1.0,-1.8369701987210297e-16,51.260847,-0.546053,33
2019-09-10 18:00:00,25.09183333333335,42.96466666666665,101.7411666666666,6.016666666666667,0.3765588516859147,21.211889258568227,24.50253624319457,9,-1.0,-1.8369701987210297e-16,0.8978045395707416,-0.4403941515576344,-1.0,-1.8369701987210297e-16,51.260847,-0.546053,33
2019-09-10 19:00:00,23.763,43.81499999999999,101.7571666666667,11.233333333333333,0.4844753017153669,25.100302833831048,26.170982437969162,9,-0.9659258262890684,0.2588190451025203,0.8978045395707416,-0.4403941515576344,-1.0,-1.8369701987210297e-16,51.260847,-0.546053,33
2019-09-10 20:00:00,22.648666666666667,44.55700000000002,101.79400000000007,10.066666666666666,0.613185771915106,22.59483057178053,24.700375541757435,9,-0.8660254037844386,0.5000000000000001,0.8978045395707416,-0.4403941515576344,-1.0,-1.8369701987210297e-16,51.260847,-0.546053,33
2019-09-10 21:00:00,21.003333333333348,45.84533333333331,101.81316666666658,9.65,0.47184238659122163,12.011051920011614,29.66272128775321,9,-0.7071067811865477,0.7071067811865474,0.8978045395707416,-0.4403941515576344,-1.0,-1.8369701987210297e-16,51.260847,-0.546053,33
2019-09-10 22:00:00,20.383499999999987,46.038999999999994,101.82949999999997,8.816666666666666,0.3929133633686164,14.134370697195797,25.348221225385196,9,-0.5000000000000004,0.8660254037844384,0.8978045395707416,-0.4403941515576344,-1.0,-1.8369701987210297e-16,51.260847,-0.546053,33
2019-09-10 23:00:00,20.094333333333324,45.51400000000002,101.82716666666661,1.8833333333333333,0.3235676574264146,12.74564385729631,26.27806982585698,9,-0.25881904510252157,0.9659258262890681,0.8978045395707416,-0.4403941515576344,-1.0,-1.8369701987210297e-16,51.260847,-0.546053,33
2019-09-11 00:00:00,19.305000000000007,46.34916666666664,101.83916666666674,1.0,0.28152777323599243,10.230710438171062,27.747286316484665,9,0.0,1.0,0.7907757369376989,-0.6121059825476626,-1.0,-1.8369701987210297e-16,51.260847,-0.546053,33
2019-09-11 01:00:00,19.0515,46.715166666666654,101.80616666666681,0.5166666666666667,0.27144676322224764,9.100629406861913,29.416485936616045,9,0.25881904510252074,0.9659258262890683,0.7907757369376989,-0.6121059825476626,-1.0,-1.8369701987210297e-16,51.260847,-0.546053,33
2019-09-11 02:00:00,18.825833333333346,47.075166666666654,101.76783333333341,0.25,0.26124250311479197,8.751861851003378,30.679306059633415,9,0.49999999999999994,0.8660254037844387,0.7907757369376989,-0.6121059825476626,-1.0,-1.8369701987210297e-16,51.260847,-0.546053,33
2019-09-11 03:00:00,18.745833333333334,47.25033333333327,101.73483333333336,1.0,0.25428688388697507,9.236518705167732,31.067991801610585,9,0.7071067811865476,0.7071067811865476,0.7907757369376989,-0.6121059825476626,-1.0,-1.8369701987210297e-16,51.260847,-0.546053,33
2019-09-11 04:00:00,18.662166666666664,47.37649999999999,101.71949999999998,1.3833333333333333,0.2557932255680702,9.8123249100426,29.91552299656107,9,0.8660254037844386,0.5000000000000001,0.7907757369376989,-0.6121059825476626,-1.0,-1.8369701987210297e-16,51.260847,-0.546053,33
2019-09-11 05:00:00,18.37533333333334,48.23666666666666,101.68650000000001,2.2,0.27429051032611595,11.657112588720649,27.66483626430203,9,0.9659258262890683,0.25881904510252074,0.7907757369376989,-0.6121059825476626,-1.0,-1.8369701987210297e-16,51.260847,-0.546053,33
2019-09-11 06:00:00,18.428833333333326,49.29550000000001,101.65699999999994,3.433333333333333,0.3589164995091301,22.0909558814052,22.998099289455947,9,1.0,6.123233995736766e-17,0.7907757369376989,-0.6121059825476626,-1.0,-1.8369701987210297e-16,51.260847,-0.546053,33
2019-09-11 07:00:00,19.143166666666666,50.4085,101.62800000000009,2.3666666666666667,0.4838271961872801,29.08920808637276,20.95641211297892,9,0.9659258262890683,-0.25881904510252063,0.7907757369376989,-0.6121059825476626,-1.0,-1.8369701987210297e-16,51.260847,-0.546053,33
2019-09-11 08:00:00,20.401000000000003,51.13166666666668,101.65650000000001,4.216666666666667,0.43616495453652965,21.684581424365053,24.860217491154845,9,0.8660254037844387,-0.4999999999999998,0.7907757369376989,-0.6121059825476626,-1.0,-1.8369701987210297e-16,51.260847,-0.546053,33
2019-09-11 09:00:00,21.916999999999994,51.55200000000002,101.69450000000006,4.183333333333334,0.42625767531192543,17.91925415191531,26.56788503325698,9,0.7071067811865476,-0.7071067811865475,0.7907757369376989,-0.6121059825476626,-1.0,-1.8369701987210297e-16,51.260847,-0.546053,33
2019-09-11 10:00:00,25.488666666666674,49.398666666666664,101.68083333333327,1.75,0.4306773850739875,25.22971149929875,30.588660372705984,9,0.49999999999999994,-0.8660254037844387,0.7907757369376989,-0.6121059825476626,-1.0,-1.8369701987210297e-16,51.260847,-0.546053,33
2019-09-11 11:00:00,27.69383333333333,47.62083333333336,101.69699999999996,8.95,0.5448596776324007,33.65777239198467,27.599779641691647,9,0.258819045102521,-0.9659258262890682,0.7907757369376989,-0.6121059825476626,-1.0,-1.8369701987210297e-16,51.260847,-0.546053,33
2019-09-11 12:00:00,27.156166666666685,47.82466666666667,101.69283333333325,1.85,0.50991348531853,35.613544565863315,23.894159586539867,9,1.2246467991473532e-16,-1.0,0.7907757369376989,-0.6121059825476626,-1.0,-1.8369701987210297e-16,51.260847,-0.546053,33
2019-09-11 13:00:00,27.16316666666668,47.693499999999986,101.7178333333333,2.6166666666666667,0.5087356881994897,37.02582205726446,21.814708531738855,9,-0.2588190451025208,-0.9659258262890683,0.7907757369376989,-0.6121059825476626,-1.0,-1.8369701987210297e-16,51.260847,-0.546053,33
2019-09-11 14:00:00,26.420666666666673,49.07050000000002,101.73216666666657,5.3,0.4682221676811306,33.42492502914635,22.35059798762131,9,-0.4999999999999997,-0.8660254037844388,0.7907757369376989,-0.6121059825476626,-1.0,-1.8369701987210297e-16,51.260847,-0.546053,33
2019-09-11 15:00:00,26.112666666666662,50.167,101.74716666666667,7.45,0.4785601373007515,35.07291951980606,21.442289737300076,9,-0.7071067811865471,-0.7071067811865479,0.7907757369376989,-0.6121059825476626,-1.0,-1.8369701987210297e-16,51.260847,-0.546053,33
2019-09-11 16:00:00,25.686499999999985,51.05033333333331,101.79000000000016,7.466666666666667,0.5904903437516732,28.45888873398645,26.77231939216765,9,-0.8660254037844385,-0.5000000000000004,0.7907757369376989,-0.6121059825476626,-1.0,-1.8369701987210297e-16,51.260847,-0.546053,33
2019-09-11 17:00:00,24.59266666666666,52.58466666666666,101.82266666666662,11.016666666666667,0.6402436592827949,32.32889490304055,25.55192296352838,9,-0.9659258262890683,-0.25881904510252063,0.7907757369376989,-0.6121059825476626,-1.0,-1.8369701987210297e-16,51.260847,-0.546053,33
2019-09-11 18:00:00,24.039333333333317,54.433333333333366,101.83500000000004,5.233333333333333,0.6298203492851153,31.896916339271833,26.534991517066654,9,-1.0,-1.8369701987210297e-16,0.7907757369376989,-0.6121059825476626,-1.0,-1.8369701987210297e-16,51.260847,-0.546053,33
2019-09-11 19:00:00,23.7275,54.54616666666666,101.91650000000004,3.2666666666666666,0.4932401997750923,29.43178750244174,27.234698981646822,9,-0.9659258262890684,0.2588190451025203,0.7907757369376989,-0.6121059825476626,-1.0,-1.8369701987210297e-16,51.260847,-0.546053,33
2019-09-11 20:00:00,22.980333333333338,54.99983333333332,101.98533333333334,4.583333333333333,0.49029665301751085,23.932731768665857,29.061444155295252,9,-0.8660254037844386,0.5000000000000001,0.7907757369376989,-0.6121059825476626,-1.0,-1.8369701987210297e-16,51.260847,-0.546053,33
2019-09-11 21:00:00,22.070833333333326,55.445499999999974,102.05566666666665,1.5833333333333333,0.4933264369990898,29.048709616930815,26.478680154855407,9,-0.7071067811865477,0.7071067811865474,0.7907757369376989,-0.6121059825476626,-1.0,-1.8369701987210297e-16,51.260847,-0.546053,33
2019-09-11 22:00:00,21.337833333333332,55.46600000000002,102.0953333333334,2.15,0.40232255630723096,19.957054647442416,29.353540448668625,9,-0.5000000000000004,0.8660254037844384,0.7907757369376989,-0.6121059825476626,-1.0,-1.8369701987210297e-16,51.260847,-0.546053,33
2019-09-11 23:00:00,20.78566666666666,55.527833333333305,102.13616666666665,2.35,0.39865997750923715,19.808383218436724,28.600315872022325,9,-0.25881904510252157,0.9659258262890681,0.7907757369376989,-0.6121059825476626,-1.0,-1.8369701987210297e-16,51.260847,-0.546053,33
2019-09-12 00:00:00,20.193666666666676,55.09983333333333,102.1806666666666,3.35,0.2939938598789782,18.220784925672536,27.829143607710062,9,0.0,1.0,0.6513724827222223,-0.758758122692791,-1.0,-1.8369701987210297e-16,51.260847,-0.546053,33
2019-09-12 01:00:00,19.6565,55.42383333333333,102.22983333333326,1.35,0.27893719400960315,14.180995067213535,28.831672808259064,9,0.25881904510252074,0.9659258262890683,0.6513724827222223,-0.758758122692791,-1.0,-1.8369701987210297e-16,51.260847,-0.546053,33
2019-09-12 02:00:00,19.17616666666668,55.71133333333333,102.25466666666681,1.2,0.27963778583795945,13.033778757422505,28.974387655702333,9,0.49999999999999994,0.8660254037844387,0.6513724827222223,-0.758758122692791,-1.0,-1.8369701987210297e-16,51.260847,-0.546053,33
2019-09-12 03:00:00,18.689833333333333,56.1003333333333,102.28100000000005,1.65,0.2545546888956321,13.329687549787236,29.54498017651737,9,0.7071067811865476,0.7071067811865476,0.6513724827222223,-0.758758122692791,-1.0,-1.8369701987210297e-16,51.260847,-0.546053,33
2019-09-12 04:00:00,18.306833333333326,56.35616666666666,102.3141666666667,1.5166666666666666,0.2640327119218891,13.937339936100432,29.48348655010817,9,0.8660254037844386,0.5000000000000001,0.6513724827222223,-0.758758122692791,-1.0,-1.8369701987210297e-16,51.260847,-0.546053,33
2019-09-12 05:00:00,17.941333333333333,56.89916666666666,102.33716666666665,3.9,0.2894563227245953,17.233771030339327,29.206505885838574,9,0.9659258262890683,0.25881904510252074,0.6513724827222223,-0.758758122692791,-1.0,-1.8369701987210297e-16,51.260847,-0.546053,33
2019-09-12 06:00:00,18.142833333333332,57.409499999999994,102.38983333333333,4.05,0.3538451876550704,32.16937513355904,26.099233204053082,9,1.0,6.123233995736766e-17,0.6513724827222223,-0.758758122692791,-1.0,-1.8369701987210297e-16,51.260847,-0.546053,33
2019-09-12 07:00:00,19.147666666666666,57.483833333333344,102.43799999999987,4.016666666666667,0.5544952087535476,62.69477104855822,18.628158728415304,9,0.9659258262890683,-0.25881904510252063,0.6513724827222223,-0.758758122692791,-1.0,-1.8369701987210297e-16,51.260847,-0.546053,33
2019-09-12 08:00:00,20.88,56.52583333333333,102.45699999999995,3.4833333333333334,0.5358804750191887,43.663056923123364,24.93663468957801,9,0.8660254037844387,-0.4999999999999998,0.6513724827222223,-0.758758122692791,-1.0,-1.8369701987210297e-16,51.260847,-0.546053,33
2019-09-12 09:00:00,23.41266666666667,55.65150000000006,102.48633333333332,2.783333333333333,0.5326646541598989,36.80911210406484,24.307980760855838,9,0.7071067811865476,-0.7071067811865475,0.6513724827222223,-0.758758122692791,-1.0,-1.8369701987210297e-16,51.260847,-0.546053,33
2019-09-12 10:00:00,25.14333333333333,54.930333333333344,102.53016666666669,4.566666666666666,0.5130130794852117,58.05559928205528,23.15077986713749,9,0.49999999999999994,-0.8660254037844387,0.6513724827222223,-0.758758122692791,-1.0,-1.8369701987210297e-16,51.260847,-0.546053,33
2019-09-12 11:00:00,27.72916666666665,52.458499999999965,102.52600000000002,3.2333333333333334,0.5047382339396324,47.58937004317545,22.554498573318707,9,0.258819045102521,-0.9659258262890682,0.6513724827222223,-0.758758122692791,-1.0,-1.8369701987210297e-16,51.260847,-0.546053,33
2019-09-12 12:00:00,31.304666666666673,48.19049999999998,102.49616666666658,6.016666666666667,0.5390247260589403,38.22637701114738,21.183623841831604,9,1.2246467991473532e-16,-1.0,0.6513724827222223,-0.758758122692791,-1.0,-1.8369701987210297e-16,51.260847,-0.546053,33
2019-09-12 13:00:00,34.68366666666665,42.99183333333335,102.47666666666666,2.2333333333333334,0.5220963692055051,52.104870721330606,18.580850532828016,9,-0.2588190451025208,-0.9659258262890683,0.6513724827222223,-0.758758122692791,-1.0,-1.8369701987210297e-16,51.260847,-0.546053,33
2019-09-12 14:00:00,37.55816666666665,38.800166666666655,102.46583333333326,3.0833333333333335,0.5825230747371619,51.37677548627532,16.627591989947934,9,-0.4999999999999997,-0.8660254037844388,0.6513724827222223,-0.758758122692791,-1.0,-1.8369701987210297e-16,51.260847,-0.546053,33
2019-09-12 15:00:00,34.73099999999998,40.300000000000004,102.45566666666657,3.2,0.5403753117112614,36.1799340190588,20.463985405757583,9,-0.7071067811865471,-0.7071067811865479,0.6513724827222223,-0.758758122692791,-1.0,-1.8369701987210297e-16,51.260847,-0.546053,33
2019-09-12 16:00:00,30.687999999999988,44.05416666666667,102.4603333333333,6.783333333333333,0.633829299823287,20.458739182765704,26.18258687877319,9,-0.8660254037844385,-0.5000000000000004,0.6513724827222223,-0.758758122692791,-1.0,-1.8369701987210297e-16,51.260847,-0.546053,33
2019-09-12 17:00:00,27.595833333333324,47.16233333333335,102.49516666666662,7.35,0.5909998354961356,18.41729904084319,26.358631212186026,9,-0.9659258262890683,-0.25881904510252063,0.6513724827222223,-0.758758122692791,-1.0,-1.8369701987210297e-16,51.260847,-0.546053,33
2019-09-12 18:00:00,25.7795,49.20566666666665,102.5050000000001,8.733333333333333,0.5703413450190102,16.57623250673692,28.869573784110244,9,-1.0,-1.8369701987210297e-16,0.6513724827222223,-0.758758122692791,-1.0,-1.8369701987210297e-16,51.260847,-0.546053,33
2019-09-12 19:00:00,24.316833333333324,51.111666666666636,102.55200000000005,12.1,0.5036033340592257,24.8471997326338,23.958103865350303,9,-0.9659258262890684,0.2588190451025203,0.6513724827222223,-0.758758122692791,-1.0,-1.8369701987210297e-16,51.260847,-0.546053,33
2019-09-12 20:00:00,23.31983333333333,52.812999999999995,102.57666666666675,10.616666666666667,0.5196733336665298,15.485275361026114,27.78832516474397,9,-0.8660254037844386,0.5000000000000001,0.6513724827222223,-0.758758122692791,-1.0,-1.8369701987210297e-16,51.260847,-0.546053,33
2019-09-12 21:00:00,23.199500000000008,53.14516666666667,102.62383333333338,10.516666666666667,0.43890827381611136,16.806665634098998,29.829312501404388,9,-0.7071067811865477,0.7071067811865474,0.6513724827222223,-0.758758122692791,-1.0,-1.8369701987210297e-16,51.260847,-0.546053,33
2019-09-12 22:00:00,23.024333333333345,53.35716666666665,102.65599999999996,7.683333333333334,0.35819931413883577,19.80214938486229,27.16446496872743,9,-0.5000000000000004,0.8660254037844384,0.6513724827222223,-0.758758122692791,-1.0,-1.8369701987210297e-16,51.260847,-0.546053,33
2019-09-12 23:00:00,22.827166666666646,53.54233333333334,102.68733333333321,6.816666666666666,0.31793934748228403,13.806803746138167,29.171236662363754,9,-0.25881904510252157,0.9659258262890681,0.6513724827222223,-0.758758122692791,-1.0,-1.8369701987210297e-16,51.260847,-0.546053,33
2019-09-13 00:00:00,22.70950000000003,53.691,102.71149999999997,6.466666666666667,0.30160908091319627,21.32469949745937,25.8369513112599,9,0.0,1.0,0.48530196253108104,-0.8743466161445821,-1.0,-1.8369701987210297e-16,51.260847,-0.546053,33
2019-09-13 01:00:00,22.778333333333304,53.53049999999998,102.74783333333335,6.083333333333333,0.2829200792531638,20.961656983128446,27.627147179081682,9,0.25881904510252074,0.9659258262890683,0.48530196253108104,-0.8743466161445821,-1.0,-1.8369701987210297e-16,51.260847,-0.546053,33
2019-09-13 02:00:00,22.931666666666665,52.924166666666665,102.75416666666673,6.1,0.2706575085232851,20.36780469521691,28.127671559337287,9,0.49999999999999994,0.8660254037844387,0.48530196253108104,-0.8743466161445821,-1.0,-1.8369701987210297e-16,51.260847,-0.546053,33
2019-09-13 03:00:00,22.640999999999988,53.000999999999976,102.80100000000007,5.633333333333334,0.2662180530139406,19.447839967176332,30.657776418325387,9,0.7071067811865476,0.7071067811865476,0.48530196253108104,-0.8743466161445821,-1.0,-1.8369701987210297e-16,51.260847,-0.546053,33
2019-09-13 04:00:00,21.680333333333333,53.13283333333335,102.86283333333333,1.6,0.24026980625814398,26.478244603814268,23.196119397299867,9,0.8660254037844386,0.5000000000000001,0.48530196253108104,-0.8743466161445821,-1.0,-1.8369701987210297e-16,51.260847,-0.546053,33
2019-09-13 05:00:00,20.46983333333333,52.687499999999986,102.96066666666664,0.43333333333333335,0.216202752512361,33.10371130541836,17.476162422329462,9,0.9659258262890683,0.25881904510252074,0.48530196253108104,-0.8743466161445821,-1.0,-1.8369701987210297e-16,51.260847,-0.546053,33
2019-09-13 06:00:00,19.456333333333326,51.97466666666665,103.01966666666664,1.5833333333333333,0.2434479595880263,41.26620723084225,16.599080567920023,9,1.0,6.123233995736766e-17,0.48530196253108104,-0.8743466161445821,-1.0,-1.8369701987210297e-16,51.260847,-0.546053,33
2019-09-13 07:00:00,19.260333333333342,51.44516666666669,103.075,0.9666666666666667,0.24892854349106605,29.19429866789944,19.538925400365386,9,0.9659258262890683,-0.25881904510252063,0.48530196253108104,-0.8743466161445821,-1.0,-1.8369701987210297e-16,51.260847,-0.546053,33
2019-09-13 08:00:00,20.16716666666667,50.769500000000015,103.10899999999998,1.95,0.26259439051818007,28.812966525440416,22.898844297136584,9,0.8660254037844387,-0.4999999999999998,0.48530196253108104,-0.8743466161445821,-1.0,-1.8369701987210297e-16,51.260847,-0.546053,33
2019-09-13 09:00:00,24.148000000000007,48.747333333333316,103.17249999999994,1.55,0.2923593524802311,30.467831190992758,29.401419895574346,9,0.7071067811865476,-0.7071067811865475,0.48530196253108104,-0.8743466161445821,-1.0,-1.8369701987210297e-16,51.260847,-0.546053,33
2019-09-13 10:00:00,30.252333333333304,44.231666666666676,103.20683333333328,1.45,0.32570777402138407,32.46584974342637,39.90123978714181,9,0.49999999999999994,-0.8660254037844387,0.48530196253108104,-0.8743466161445821,-1.0,-1.8369701987210297e-16,51.260847,-0.546053,33
2019-09-13 11:00:00,35.86283333333334,39.17416666666668,103.19066666666653,1.4666666666666666,0.3591807928172359,39.89276314949523,31.23662207540901,9,0.258819045102521,-0.9659258262890682,0.48530196253108104,-0.8743466161445821,-1.0,-1.8369701987210297e-16,51.260847,-0.546053,33
2019-09-13 12:00:00,40.33550000000001,35.649666666666675,103.212,2.783333333333333,0.41512413144601307,61.60880628240467,34.795686406044375,9,1.2246467991473532e-16,-1.0,0.48530196253108104,-0.8743466161445821,-1.0,-1.8369701987210297e-16,51.260847,-0.546053,33
2019-09-13 13:00:00,44.12066666666663,33.39983333333335,103.18550000000003,1.7833333333333334,0.37576987323063743,51.53553131963455,28.48491056307585,9,-0.2588190451025208,-0.9659258262890683,0.48530196253108104,-0.8743466161445821,-1.0,-1.8369701987210297e-16,51.260847,-0.546053,33
2019-09-13 14:00:00,46.4765,32.23433333333335,103.18449999999986,4.266666666666667,0.3963224488513647,43.659395080541756,30.321461953857227,9,-0.4999999999999997,-0.8660254037844388,0.48530196253108104,-0.8743466161445821,-1.0,-1.8369701987210297e-16,51.260847,-0.546053,33
2019-09-13 15:00:00,47.138999999999996,31.248500000000003,103.18316666666672,2.933333333333333,0.4435192955750316,25.83584555064346,24.372910238273697,9,-0.7071067811865471,-0.7071067811865479,0.48530196253108104,-0.8743466161445821,-1.0,-1.8369701987210297e-16,51.260847,-0.546053,33
2019-09-13 16:00:00,45.14099999999999,32.05116666666667,103.1658333333333,4.083333333333333,0.48091372214983125,23.560789878123998,25.998675999506368,9,-0.8660254037844385,-0.5000000000000004,0.48530196253108104,-0.8743466161445821,-1.0,-1.8369701987210297e-16,51.260847,-0.546053,33
2019-09-13 17:00:00,37.58316666666668,34.96000000000001,103.17466666666671,5.05,0.6034715037752353,30.05509711827811,23.243947164580245,9,-0.9659258262890683,-0.25881904510252063,0.48530196253108104,-0.8743466161445821,-1.0,-1.8369701987210297e-16,51.260847,-0.546053,33
2019-09-13 18:00:00,29.54066666666667,37.40599999999997,103.17766666666664,4.883333333333334,0.5191553956767758,9.960926957360872,29.470182131184448,9,-1.0,-1.8369701987210297e-16,0.48530196253108104,-0.8743466161445821,-1.0,-1.8369701987210297e-16,51.260847,-0.546053,33
2019-09-13 19:00:00,25.547666666666657,38.23783333333335,103.19666666666664,7.0,0.7447953212073615,27.92498603662411,18.664854723549045,9,-0.9659258262890684,0.2588190451025203,0.48530196253108104,-0.8743466161445821,-1.0,-1.8369701987210297e-16,51.260847,-0.546053,33
2019-09-13 20:00:00,22.599166666666676,39.00016666666668,103.2620000000001,7.4,0.9217089484675941,19.88908582558126,20.922940597407287,9,-0.8660254037844386,0.5000000000000001,0.48530196253108104,-0.8743466161445821,-1.0,-1.8369701987210297e-16,51.260847,-0.546053,33
2019-09-13 21:00:00,20.0895,39.93750000000003,103.2948333333334,8.016666666666667,0.6864600490512827,8.917846614093444,24.508366519275462,9,-0.7071067811865477,0.7071067811865474,0.48530196253108104,-0.8743466161445821,-1.0,-1.8369701987210297e-16,51.260847,-0.546053,33
2019-09-13 22:00:00,19.013833333333324,40.70666666666666,103.33516666666671,14.633333333333333,0.5868148533994967,8.486294891349546,22.05658083446143,9,-0.5000000000000004,0.8660254037844384,0.48530196253108104,-0.8743466161445821,-1.0,-1.8369701987210297e-16,51.260847,-0.546053,33
2019-09-13 23:00:00,17.61300000000001,41.38166666666667,103.33216666666662,18.066666666666666,0.5195873726862182,8.858690272065534,26.541006213006543,9,-0.25881904510252157,0.9659258262890681,0.48530196253108104,-0.8743466161445821,-1.0,-1.8369701987210297e-16,51.260847,-0.546053,33
2019-09-14 00:00:00,16.386166666666675,42.208999999999996,103.30450000000003,12.383333333333333,0.43861126644413884,11.341380061110735,22.24370961621017,9,0.0,1.0,0.29936312297335804,-0.9541392564000488,-1.0,-1.8369701987210297e-16,51.260847,-0.546053,33
2019-09-14 01:00:00,15.261833333333332,42.689,103.28583333333343,11.7,0.4055121832104673,14.885460768898858,20.413551256987816,9,0.25881904510252074,0.9659258262890683,0.29936312297335804,-0.9541392564000488,-1.0,-1.8369701987210297e-16,51.260847,-0.546053,33
2019-09-14 02:00:00,14.16783333333335,43.111166666666655,103.28416666666672,10.583333333333334,0.40441285821894596,17.34921670916134,19.17596415391916,9,0.49999999999999994,0.8660254037844387,0.29936312297335804,-0.9541392564000488,-1.0,-1.8369701987210297e-16,51.260847,-0.546053,33
2019-09-14 03:00:00,13.585500000000001,43.40950000000003,103.2493333333332,8.433333333333334,0.35850805997536744,17.641052923744425,20.747849225596973,9,0.7071067811865476,0.7071067811865476,0.29936312297335804,-0.9541392564000488,-1.0,-1.8369701987210297e-16,51.260847,-0.546053,33
2019-09-14 04:00:00,12.785833333333327,43.69183333333333,103.22666666666667,9.216666666666667,0.3565093006800779,22.579229682301477,19.42359386142157,9,0.8660254037844386,0.5000000000000001,0.29936312297335804,-0.9541392564000488,-1.0,-1.8369701987210297e-16,51.260847,-0.546053,33
2019-09-14 05:00:00,12.284833333333335,43.87650000000001,103.20450000000007,7.35,0.3386896492512003,25.12330990862944,19.12797287597992,9,0.9659258262890683,0.25881904510252074,0.29936312297335804,-0.9541392564000488,-1.0,-1.8369701987210297e-16,51.260847,-0.546053,33
2019-09-14 06:00:00,11.910833333333333,44.28583333333336,103.2253333333333,9.416666666666666,0.37125165421344836,31.873665228186425,14.589992863677308,9,1.0,6.123233995736766e-17,0.29936312297335804,-0.9541392564000488,-1.0,-1.8369701987210297e-16,51.260847,-0.546053,33
2019-09-14 07:00:00,12.215666666666671,44.49349999999999,103.20549999999993,12.833333333333334,0.4115151969012728,33.273781042770395,15.520380936723825,9,0.9659258262890683,-0.25881904510252063,0.29936312297335804,-0.9541392564000488,-1.0,-1.8369701987210297e-16,51.260847,-0.546053,33
2019-09-14 08:00:00,14.959666666666662,44.32750000000001,103.16299999999988,15.816666666666666,0.4822535683558539,48.29948569968397,12.864567958102603,9,0.8660254037844387,-0.4999999999999998,0.29936312297335804,-0.9541392564000488,-1.0,-1.8369701987210297e-16,51.260847,-0.546053,33
2019-09-14 09:00:00,21.194999999999993,43.38583333333331,103.11816666666664,13.266666666666667,0.8145805422058797,47.400256896843544,21.038699782794144,9,0.7071067811865476,-0.7071067811865475,0.29936312297335804,-0.9541392564000488,-1.0,-1.8369701987210297e-16,51.260847,-0.546053,33
2019-09-14 10:00:00,29.489666666666665,39.37466666666667,103.03866666666673,6.0,0.6744279147492995,49.2066768870286,33.64872973467649,9,0.49999999999999994,-0.8660254037844387,0.29936312297335804,-0.9541392564000488,-1.0,-1.8369701987210297e-16,51.260847,-0.546053,33
2019-09-14 11:00:00,36.87783333333333,35.01133333333334,103.02516666666678,2.4833333333333334,0.7038050570658482,51.528513094224586,44.036881593050545,9,0.258819045102521,-0.9659258262890682,0.29936312297335804,-0.9541392564000488,-1.0,-1.8369701987210297e-16,51.260847,-0.546053,33
2019-09-14 12:00:00,42.68416666666665,31.02783333333333,102.97283333333327,0.7666666666666667,0.6897781330524962,66.55998444042159,48.396022417616706,9,1.2246467991473532e-16,-1.0,0.29936312297335804,-0.9541392564000488,-1.0,-1.8369701987210297e-16,51.260847,-0.546053,33
2019-09-14 13:00:00,44.73616666666664,27.247333333333334,102.89966666666663,2.183333333333333,0.7990363516412902,69.39367353136471,25.710392390985053,9,-0.2588190451025208,-0.9659258262890683,0.29936312297335804,-0.9541392564000488,-1.0,-1.8369701987210297e-16,51.260847,-0.546053,33
2019-09-14 14:00:00,46.68566666666668,26.377166666666657,102.81583333333333,1.45,0.8777707555111299,39.0577996645362,27.61320397052146,9,-0.4999999999999997,-0.8660254037844388,0.29936312297335804,-0.9541392564000488,-1.0,-1.8369701987210297e-16,51.260847,-0.546053,33
2019-09-14 15:00:00,47.27216666666667,26.086,102.73666666666666,1.9333333333333333,0.7577854194170254,69.29518803545294,15.18784328652327,9,-0.7071067811865471,-0.7071067811865479,0.29936312297335804,-0.9541392564000488,-1.0,-1.8369701987210297e-16,51.260847,-0.546053,33
2019-09-14 16:00:00,46.158500000000004,27.07133333333333,102.67,2.0833333333333335,0.7990568163789872,41.43174264037813,13.160373482805262,9,-0.8660254037844385,-0.5000000000000004,0.29936312297335804,-0.9541392564000488,-1.0,-1.8369701987210297e-16,51.260847,-0.546053,33
2019-09-14 17:00:00,37.070833333333326,28.56983333333333,102.61616666666664,3.566666666666667,0.8711613528729271,26.22643929266051,17.60635308711873,9,-0.9659258262890683,-0.25881904510252063,0.29936312297335804,-0.9541392564000488,-1.0,-1.8369701987210297e-16,51.260847,-0.546053,33
2019-09-14 18:00:00,30.073500000000003,30.49999999999999,102.58933333333341,11.816666666666666,0.8918694271995431,20.22494375611439,26.89690429859319,9,-1.0,-1.8369701987210297e-16,0.29936312297335804,-0.9541392564000488,-1.0,-1.8369701987210297e-16,51.260847,-0.546053,33
2019-09-14 19:00:00,26.789833333333338,32.62450000000002,102.59300000000005,15.3,1.005962296271174,15.344904340164756,25.495345507647663,9,-0.9659258262890684,0.2588190451025203,0.29936312297335804,-0.9541392564000488,-1.0,-1.8369701987210297e-16,51.260847,-0.546053,33
2019-09-14 20:00:00,23.785666666666668,34.75283333333333,102.57600000000006,12.7,0.8348615210895527,15.044615072371391,16.55280850174743,9,-0.8660254037844386,0.5000000000000001,0.29936312297335804,-0.9541392564000488,-1.0,-1.8369701987210297e-16,51.260847,-0.546053,33
2019-09-14 21:00:00,21.379333333333324,36.64783333333333,102.57216666666676,12.45,0.7339512542348682,10.513415032293526,12.859440725654549,9,-0.7071067811865477,0.7071067811865474,0.29936312297335804,-0.9541392564000488,-1.0,-1.8369701987210297e-16,51.260847,-0.546053,33
2019-09-14 22:00:00,19.69183333333333,38.719666666666676,102.54149999999998,12.566666666666666,0.5888459105010443,7.461280888333059,18.212677879315727,9,-0.5000000000000004,0.8660254037844384,0.29936312297335804,-0.9541392564000488,-1.0,-1.8369701987210297e-16,51.260847,-0.546053,33
2019-09-14 23:00:00,17.197333333333336,40.726833333333325,102.4836666666667,13.016666666666667,0.5980660997804473,10.164833766587615,15.91346875925651,9,-0.25881904510252157,0.9659258262890681,0.29936312297335804,-0.9541392564000488,-1.0,-1.8369701987210297e-16,51.260847,-0.546053,33
2019-09-15 00:00:00,15.799333333333339,42.13683333333334,102.47549999999995,13.283333333333333,0.507567211466719,12.596681975430068,14.942288895453949,9,0.0,1.0,0.10116832198743272,-0.994869323391895,-1.0,-1.8369701987210297e-16,51.260847,-0.546053,33
2019-09-15 01:00:00,14.824500000000002,43.008999999999986,102.42999999999994,13.25,0.47669477721650044,14.458278145695358,16.075432550610586,9,0.25881904510252074,0.9659258262890683,0.10116832198743272,-0.994869323391895,-1.0,-1.8369701987210297e-16,51.260847,-0.546053,33
2019-09-15 02:00:00,34.357333333333365,35.866333333333344,102.24266666666672,5.683333333333334,10.454516906270644,15.94935073164761,27.42862081361393,9,0.49999999999999994,0.8660254037844387,0.10116832198743272,-0.994869323391895,-1.0,-1.8369701987210297e-16,51.260847,-0.546053,33
2019-09-15 03:00:00,42.39000000000001,32.97000000000002,102.18000000000005,3.0,14.393109237277567,13.338523128323658,33.40195476091679,9,0.7071067811865476,0.7071067811865476,0.10116832198743272,-0.994869323391895,-1.0,-1.8369701987210297e-16,51.260847,-0.546053,33
2019-09-15 04:00:00,42.39000000000001,32.97000000000002,102.18000000000005,3.0,14.393109237277567,13.338523128323658,33.40195476091679,9,0.8660254037844386,0.5000000000000001,0.10116832198743272,-0.994869323391895,-1.0,-1.8369701987210297e-16,51.260847,-0.546053,33
2019-09-15 05:00:00,42.39000000000001,32.97000000000002,102.18000000000005,3.0,14.393109237277567,13.338523128323658,33.40195476091679,9,0.9659258262890683,0.25881904510252074,0.10116832198743272,-0.994869323391895,-1.0,-1.8369701987210297e-16,51.260847,-0.546053,33
2019-09-15 06:00:00,42.39000000000001,32.97000000000002,102.18000000000005,3.0,14.393109237277567,13.338523128323658,33.40195476091679,9,1.0,6.123233995736766e-17,0.10116832198743272,-0.994869323391895,-1.0,-1.8369701987210297e-16,51.260847,-0.546053,33
2019-09-15 07:00:00,42.39000000000001,32.97000000000002,102.18000000000005,3.0,14.393109237277567,13.338523128323658,33.40195476091679,9,0.9659258262890683,-0.25881904510252063,0.10116832198743272,-0.994869323391895,-1.0,-1.8369701987210297e-16,51.260847,-0.546053,33
2019-09-15 08:00:00,42.39000000000001,32.97000000000002,102.18000000000005,3.0,14.393109237277567,13.338523128323658,33.40195476091679,9,0.8660254037844387,-0.4999999999999998,0.10116832198743272,-0.994869323391895,-1.0,-1.8369701987210297e-16,51.260847,-0.546053,33
2019-09-15 09:00:00,42.39000000000001,32.97000000000002,102.18000000000005,3.0,14.393109237277567,13.338523128323658,33.40195476091679,9,0.7071067811865476,-0.7071067811865475,0.10116832198743272,-0.994869323391895,-1.0,-1.8369701987210297e-16,51.260847,-0.546053,33
2019-09-15 10:00:00,42.39000000000001,32.97000000000002,102.18000000000005,3.0,14.393109237277567,13.338523128323658,33.40195476091679,9,0.49999999999999994,-0.8660254037844387,0.10116832198743272,-0.994869323391895,-1.0,-1.8369701987210297e-16,51.260847,-0.546053,33
2019-09-15 11:00:00,42.39000000000001,32.97000000000002,102.18000000000005,3.0,14.393109237277567,13.338523128323658,33.40195476091679,9,0.258819045102521,-0.9659258262890682,0.10116832198743272,-0.994869323391895,-1.0,-1.8369701987210297e-16,51.260847,-0.546053,33
2019-09-15 12:00:00,42.39000000000001,32.97000000000002,102.18000000000005,3.0,14.393109237277567,13.338523128323658,33.40195476091679,9,1.2246467991473532e-16,-1.0,0.10116832198743272,-0.994869323391895,-1.0,-1.8369701987210297e-16,51.260847,-0.546053,33
2019-09-15 13:00:00,45.777999999999984,29.66199999999999,102.17233333333334,2.816666666666667,2.1390786641914925,68.28039123063128,12.93257367155609,9,-0.2588190451025208,-0.9659258262890683,0.10116832198743272,-0.994869323391895,-1.0,-1.8369701987210297e-16,51.260847,-0.546053,33
2019-09-15 14:00:00,49.1445,27.744166666666658,102.10466666666667,2.95,0.6515368833514807,70.25631989925851,4.592111926418473,9,-0.4999999999999997,-0.8660254037844388,0.10116832198743272,-0.994869323391895,-1.0,-1.8369701987210297e-16,51.260847,-0.546053,33
2019-09-15 15:00:00,50.17533333333334,27.486833333333326,102.0598333333334,1.6333333333333333,0.618981353087125,53.18313306815157,2.6104428283737056,9,-0.7071067811865471,-0.7071067811865479,0.10116832198743272,-0.994869323391895,-1.0,-1.8369701987210297e-16,51.260847,-0.546053,33
2019-09-15 16:00:00,48.8836666666667,27.534166666666653,102.00816666666665,1.2333333333333334,0.5718865802973778,47.99713339146963,1.505654198300514,9,-0.8660254037844385,-0.5000000000000004,0.10116832198743272,-0.994869323391895,-1.0,-1.8369701987210297e-16,51.260847,-0.546053,33
2019-09-15 17:00:00,41.26649999999999,30.82916666666667,101.99183333333325,1.5,0.5304395907395177,21.344527813507785,17.911424548260708,9,-0.9659258262890683,-0.25881904510252063,0.10116832198743272,-0.994869323391895,-1.0,-1.8369701987210297e-16,51.260847,-0.546053,33
2019-09-15 18:00:00,33.93066666666667,33.96933333333333,101.98699999999987,3.8,0.5475964805883299,8.2888341305401,30.857951645124615,9,-1.0,-1.8369701987210297e-16,0.10116832198743272,-0.994869323391895,-1.0,-1.8369701987210297e-16,51.260847,-0.546053,33
2019-09-15 19:00:00,30.469500000000007,35.233166666666676,101.99283333333327,6.816666666666666,0.6791465920782536,12.647502280964103,27.92871529478851,9,-0.9659258262890684,0.2588190451025203,0.10116832198743272,-0.994869323391895,-1.0,-1.8369701987210297e-16,51.260847,-0.546053,33
2019-09-15 20:00:00,28.428833333333326,36.21483333333333,102.00566666666678,15.183333333333334,0.8194420980668653,19.648242234491114,23.99071701298987,9,-0.8660254037844386,0.5000000000000001,0.10116832198743272,-0.994869323391895,-1.0,-1.8369701987210297e-16,51.260847,-0.546053,33
2019-09-15 21:00:00,26.66533333333334,37.924499999999995,102.02933333333326,10.416666666666666,0.6145532614104922,12.972560508317253,13.017114018165245,9,-0.7071067811865477,0.7071067811865474,0.10116832198743272,-0.994869323391895,-1.0,-1.8369701987210297e-16,51.260847,-0.546053,33
2019-09-15 22:00:00,25.114833333333333,39.55916666666666,102.02166666666676,11.5,0.5210460225978618,15.55483881987598,13.386220524235918,9,-0.5000000000000004,0.8660254037844384,0.10116832198743272,-0.994869323391895,-1.0,-1.8369701987210297e-16,51.260847,-0.546053,33
2019-09-15 23:00:00,23.235999999999997,41.49066666666668,102.00366666666663,13.366666666666667,0.4551484622387233,18.59415654894782,10.16893205263923,9,-0.25881904510252157,0.9659258262890681,0.10116832198743272,-0.994869323391895,-1.0,-1.8369701987210297e-16,51.260847,-0.546053,33
2019-09-16 00:00:00,22.080666666666673,43.07599999999999,101.97849999999987,14.116666666666667,0.41463725762633213,9.396711089650067,19.39893617754539,9,0.0,1.0,-0.10116832198743204,-0.9948693233918952,-1.0,-1.8369701987210297e-16,51.260847,-0.546053,33
2019-09-16 01:00:00,21.305333333333337,43.20333333333333,101.98799999999991,14.65,0.36691796219409906,11.992501915194095,23.201814145508802,9,0.25881904510252074,0.9659258262890683,-0.10116832198743204,-0.9948693233918952,-1.0,-1.8369701987210297e-16,51.260847,-0.546053,33
2019-09-16 02:00:00,20.6555,44.00149999999999,101.93650000000001,20.266666666666666,0.3414434014601147,12.827940238662936,22.322283471904097,9,0.49999999999999994,0.8660254037844387,-0.10116832198743204,-0.9948693233918952,-1.0,-1.8369701987210297e-16,51.260847,-0.546053,33
2019-09-16 03:00:00,20.473833333333335,43.689833333333326,101.89250000000008,24.483333333333334,0.3259243490709174,14.279187703734689,24.083306039149775,9,0.7071067811865476,0.7071067811865476,-0.10116832198743204,-0.9948693233918952,-1.0,-1.8369701987210297e-16,51.260847,-0.546053,33
2019-09-16 04:00:00,20.791000000000004,43.55133333333333,101.88600000000011,26.85,0.31870754333041795,15.556366633517829,24.83080557227389,9,0.8660254037844386,0.5000000000000001,-0.10116832198743204,-0.9948693233918952,-1.0,-1.8369701987210297e-16,51.260847,-0.546053,33
2019-09-16 05:00:00,20.787333333333336,43.43016666666667,101.85100000000003,25.283333333333335,0.3242654149188728,18.715644301449572,24.058059571085696,9,0.9659258262890683,0.25881904510252074,-0.10116832198743204,-0.9948693233918952,-1.0,-1.8369701987210297e-16,51.260847,-0.546053,33
2019-09-16 06:00:00,20.542499999999986,44.568499999999986,101.84483333333334,22.05,0.4269531282508969,32.754325955854135,16.722333645949657,9,1.0,6.123233995736766e-17,-0.10116832198743204,-0.9948693233918952,-1.0,-1.8369701987210297e-16,51.260847,-0.546053,33
2019-09-16 07:00:00,20.83249999999999,45.93100000000001,101.8748333333334,15.866666666666667,0.5997633409849529,39.69397723484225,13.032804251054102,9,0.9659258262890683,-0.25881904510252063,-0.10116832198743204,-0.9948693233918952,-1.0,-1.8369701987210297e-16,51.260847,-0.546053,33
2019-09-16 08:00:00,21.517833333333332,45.58066666666668,101.89099999999995,12.7,0.41096316362922397,20.832222380907226,24.656310771885742,9,0.8660254037844387,-0.4999999999999998,-0.10116832198743204,-0.9948693233918952,-1.0,-1.8369701987210297e-16,51.260847,-0.546053,33
2019-09-16 09:00:00,22.650833333333335,44.911166666666645,101.922,13.1,0.46965580807882495,35.6072297713289,19.461201715173853,9,0.7071067811865476,-0.7071067811865475,-0.10116832198743204,-0.9948693233918952,-1.0,-1.8369701987210297e-16,51.260847,-0.546053,33
2019-09-16 10:00:00,24.99400000000002,43.85516666666669,101.9296666666667,11.65,0.44076661049925964,23.180647984353435,28.07807605779595,9,0.49999999999999994,-0.8660254037844387,-0.10116832198743204,-0.9948693233918952,-1.0,-1.8369701987210297e-16,51.260847,-0.546053,33
2019-09-16 11:00:00,28.31933333333334,41.804166666666674,101.9095,8.2,0.46211439330275056,20.300974117315054,31.17579429500139,9,0.258819045102521,-0.9659258262890682,-0.10116832198743204,-0.9948693233918952,-1.0,-1.8369701987210297e-16,51.260847,-0.546053,33
2019-09-16 12:00:00,29.514666666666646,41.05016666666662,101.88800000000012,7.016666666666667,0.37150830730235734,22.526724111442597,27.007350506050663,9,1.2246467991473532e-16,-1.0,-0.10116832198743204,-0.9948693233918952,-1.0,-1.8369701987210297e-16,51.260847,-0.546053,33
2019-09-16 13:00:00,29.456333333333326,40.95716666666666,101.87716666666658,7.283333333333333,0.3631331777305749,20.110006270948155,27.881271477959494,9,-0.2588190451025208,-0.9659258262890683,-0.10116832198743204,-0.9948693233918952,-1.0,-1.8369701987210297e-16,51.260847,-0.546053,33
2019-09-16 14:00:00,29.003999999999976,41.173166666666674,101.88233333333334,7.783333333333333,0.34221216114809944,19.306225862324585,24.79020524187411,9,-0.4999999999999997,-0.8660254037844388,-0.10116832198743204,-0.9948693233918952,-1.0,-1.8369701987210297e-16,51.260847,-0.546053,33
2019-09-16 15:00:00,27.980333333333345,41.74383333333335,101.87049999999994,7.266666666666667,0.3389612838298557,16.36876114556861,26.793802583224373,9,-0.7071067811865471,-0.7071067811865479,-0.10116832198743204,-0.9948693233918952,-1.0,-1.8369701987210297e-16,51.260847,-0.546053,33
2019-09-16 16:00:00,26.74999999999998,42.459499999999984,101.88383333333331,6.233333333333333,0.40108183617442833,18.525704310926738,24.732923218657323,9,-0.8660254037844385,-0.5000000000000004,-0.10116832198743204,-0.9948693233918952,-1.0,-1.8369701987210297e-16,51.260847,-0.546053,33
2019-09-16 17:00:00,25.409833333333328,43.49233333333333,101.9103333333333,8.416666666666666,0.3988984060832158,11.95361035487813,28.892073729971337,9,-0.9659258262890683,-0.25881904510252063,-0.10116832198743204,-0.9948693233918952,-1.0,-1.8369701987210297e-16,51.260847,-0.546053,33
2019-09-16 18:00:00,24.377666666666666,44.3521666666667,101.91749999999996,9.55,0.47989153726148176,27.68179759949036,23.57543954245401,9,-1.0,-1.8369701987210297e-16,-0.10116832198743204,-0.9948693233918952,-1.0,-1.8369701987210297e-16,51.260847,-0.546053,33
2019-09-16 19:00:00,23.65883333333334,44.6875,101.9573333333333,16.183333333333334,0.4862929473252059,25.17721111176063,26.210072117378004,9,-0.9659258262890684,0.2588190451025203,-0.10116832198743204,-0.9948693233918952,-1.0,-1.8369701987210297e-16,51.260847,-0.546053,33
2019-09-16 20:00:00,23.021833333333333,44.69566666666667,102.0016666666668,11.266666666666667,0.4440531383895898,17.23984580167792,31.00839553391726,9,-0.8660254037844386,0.5000000000000001,-0.10116832198743204,-0.9948693233918952,-1.0,-1.8369701987210297e-16,51.260847,-0.546053,33
2019-09-16 21:00:00,22.66333333333334,44.4355,102.03433333333345,12.683333333333334,0.37540368005997515,16.354188653787176,29.907233246328776,9,-0.7071067811865477,0.7071067811865474,-0.10116832198743204,-0.9948693233918952,-1.0,-1.8369701987210297e-16,51.260847,-0.546053,33
2019-09-16 22:00:00,22.102333333333338,44.40983333333335,102.04316666666665,11.316666666666666,0.382188989379362,12.86618375479691,29.170513771968366,9,-0.5000000000000004,0.8660254037844384,-0.10116832198743204,-0.9948693233918952,-1.0,-1.8369701987210297e-16,51.260847,-0.546053,33
2019-09-16 23:00:00,20.98800000000001,44.5865,102.04116666666667,10.066666666666666,0.3418589930564232,14.593813100146006,29.439103311884498,9,-0.25881904510252157,0.9659258262890681,-0.10116832198743204,-0.9948693233918952,-1.0,-1.8369701987210297e-16,51.260847,-0.546053,33
2019-09-17 00:00:00,20.044833333333333,45.114666666666636,102.05433333333339,15.183333333333334,0.332048346143548,17.378248879164172,30.053575261519267,9,0.0,1.0,-0.2993631229733582,-0.9541392564000488,-1.0,-1.8369701987210297e-16,51.260847,-0.546053,33
2019-09-17 01:00:00,20.29733333333333,44.78099999999997,102.06166666666671,22.366666666666667,0.32859956860575124,21.87963122314679,25.89824231642798,9,0.25881904510252074,0.9659258262890683,-0.2993631229733582,-0.9541392564000488,-1.0,-1.8369701987210297e-16,51.260847,-0.546053,33
2019-09-17 02:00:00,20.19450000000001,44.594666666666654,102.07583333333335,12.616666666666667,0.28386239944308583,26.193919709143223,20.790041090421635,9,0.49999999999999994,0.8660254037844387,-0.2993631229733582,-0.9541392564000488,-1.0,-1.8369701987210297e-16,51.260847,-0.546053,33
2019-09-17 03:00:00,19.5345,44.33816666666665,102.10149999999993,9.066666666666666,0.2527301977402139,26.972253201040424,16.603825118054868,9,0.7071067811865476,0.7071067811865476,-0.2993631229733582,-0.9541392564000488,-1.0,-1.8369701987210297e-16,51.260847,-0.546053,33
2019-09-17 04:00:00,18.74616666666666,43.96466666666671,102.10816666666656,4.583333333333333,0.23715663830926575,26.18908749640933,16.6035777258476,9,0.8660254037844386,0.5000000000000001,-0.2993631229733582,-0.9541392564000488,-1.0,-1.8369701987210297e-16,51.260847,-0.546053,33
2019-09-17 05:00:00,17.16133333333333,44.08666666666666,102.12666666666668,4.366666666666666,0.234382243507131,22.349010468754436,20.663365366693707,9,0.9659258262890683,0.25881904510252074,-0.2993631229733582,-0.9541392564000488,-1.0,-1.8369701987210297e-16,51.260847,-0.546053,33
2019-09-17 06:00:00,15.528333333333325,44.64583333333334,102.13966666666661,6.45,0.2932147278082217,24.691430533173914,20.492855781478422,9,1.0,6.123233995736766e-17,-0.2993631229733582,-0.9541392564000488,-1.0,-1.8369701987210297e-16,51.260847,-0.546053,33
2019-09-17 07:00:00,15.036166666666666,45.59533333333331,102.18599999999995,7.783333333333333,0.45011088617175093,44.57197971016763,15.452689599749483,9,0.9659258262890683,-0.25881904510252063,-0.2993631229733582,-0.9541392564000488,-1.0,-1.8369701987210297e-16,51.260847,-0.546053,33
2019-09-17 08:00:00,16.77483333333334,44.94516666666669,102.2196666666666,6.566666666666666,0.3005242946646913,20.838753536922034,24.044110334285115,9,0.8660254037844387,-0.4999999999999998,-0.2993631229733582,-0.9541392564000488,-1.0,-1.8369701987210297e-16,51.260847,-0.546053,33
2019-09-17 09:00:00,21.633833333333317,43.279999999999994,102.22599999999993,6.616666666666666,0.35238932666940354,27.90252727011249,27.232377013261996,9,0.7071067811865476,-0.7071067811865475,-0.2993631229733582,-0.9541392564000488,-1.0,-1.8369701987210297e-16,51.260847,-0.546053,33
2019-09-17 10:00:00,27.661333333333303,39.209666666666685,102.22716666666662,3.183333333333333,0.4573841250914805,35.653956164680295,29.07626551226625,9,0.49999999999999994,-0.8660254037844387,-0.2993631229733582,-0.9541392564000488,-1.0,-1.8369701987210297e-16,51.260847,-0.546053,33
2019-09-17 11:00:00,33.389000000000024,35.23150000000002,102.21283333333334,1.8,0.400152688645735,39.11837243616723,38.0204926988002,9,0.258819045102521,-0.9659258262890682,-0.2993631229733582,-0.9541392564000488,-1.0,-1.8369701987210297e-16,51.260847,-0.546053,33
2019-09-17 12:00:00,38.7296666666667,31.545000000000016,102.22566666666668,2.1666666666666665,0.39780837877300396,51.0148662044418,33.70424134132869,9,1.2246467991473532e-16,-1.0,-0.2993631229733582,-0.9541392564000488,-1.0,-1.8369701987210297e-16,51.260847,-0.546053,33
2019-09-17 13:00:00,41.643333333333324,29.430833333333325,102.2163333333333,2.533333333333333,0.3555075540403049,43.570600278577025,30.24080500729847,9,-0.2588190451025208,-0.9659258262890683,-0.2993631229733582,-0.9541392564000488,-1.0,-1.8369701987210297e-16,51.260847,-0.546053,33
2019-09-17 14:00:00,44.134166666666665,28.246666666666666,102.22733333333319,1.8333333333333333,0.4084205486318121,51.39770426684426,18.8334737108042,9,-0.4999999999999997,-0.8660254037844388,-0.2993631229733582,-0.9541392564000488,-1.0,-1.8369701987210297e-16,51.260847,-0.546053,33
2019-09-17 15:00:00,44.276000000000025,27.211999999999993,102.23333333333322,1.4,0.48851083976224025,41.05638681116115,15.628949179277107,9,-0.7071067811865471,-0.7071067811865479,-0.2993631229733582,-0.9541392564000488,-1.0,-1.8369701987210297e-16,51.260847,-0.546053,33
2019-09-17 16:00:00,41.82100000000002,27.522500000000015,102.21966666666661,1.5666666666666667,0.40512695949877725,20.654626192671195,18.961116241640102,9,-0.8660254037844385,-0.5000000000000004,-0.2993631229733582,-0.9541392564000488,-1.0,-1.8369701987210297e-16,51.260847,-0.546053,33
2019-09-17 17:00:00,34.23399999999999,30.239166666666677,102.25400000000008,4.5,0.4432946867536548,11.486204204371285,29.085191407473772,9,-0.9659258262890683,-0.25881904510252063,-0.2993631229733582,-0.9541392564000488,-1.0,-1.8369701987210297e-16,51.260847,-0.546053,33
2019-09-17 18:00:00,27.11483333333333,32.912666666666674,102.26966666666668,2.75,0.4814900232404547,8.057365343377564,30.862213249462933,9,-1.0,-1.8369701987210297e-16,-0.2993631229733582,-0.9541392564000488,-1.0,-1.8369701987210297e-16,51.260847,-0.546053,33
2019-09-17 19:00:00,23.300999999999995,34.30366666666667,102.31933333333338,5.183333333333334,0.5418703236170861,15.271078679488863,25.169008746682916,9,-0.9659258262890684,0.2588190451025203,-0.2993631229733582,-0.9541392564000488,-1.0,-1.8369701987210297e-16,51.260847,-0.546053,33
2019-09-17 20:00:00,20.87383333333333,35.19416666666666,102.38749999999997,8.45,0.5821910525319959,13.712048124065953,24.222571927848946,9,-0.8660254037844386,0.5000000000000001,-0.2993631229733582,-0.9541392564000488,-1.0,-1.8369701987210297e-16,51.260847,-0.546053,33
2019-09-17 21:00:00,18.986500000000014,36.06666666666669,102.44316666666676,10.283333333333333,0.5377048526498042,15.524365166217168,20.56470609755253,9,-0.7071067811865477,0.7071067811865474,-0.2993631229733582,-0.9541392564000488,-1.0,-1.8369701987210297e-16,51.260847,-0.546053,33
2019-09-17 22:00:00,17.12866666666667,36.865333333333325,102.50666666666663,8.85,0.4639169741713224,25.217970870364272,16.566082027351534,9,-0.5000000000000004,0.8660254037844384,-0.2993631229733582,-0.9541392564000488,-1.0,-1.8369701987210297e-16,51.260847,-0.546053,33
2019-09-17 23:00:00,15.825999999999983,37.06233333333332,102.54900000000004,6.383333333333334,0.3792059359905749,11.8024972946952,20.521798484119117,9,-0.25881904510252157,0.9659258262890681,-0.2993631229733582,-0.9541392564000488,-1.0,-1.8369701987210297e-16,51.260847,-0.546053,33
2019-09-18 00:00:00,14.663333333333334,37.47283333333334,102.55250000000007,7.383333333333334,0.40325590425361013,11.488205675142057,22.519978068748735,9,0.0,1.0,-0.4853019625310808,-0.8743466161445822,-1.0,-1.8369701987210297e-16,51.260847,-0.546053,33
2019-09-18 01:00:00,13.476666666666661,38.103333333333346,102.56400000000004,6.233333333333333,0.3587661094193456,12.600863492240107,21.226726955771827,9,0.25881904510252074,0.9659258262890683,-0.4853019625310808,-0.8743466161445822,-1.0,-1.8369701987210297e-16,51.260847,-0.546053,33
2019-09-18 02:00:00,12.66799999999999,38.28116666666664,102.58016666666664,5.75,0.31576958199310995,14.254938048989317,18.603046078963356,9,0.49999999999999994,0.8660254037844387,-0.4853019625310808,-0.8743466161445822,-1.0,-1.8369701987210297e-16,51.260847,-0.546053,33
2019-09-18 03:00:00,11.708333333333336,38.55950000000001,102.58200000000008,6.416666666666667,0.31145369066276335,13.088586084165916,23.65936364167818,9,0.7071067811865476,0.7071067811865476,-0.4853019625310808,-0.8743466161445822,-1.0,-1.8369701987210297e-16,51.260847,-0.546053,33
2019-09-18 04:00:00,10.928833333333333,38.76366666666666,102.60466666666662,7.166666666666667,0.29380327822501473,15.776792398502732,22.398831210476196,9,0.8660254037844386,0.5000000000000001,-0.4853019625310808,-0.8743466161445822,-1.0,-1.8369701987210297e-16,51.260847,-0.546053,33
2019-09-18 05:00:00,10.282666666666671,39.00683333333333,102.63266666666661,8.266666666666667,0.2981968091676632,19.90671089026172,20.332112624680082,9,0.9659258262890683,0.25881904510252074,-0.4853019625310808,-0.8743466161445822,-1.0,-1.8369701987210297e-16,51.260847,-0.546053,33
2019-09-18 06:00:00,10.144166666666665,39.59733333333331,102.68549999999988,11.65,0.4602419341341946,52.377495478924615,8.388116235477742,9,1.0,6.123233995736766e-17,-0.4853019625310808,-0.8743466161445822,-1.0,-1.8369701987210297e-16,51.260847,-0.546053,33
2019-09-18 07:00:00,10.651833333333336,40.71516666666666,102.68599999999995,18.316666666666666,0.7449940766470916,90.59410642829303,0.8832273099353587,9,0.9659258262890683,-0.25881904510252063,-0.4853019625310808,-0.8743466161445822,-1.0,-1.8369701987210297e-16,51.260847,-0.546053,33
2019-09-18 08:00:00,13.477000000000006,40.74883333333333,102.71633333333328,14.35,0.5174907436588545,44.25478519295121,10.361718013230908,9,0.8660254037844387,-0.4999999999999998,-0.4853019625310808,-0.8743466161445822,-1.0,-1.8369701987210297e-16,51.260847,-0.546053,33
2019-09-18 09:00:00,19.53283333333333,38.84066666666666,102.73799999999996,11.066666666666666,0.6496493897149385,46.08898726991291,16.015932634037544,9,0.7071067811865476,-0.7071067811865475,-0.4853019625310808,-0.8743466161445822,-1.0,-1.8369701987210297e-16,51.260847,-0.546053,33
2019-09-18 10:00:00,27.351666666666674,35.00683333333334,102.73949999999991,8.133333333333333,0.65349442179105,48.71879037631623,26.028968169508104,9,0.49999999999999994,-0.8660254037844387,-0.4853019625310808,-0.8743466161445822,-1.0,-1.8369701987210297e-16,51.260847,-0.546053,33
2019-09-18 11:00:00,34.49683333333332,30.350333333333335,102.72049999999992,3.6666666666666665,0.6977134675401173,48.29399453930845,31.050847012680507,9,0.258819045102521,-0.9659258262890682,-0.4853019625310808,-0.8743466161445822,-1.0,-1.8369701987210297e-16,51.260847,-0.546053,33
2019-09-18 12:00:00,41.32999999999996,26.60999999999997,102.65999999999991,2.0,0.5363467932813314,33.471745492082796,36.04235408396239,9,1.2246467991473532e-16,-1.0,-0.4853019625310808,-0.8743466161445822,-1.0,-1.8369701987210297e-16,51.260847,-0.546053,33
2019-09-18 13:00:00,41.79216666666665,26.541333333333334,102.65416666666664,2.5166666666666666,0.5542984816236185,37.06562497361445,29.808482415844786,9,-0.2588190451025208,-0.9659258262890683,-0.4853019625310808,-0.8743466161445822,-1.0,-1.8369701987210297e-16,51.260847,-0.546053,33
2019-09-18 14:00:00,43.85583333333336,26.10733333333334,102.65149999999993,3.25,0.6101940376631028,39.66347925401072,16.114345717621312,9,-0.4999999999999997,-0.8660254037844388,-0.4853019625310808,-0.8743466161445822,-1.0,-1.8369701987210297e-16,51.260847,-0.546053,33
2019-09-18 15:00:00,44.499666666666634,25.656333333333357,102.63300000000001,4.716666666666667,0.6326070274708603,31.230683943480305,13.926852660806073,9,-0.7071067811865471,-0.7071067811865479,-0.4853019625310808,-0.8743466161445822,-1.0,-1.8369701987210297e-16,51.260847,-0.546053,33
2019-09-18 16:00:00,39.468333333333334,27.35716666666667,102.5910000000001,2.7666666666666666,0.5264942140906403,33.40234443231898,4.726509479413303,9,-0.8660254037844385,-0.5000000000000004,-0.4853019625310808,-0.8743466161445822,-1.0,-1.8369701987210297e-16,51.260847,-0.546053,33
2019-09-18 17:00:00,34.2123333333333,29.44599999999999,102.58533333333331,2.2,0.5580185342448637,17.59252522935661,20.66505546879141,9,-0.9659258262890683,-0.25881904510252063,-0.4853019625310808,-0.8743466161445822,-1.0,-1.8369701987210297e-16,51.260847,-0.546053,33
2019-09-18 18:00:00,27.925499999999992,31.399000000000008,102.59533333333341,5.233333333333333,0.8599437703800226,16.635714608999777,25.956878310004967,9,-1.0,-1.8369701987210297e-16,-0.4853019625310808,-0.8743466161445822,-1.0,-1.8369701987210297e-16,51.260847,-0.546053,33
2019-09-18 19:00:00,24.1005,32.580999999999996,102.6131666666666,9.433333333333334,0.8576756734912446,32.01734344742077,13.434188434632409,9,-0.9659258262890684,0.2588190451025203,-0.4853019625310808,-0.8743466161445822,-1.0,-1.8369701987210297e-16,51.260847,-0.546053,33
2019-09-18 20:00:00,21.25066666666667,33.701666666666675,102.67999999999992,8.016666666666667,0.7876986901808187,19.04650226598992,16.333908239259067,9,-0.8660254037844386,0.5000000000000001,-0.4853019625310808,-0.8743466161445822,-1.0,-1.8369701987210297e-16,51.260847,-0.546053,33
2019-09-18 21:00:00,18.729166666666664,34.4435,102.71116666666663,7.416666666666667,0.6556541895293004,11.473047896474291,18.431680610443074,9,-0.7071067811865477,0.7071067811865474,-0.4853019625310808,-0.8743466161445822,-1.0,-1.8369701987210297e-16,51.260847,-0.546053,33
2019-09-18 22:00:00,16.645499999999995,35.133500000000005,102.7523333333334,5.3,0.546073129107688,9.789271071034175,19.20363660733931,9,-0.5000000000000004,0.8660254037844384,-0.4853019625310808,-0.8743466161445822,-1.0,-1.8369701987210297e-16,51.260847,-0.546053,33
2019-09-18 23:00:00,15.150500000000003,35.72366666666669,102.78299999999997,6.416666666666667,0.5314565572711205,9.564779835721508,19.33225396185625,9,-0.25881904510252157,0.9659258262890681,-0.4853019625310808,-0.8743466161445822,-1.0,-1.8369701987210297e-16,51.260847,-0.546053,33
2019-09-19 00:00:00,14.20116666666667,36.084166666666654,102.79366666666671,7.45,0.4807974500473018,9.293026821391665,22.043222884655748,9,0.0,1.0,-0.651372482722222,-0.7587581226927911,-1.0,-1.8369701987210297e-16,51.260847,-0.546053,33
2019-09-19 01:00:00,13.410666666666664,36.36550000000001,102.8211666666666,9.2,0.4779835372614819,15.0769649489863,19.394182789297613,9,0.25881904510252074,0.9659258262890683,-0.651372482722222,-0.7587581226927911,-1.0,-1.8369701987210297e-16,51.260847,-0.546053,33
2019-09-19 02:00:00,12.713333333333336,36.696166666666684,102.79899999999999,10.766666666666667,0.44738856898059715,16.107828812748426,19.505767967957283,9,0.49999999999999994,0.8660254037844387,-0.651372482722222,-0.7587581226927911,-1.0,-1.8369701987210297e-16,51.260847,-0.546053,33
2019-09-19 03:00:00,12.099500000000006,36.970833333333324,102.79383333333342,11.0,0.4171059377041573,17.438077756014803,19.256322076109054,9,0.7071067811865476,0.7071067811865476,-0.651372482722222,-0.7587581226927911,-1.0,-1.8369701987210297e-16,51.260847,-0.546053,33
2019-09-19 04:00:00,11.688833333333333,37.15200000000002,102.80300000000014,10.583333333333334,0.40188873262767066,19.611787661514505,19.57618816035216,9,0.8660254037844386,0.5000000000000001,-0.651372482722222,-0.7587581226927911,-1.0,-1.8369701987210297e-16,51.260847,-0.546053,33
2019-09-19 05:00:00,11.21316666666667,37.42950000000001,102.79916666666671,11.216666666666667,0.41228116766328105,24.348994230092057,17.0202380359381,9,0.9659258262890683,0.25881904510252074,-0.651372482722222,-0.7587581226927911,-1.0,-1.8369701987210297e-16,51.260847,-0.546053,33
2019-09-19 06:00:00,11.032833333333322,38.20116666666667,102.8241666666667,10.316666666666666,0.510867105010442,41.39883038519178,7.0776245372342474,9,1.0,6.123233995736766e-17,-0.651372482722222,-0.7587581226927911,-1.0,-1.8369701987210297e-16,51.260847,-0.546053,33
2019-09-19 07:00:00,11.53016666666667,39.51250000000001,102.87566666666675,13.666666666666666,1.0360251435303351,71.90128309425162,1.0289217383233695,9,0.9659258262890683,-0.25881904510252063,-0.651372482722222,-0.7587581226927911,-1.0,-1.8369701987210297e-16,51.260847,-0.546053,33
2019-09-19 08:00:00,14.599833333333333,39.16450000000001,102.88649999999998,16.5,0.71733880284883,52.304239304588904,8.011204487242033,9,0.8660254037844387,-0.4999999999999998,-0.651372482722222,-0.7587581226927911,-1.0,-1.8369701987210297e-16,51.260847,-0.546053,33
2019-09-19 09:00:00,21.050166666666666,37.66433333333332,102.90899999999998,17.583333333333332,0.8431328322296198,47.5670319332784,17.9672487747426,9,0.7071067811865476,-0.7071067811865475,-0.651372482722222,-0.7587581226927911,-1.0,-1.8369701987210297e-16,51.260847,-0.546053,33
2019-09-19 10:00:00,28.752833333333328,34.251833333333344,102.8883333333333,9.366666666666667,0.7636150164039769,49.19615257625092,24.062085433017145,9,0.49999999999999994,-0.8660254037844387,-0.651372482722222,-0.7587581226927911,-1.0,-1.8369701987210297e-16,51.260847,-0.546053,33
2019-09-19 11:00:00,35.39033333333332,30.195333333333352,102.87383333333328,7.033333333333333,0.7249259075736755,53.26622723352473,31.100320340336193,9,0.258819045102521,-0.9659258262890682,-0.651372482722222,-0.7587581226927911,-1.0,-1.8369701987210297e-16,51.260847,-0.546053,33
2019-09-19 12:00:00,40.52683333333332,27.67716666666666,102.87283333333335,6.583333333333333,0.8076906992485229,63.89173762077654,32.382878675991456,9,1.2246467991473532e-16,-1.0,-0.651372482722222,-0.7587581226927911,-1.0,-1.8369701987210297e-16,51.260847,-0.546053,33
2019-09-19 13:00:00,43.406666666666666,26.225333333333328,102.81416666666672,6.683333333333334,0.8059598963282936,63.24255108952717,20.953124603964593,9,-0.2588190451025208,-0.9659258262890683,-0.651372482722222,-0.7587581226927911,-1.0,-1.8369701987210297e-16,51.260847,-0.546053,33
2019-09-19 14:00:00,44.29616666666664,25.778166666666674,102.76450000000004,7.883333333333334,0.7775932874712174,53.864377825128756,15.106559378660007,9,-0.4999999999999997,-0.8660254037844388,-0.651372482722222,-0.7587581226927911,-1.0,-1.8369701987210297e-16,51.260847,-0.546053,33
2019-09-19 15:00:00,45.038,25.99316666666669,102.72799999999998,5.3,0.7304796241543648,31.51666260080502,25.0650215779252,9,-0.7071067811865471,-0.7071067811865479,-0.651372482722222,-0.7587581226927911,-1.0,-1.8369701987210297e-16,51.260847,-0.546053,33
2019-09-19 16:00:00,43.02800000000002,26.807333333333315,102.69533333333328,5.216666666666667,0.7301548107741468,23.892159528618272,17.776742443134644,9,-0.8660254037844385,-0.5000000000000004,-0.651372482722222,-0.7587581226927911,-1.0,-1.8369701987210297e-16,51.260847,-0.546053,33
2019-09-19 17:00:00,35.127500000000005,29.55916666666667,102.68283333333332,5.1,0.7476367902468634,14.00788479599736,25.595605262772825,9,-0.9659258262890683,-0.25881904510252063,-0.651372482722222,-0.7587581226927911,-1.0,-1.8369701987210297e-16,51.260847,-0.546053,33
2019-09-19 18:00:00,28.414833333333327,31.862999999999992,102.67599999999999,5.216666666666667,0.8585092407047105,9.66572654001079,26.706377930376014,9,-1.0,-1.8369701987210297e-16,-0.651372482722222,-0.7587581226927911,-1.0,-1.8369701987210297e-16,51.260847,-0.546053,33
2019-09-19 19:00:00,24.638666666666683,33.32483333333331,102.70149999999994,7.266666666666667,0.7556971495992718,17.136023590980688,13.057903435325239,9,-0.9659258262890684,0.2588190451025203,-0.651372482722222,-0.7587581226927911,-1.0,-1.8369701987210297e-16,51.260847,-0.546053,33
2019-09-19 20:00:00,22.105833333333333,33.99149999999999,102.73166666666656,2.6666666666666665,0.6599550577441409,19.660624412845113,16.900605540738077,9,-0.8660254037844386,0.5000000000000001,-0.651372482722222,-0.7587581226927911,-1.0,-1.8369701987210297e-16,51.260847,-0.546053,33
2019-09-19 21:00:00,20.431333333333345,34.285000000000004,102.72549999999991,1.05,0.5238002251218251,13.69911264496452,17.52666089016594,9,-0.7071067811865477,0.7071067811865474,-0.651372482722222,-0.7587581226927911,-1.0,-1.8369701987210297e-16,51.260847,-0.546053,33
2019-09-19 22:00:00,19.05633333333333,34.70983333333333,102.72433333333335,2.85,0.4712867924245396,10.937943657292806,18.6993385854422,9,-0.5000000000000004,0.8660254037844384,-0.651372482722222,-0.7587581226927911,-1.0,-1.8369701987210297e-16,51.260847,-0.546053,33
2019-09-19 23:00:00,17.401833333333347,35.284833333333346,102.73733333333324,4.183333333333334,0.4298963192974314,9.399372037873484,20.448356560758274,9,-0.25881904510252157,0.9659258262890681,-0.651372482722222,-0.7587581226927911,-1.0,-1.8369701987210297e-16,51.260847,-0.546053,33
2019-09-20 00:00:00,16.040666666666663,35.885999999999996,102.71666666666661,4.3,0.3833223226174964,8.299894689017057,18.866609700868487,9,0.0,1.0,-0.7907757369376986,-0.6121059825476627,-1.0,-1.8369701987210297e-16,51.260847,-0.546053,33
2019-09-20 01:00:00,14.82499999999999,36.30000000000002,102.7006666666667,5.016666666666667,0.36284701197722347,8.784053724495049,21.60705942744892,9,0.25881904510252074,0.9659258262890683,-0.7907757369376986,-0.6121059825476627,-1.0,-1.8369701987210297e-16,51.260847,-0.546053,33
2019-09-20 02:00:00,13.932500000000001,36.70399999999999,102.6531666666667,5.583333333333333,0.3429063842350464,10.711681020543434,22.220359209284076,9,0.49999999999999994,0.8660254037844387,-0.7907757369376986,-0.6121059825476627,-1.0,-1.8369701987210297e-16,51.260847,-0.546053,33
2019-09-20 03:00:00,13.324833333333336,37.03916666666664,102.59733333333337,5.766666666666667,0.32600713514092433,11.612867736983906,22.252563020297277,9,0.7071067811865476,0.7071067811865476,-0.7907757369376986,-0.6121059825476627,-1.0,-1.8369701987210297e-16,51.260847,-0.546053,33
2019-09-20 04:00:00,12.841999999999995,37.485333333333365,102.5781666666668,6.55,0.3179280971743747,14.570906594350854,21.06436685071203,9,0.8660254037844386,0.5000000000000001,-0.7907757369376986,-0.6121059825476627,-1.0,-1.8369701987210297e-16,51.260847,-0.546053,33
2019-09-20 05:00:00,12.445166666666665,37.72416666666666,102.52166666666673,7.25,0.3304835618942219,22.398142931420654,18.17283542118497,9,0.9659258262890683,0.25881904510252074,-0.7907757369376986,-0.6121059825476627,-1.0,-1.8369701987210297e-16,51.260847,-0.546053,33
2019-09-20 06:00:00,11.886000000000003,38.265833333333354,102.49266666666657,19.116666666666667,0.6176438492761904,35.95425279757604,8.523243134893459,9,1.0,6.123233995736766e-17,-0.7907757369376986,-0.6121059825476627,-1.0,-1.8369701987210297e-16,51.260847,-0.546053,33
2019-09-20 07:00:00,12.202999999999996,39.74049999999999,102.50500000000007,15.816666666666666,1.0636265838673404,67.49012612484815,0.8396708013923214,9,0.9659258262890683,-0.25881904510252063,-0.7907757369376986,-0.6121059825476627,-1.0,-1.8369701987210297e-16,51.260847,-0.546053,33
2019-09-20 08:00:00,15.399,39.413166666666676,102.48049999999994,19.65,0.7417194158827624,44.48037678189118,11.902487507876335,9,0.8660254037844387,-0.4999999999999998,-0.7907757369376986,-0.6121059825476627,-1.0,-1.8369701987210297e-16,51.260847,-0.546053,33
2019-09-20 09:00:00,21.969499999999996,37.94466666666666,102.44216666666671,15.85,0.5708622687110648,39.37363180204505,16.570525202136583,9,0.7071067811865476,-0.7071067811865475,-0.7907757369376986,-0.6121059825476627,-1.0,-1.8369701987210297e-16,51.260847,-0.546053,33
2019-09-20 10:00:00,27.301833333333352,34.43216666666665,102.38449999999997,9.25,0.6340129413276697,53.32990698626766,14.866592329199452,9,0.49999999999999994,-0.8660254037844387,-0.7907757369376986,-0.6121059825476627,-1.0,-1.8369701987210297e-16,51.260847,-0.546053,33
2019-09-20 11:00:00,32.06650000000001,30.852500000000013,102.3108333333334,5.966666666666667,0.6035161417275048,52.01979565725962,21.915365726427744,9,0.258819045102521,-0.9659258262890682,-0.7907757369376986,-0.6121059825476627,-1.0,-1.8369701987210297e-16,51.260847,-0.546053,33
2019-09-20 12:00:00,36.378499999999995,28.3155,102.24699999999994,3.966666666666667,0.6541418121128821,56.585690093393175,19.201382440051766,9,1.2246467991473532e-16,-1.0,-0.7907757369376986,-0.6121059825476627,-1.0,-1.8369701987210297e-16,51.260847,-0.546053,33
2019-09-20 13:00:00,38.77883333333336,26.289166666666677,102.17449999999994,1.55,0.6559787266658338,66.03450619763935,19.59072157758562,9,-0.2588190451025208,-0.9659258262890683,-0.7907757369376986,-0.6121059825476627,-1.0,-1.8369701987210297e-16,51.260847,-0.546053,33
2019-09-20 14:00:00,40.299333333333344,24.640000000000008,102.09533333333329,1.5333333333333334,0.5595630089070565,47.371379688238335,20.258143641955268,9,-0.4999999999999997,-0.8660254037844388,-0.7907757369376986,-0.6121059825476627,-1.0,-1.8369701987210297e-16,51.260847,-0.546053,33
2019-09-20 15:00:00,39.98383333333335,24.00183333333333,101.99533333333332,2.7333333333333334,0.6827836959106081,32.638406513927094,15.170901515052318,9,-0.7071067811865471,-0.7071067811865479,-0.7907757369376986,-0.6121059825476627,-1.0,-1.8369701987210297e-16,51.260847,-0.546053,33
2019-09-20 16:00:00,38.4725,24.38749999999999,101.89250000000007,4.333333333333333,0.7215968343715975,17.110134275348408,22.2227135976901,9,-0.8660254037844385,-0.5000000000000004,-0.7907757369376986,-0.6121059825476627,-1.0,-1.8369701987210297e-16,51.260847,-0.546053,33
2019-09-20 17:00:00,33.136166666666654,27.450499999999998,101.85149999999997,5.833333333333333,0.7676519848633595,9.530641392767619,29.219857767373036,9,-0.9659258262890683,-0.25881904510252063,-0.7907757369376986,-0.6121059825476627,-1.0,-1.8369701987210297e-16,51.260847,-0.546053,33
2019-09-20 18:00:00,26.904000000000007,30.177166666666654,101.78850000000001,8.15,0.7782527908894558,10.249467519719698,21.770841947548508,9,-1.0,-1.8369701987210297e-16,-0.7907757369376986,-0.6121059825476627,-1.0,-1.8369701987210297e-16,51.260847,-0.546053,33
2019-09-20 19:00:00,23.31066666666666,31.525166666666664,101.76100000000007,16.1,0.7844118822626427,13.737945047133064,17.985411161682848,9,-0.9659258262890684,0.2588190451025203,-0.7907757369376986,-0.6121059825476627,-1.0,-1.8369701987210297e-16,51.260847,-0.546053,33
2019-09-20 20:00:00,20.94066666666667,32.73099999999999,101.75300000000003,17.15,0.788919645645539,13.681870725853862,13.579146499366036,9,-0.8660254037844386,0.5000000000000001,-0.7907757369376986,-0.6121059825476627,-1.0,-1.8369701987210297e-16,51.260847,-0.546053,33
2019-09-20 21:00:00,19.133000000000003,33.55533333333332,101.7236666666666,12.783333333333333,0.5988423256162647,11.284052148356482,14.904626300653716,9,-0.7071067811865477,0.7071067811865474,-0.7907757369376986,-0.6121059825476627,-1.0,-1.8369701987210297e-16,51.260847,-0.546053,33
2019-09-20 22:00:00,17.73716666666666,34.38166666666667,101.68199999999995,12.766666666666667,0.5679252609820966,8.45221395900638,13.67353712297055,9,-0.5000000000000004,0.8660254037844384,-0.7907757369376986,-0.6121059825476627,-1.0,-1.8369701987210297e-16,51.260847,-0.546053,33
2019-09-20 23:00:00,16.9765,34.900166666666685,101.61850000000007,8.7,0.47186996554986343,9.520607055548469,14.190745792359737,9,-0.25881904510252157,0.9659258262890681,-0.7907757369376986,-0.6121059825476627,-1.0,-1.8369701987210297e-16,51.260847,-0.546053,33
2019-09-21 00:00:00,17.004999999999992,35.333,101.55550000000002,6.583333333333333,0.4280612551987576,16.88926617804943,10.62183102551052,9,0.0,1.0,-0.8978045395707417,-0.44039415155763423,-1.0,-1.8369701987210297e-16,51.260847,-0.546053,33
2019-09-21 01:00:00,16.998833333333334,35.41416666666665,101.49516666666656,5.183333333333334,0.3983998959712977,21.48811268476918,10.594493245117786,9,0.25881904510252074,0.9659258262890683,-0.8978045395707417,-0.44039415155763423,-1.0,-1.8369701987210297e-16,51.260847,-0.546053,33
2019-09-21 02:00:00,16.84216666666666,35.406666666666666,101.41183333333336,3.816666666666667,0.3781201772129304,24.10226282458896,9.587399757295271,9,0.49999999999999994,0.8660254037844387,-0.8978045395707417,-0.44039415155763423,-1.0,-1.8369701987210297e-16,51.260847,-0.546053,33
2019-09-21 03:00:00,17.08633333333332,35.44550000000001,101.34050000000002,3.316666666666667,0.3571814053513733,24.20961043619338,10.97159963656403,9,0.7071067811865476,0.7071067811865476,-0.8978045395707417,-0.44039415155763423,-1.0,-1.8369701987210297e-16,51.260847,-0.546053,33
2019-09-21 04:00:00,17.058833333333332,35.5185,101.27666666666678,3.0,0.367867366331685,25.632464723618952,9.185682175740547,9,0.8660254037844386,0.5000000000000001,-0.8978045395707417,-0.44039415155763423,-1.0,-1.8369701987210297e-16,51.260847,-0.546053,33
2019-09-21 05:00:00,16.341666666666672,35.780833333333334,101.23849999999992,3.7,0.36396148117737354,21.75954919527358,12.360637640994144,9,0.9659258262890683,0.25881904510252074,-0.8978045395707417,-0.44039415155763423,-1.0,-1.8369701987210297e-16,51.260847,-0.546053,33
2019-09-21 06:00:00,15.284833333333337,36.12849999999999,101.22550000000003,4.183333333333334,0.37666228791746287,17.18773055361605,16.546461338417775,9,1.0,6.123233995736766e-17,-0.8978045395707417,-0.44039415155763423,-1.0,-1.8369701987210297e-16,51.260847,-0.546053,33
2019-09-21 07:00:00,14.807166666666669,36.76383333333335,101.1866666666666,6.083333333333333,0.4602708148439036,18.176614602993002,18.886577424806212,9,0.9659258262890683,-0.25881904510252063,-0.8978045395707417,-0.44039415155763423,-1.0,-1.8369701987210297e-16,51.260847,-0.546053,33
2019-09-21 08:00:00,18.227999999999994,36.80983333333334,101.13816666666669,6.983333333333333,0.5324752796529993,29.44714681571377,11.807244299998194,9,0.8660254037844387,-0.4999999999999998,-0.8978045395707417,-0.44039415155763423,-1.0,-1.8369701987210297e-16,51.260847,-0.546053,33
2019-09-21 09:00:00,23.834500000000002,35.302166666666686,101.09200000000004,10.166666666666666,0.7631783091944382,36.81222960548051,16.25362913042009,9,0.7071067811865476,-0.7071067811865475,-0.8978045395707417,-0.44039415155763423,-1.0,-1.8369701987210297e-16,51.260847,-0.546053,33
2019-09-21 10:00:00,29.534833333333356,32.716833333333334,101.0513333333334,7.033333333333333,0.689592156721347,42.6575422399044,25.87892886481661,9,0.49999999999999994,-0.8660254037844387,-0.8978045395707417,-0.44039415155763423,-1.0,-1.8369701987210297e-16,51.260847,-0.546053,33
2019-09-21 11:00:00,35.987499999999976,29.15116666666665,100.96583333333332,6.066666666666666,0.7599925913285613,52.77880040895793,26.99767605181512,9,0.258819045102521,-0.9659258262890682,-0.8978045395707417,-0.44039415155763423,-1.0,-1.8369701987210297e-16,51.260847,-0.546053,33
2019-09-21 12:00:00,40.27616666666667,27.301,100.89716666666672,7.816666666666666,0.7335520177784128,81.09520088461544,19.7532612423317,9,1.2246467991473532e-16,-1.0,-0.8978045395707417,-0.44039415155763423,-1.0,-1.8369701987210297e-16,51.260847,-0.546053,33
2019-09-21 13:00:00,42.885833333333345,26.060333333333347,100.8138333333333,6.05,0.6926301371936526,52.39486993881632,25.541434437903707,9,-0.2588190451025208,-0.9659258262890683,-0.8978045395707417,-0.44039415155763423,-1.0,-1.8369701987210297e-16,51.260847,-0.546053,33
2019-09-21 14:00:00,43.83416666666664,25.020166666666668,100.75649999999989,6.216666666666667,0.8482852764757329,47.17980514838503,14.948433073931136,9,-0.4999999999999997,-0.8660254037844388,-0.8978045395707417,-0.44039415155763423,-1.0,-1.8369701987210297e-16,51.260847,-0.546053,33
2019-09-21 15:00:00,42.69366666666669,24.34516666666667,100.69100000000002,6.7,0.7036938330328611,35.656242533923646,10.718365882703523,9,-0.7071067811865471,-0.7071067811865479,-0.8978045395707417,-0.44039415155763423,-1.0,-1.8369701987210297e-16,51.260847,-0.546053,33
2019-09-21 16:00:00,40.44783333333332,25.21866666666666,100.61416666666669,6.466666666666667,0.7698405424914766,15.27492908596665,23.32792912584707,9,-0.8660254037844385,-0.5000000000000004,-0.8978045395707417,-0.44039415155763423,-1.0,-1.8369701987210297e-16,51.260847,-0.546053,33
2019-09-21 17:00:00,34.46733333333334,28.117666666666654,100.62383333333328,10.766666666666667,0.7755276355782451,9.586238444602495,25.185853470286155,9,-0.9659258262890683,-0.25881904510252063,-0.8978045395707417,-0.44039415155763423,-1.0,-1.8369701987210297e-16,51.260847,-0.546053,33
2019-09-21 18:00:00,29.786666666666672,30.98800000000001,100.5975,11.416666666666666,0.8829940089606055,12.495370770496125,20.205821780813093,9,-1.0,-1.8369701987210297e-16,-0.8978045395707417,-0.44039415155763423,-1.0,-1.8369701987210297e-16,51.260847,-0.546053,33
2019-09-21 19:00:00,27.081666666666653,32.256333333333316,100.55266666666664,14.9,0.8599614840333435,9.609783030487502,18.09571430179192,9,-0.9659258262890684,0.2588190451025203,-0.8978045395707417,-0.44039415155763423,-1.0,-1.8369701987210297e-16,51.260847,-0.546053,33
2019-09-21 20:00:00,25.014666666666674,33.15033333333333,100.53833333333343,21.716666666666665,0.7713050843403605,9.334793138154629,18.400337714741834,9,-0.8660254037844386,0.5000000000000001,-0.8978045395707417,-0.44039415155763423,-1.0,-1.8369701987210297e-16,51.260847,-0.546053,33
2019-09-21 21:00:00,23.66550000000001,34.065666666666644,100.49033333333331,20.733333333333334,0.7163376730271498,10.223487666903262,14.336848475950386,9,-0.7071067811865477,0.7071067811865474,-0.8978045395707417,-0.44039415155763423,-1.0,-1.8369701987210297e-16,51.260847,-0.546053,33
2019-09-21 22:00:00,22.45383333333334,34.81166666666666,100.42666666666663,21.15,0.6064412293522304,9.273973829101653,14.090620135557582,9,-0.5000000000000004,0.8660254037844384,-0.8978045395707417,-0.44039415155763423,-1.0,-1.8369701987210297e-16,51.260847,-0.546053,33
2019-09-21 23:00:00,21.4345,35.72783333333333,100.3780000000001,26.75,0.5805497639183904,11.463232072926651,13.09633094675984,9,-0.25881904510252157,0.9659258262890681,-0.8978045395707417,-0.44039415155763423,-1.0,-1.8369701987210297e-16,51.260847,-0.546053,33
2019-09-22 00:00:00,20.286999999999995,36.70633333333334,100.32500000000005,30.383333333333333,0.5475472259607661,14.493749772759632,13.067069714754663,9,0.0,1.0,-0.9680771188662041,-0.2506525322587213,-1.0,-1.8369701987210297e-16,51.260847,-0.546053,33
2019-09-22 01:00:00,19.564166666666676,37.657666666666685,100.2765,32.666666666666664,0.5471551945450978,13.934464047499963,11.797649101317738,9,0.25881904510252074,0.9659258262890683,-0.9680771188662041,-0.2506525322587213,-1.0,-1.8369701987210297e-16,51.260847,-0.546053,33
2019-09-22 02:00:00,20.415499999999994,42.46849999999999,100.14566666666668,19.833333333333332,2.092392629884155,18.93377661941808,11.184371279064095,9,0.49999999999999994,0.8660254037844387,-0.9680771188662041,-0.2506525322587213,-1.0,-1.8369701987210297e-16,51.260847,-0.546053,33
2019-09-22 03:00:00,26.319999999999993,71.53999999999998,99.71000000000002,2.0,14.220973395926658,66.37730977039107,0.0,9,0.7071067811865476,0.7071067811865476,-0.9680771188662041,-0.2506525322587213,-1.0,-1.8369701987210297e-16,51.260847,-0.546053,33
2019-09-22 04:00:00,26.319999999999993,71.53999999999998,99.71000000000002,2.0,14.220973395926658,66.37730977039107,0.0,9,0.8660254037844386,0.5000000000000001,-0.9680771188662041,-0.2506525322587213,-1.0,-1.8369701987210297e-16,51.260847,-0.546053,33
2019-09-22 05:00:00,26.319999999999993,71.53999999999998,99.71000000000002,2.0,14.220973395926658,66.37730977039107,0.0,9,0.9659258262890683,0.25881904510252074,-0.9680771188662041,-0.2506525322587213,-1.0,-1.8369701987210297e-16,51.260847,-0.546053,33
2019-09-22 06:00:00,26.319999999999993,71.53999999999998,99.71000000000002,2.0,14.220973395926658,66.37730977039107,0.0,9,1.0,6.123233995736766e-17,-0.9680771188662041,-0.2506525322587213,-1.0,-1.8369701987210297e-16,51.260847,-0.546053,33
2019-09-22 07:00:00,26.319999999999993,71.53999999999998,99.71000000000002,2.0,14.220973395926658,66.37730977039107,0.0,9,0.9659258262890683,-0.25881904510252063,-0.9680771188662041,-0.2506525322587213,-1.0,-1.8369701987210297e-16,51.260847,-0.546053,33
2019-09-22 08:00:00,26.319999999999993,71.53999999999998,99.71000000000002,2.0,14.220973395926658,66.37730977039107,0.0,9,0.8660254037844387,-0.4999999999999998,-0.9680771188662041,-0.2506525322587213,-1.0,-1.8369701987210297e-16,51.260847,-0.546053,33
2019-09-22 09:00:00,26.319999999999993,71.53999999999998,99.71000000000002,2.0,14.220973395926658,66.37730977039107,0.0,9,0.7071067811865476,-0.7071067811865475,-0.9680771188662041,-0.2506525322587213,-1.0,-1.8369701987210297e-16,51.260847,-0.546053,33
2019-09-22 10:00:00,26.319999999999993,71.53999999999998,99.71000000000002,2.0,14.220973395926658,66.37730977039107,0.0,9,0.49999999999999994,-0.8660254037844387,-0.9680771188662041,-0.2506525322587213,-1.0,-1.8369701987210297e-16,51.260847,-0.546053,33
2019-09-22 11:00:00,26.319999999999993,71.53999999999998,99.71000000000002,2.0,14.220973395926658,66.37730977039107,0.0,9,0.258819045102521,-0.9659258262890682,-0.9680771188662041,-0.2506525322587213,-1.0,-1.8369701987210297e-16,51.260847,-0.546053,33
2019-09-22 12:00:00,26.319999999999993,71.53999999999998,99.71000000000002,2.0,14.220973395926658,66.37730977039107,0.0,9,1.2246467991473532e-16,-1.0,-0.9680771188662041,-0.2506525322587213,-1.0,-1.8369701987210297e-16,51.260847,-0.546053,33
2019-09-22 13:00:00,26.319999999999993,71.53999999999998,99.71000000000002,2.0,14.220973395926658,66.37730977039107,0.0,9,-0.2588190451025208,-0.9659258262890683,-0.9680771188662041,-0.2506525322587213,-1.0,-1.8369701987210297e-16,51.260847,-0.546053,33
2019-09-22 14:00:00,26.319999999999993,71.53999999999998,99.71000000000002,2.0,14.220973395926658,66.37730977039107,0.0,9,-0.4999999999999997,-0.8660254037844388,-0.9680771188662041,-0.2506525322587213,-1.0,-1.8369701987210297e-16,51.260847,-0.546053,33
2019-09-22 15:00:00,26.319999999999993,71.53999999999998,99.71000000000002,2.0,14.220973395926658,66.37730977039107,0.0,9,-0.7071067811865471,-0.7071067811865479,-0.9680771188662041,-0.2506525322587213,-1.0,-1.8369701987210297e-16,51.260847,-0.546053,33
2019-09-22 16:00:00,26.319999999999993,71.53999999999998,99.71000000000002,2.0,14.220973395926658,66.37730977039107,0.0,9,-0.8660254037844385,-0.5000000000000004,-0.9680771188662041,-0.2506525322587213,-1.0,-1.8369701987210297e-16,51.260847,-0.546053,33
2019-09-22 17:00:00,26.319999999999993,71.53999999999998,99.71000000000002,2.0,14.220973395926658,66.37730977039107,0.0,9,-0.9659258262890683,-0.25881904510252063,-0.9680771188662041,-0.2506525322587213,-1.0,-1.8369701987210297e-16,51.260847,-0.546053,33
2019-09-22 18:00:00,26.319999999999993,71.53999999999998,99.71000000000002,2.0,14.220973395926658,66.37730977039107,0.0,9,-1.0,-1.8369701987210297e-16,-0.9680771188662041,-0.2506525322587213,-1.0,-1.8369701987210297e-16,51.260847,-0.546053,33
2019-09-22 19:00:00,26.319999999999993,71.53999999999998,99.71000000000002,2.0,14.220973395926658,66.37730977039107,0.0,9,-0.9659258262890684,0.2588190451025203,-0.9680771188662041,-0.2506525322587213,-1.0,-1.8369701987210297e-16,51.260847,-0.546053,33
2019-09-22 20:00:00,26.319999999999993,71.53999999999998,99.71000000000002,2.0,14.220973395926658,66.37730977039107,0.0,9,-0.8660254037844386,0.5000000000000001,-0.9680771188662041,-0.2506525322587213,-1.0,-1.8369701987210297e-16,51.260847,-0.546053,33
2019-09-22 21:00:00,26.319999999999993,71.53999999999998,99.71000000000002,2.0,14.220973395926658,66.37730977039107,0.0,9,-0.7071067811865477,0.7071067811865474,-0.9680771188662041,-0.2506525322587213,-1.0,-1.8369701987210297e-16,51.260847,-0.546053,33
2019-09-22 22:00:00,26.319999999999993,71.53999999999998,99.71000000000002,2.0,14.220973395926658,66.37730977039107,0.0,9,-0.5000000000000004,0.8660254037844384,-0.9680771188662041,-0.2506525322587213,-1.0,-1.8369701987210297e-16,51.260847,-0.546053,33
2019-09-22 23:00:00,26.319999999999993,71.53999999999998,99.71000000000002,2.0,14.220973395926658,66.37730977039107,0.0,9,-0.25881904510252157,0.9659258262890681,-0.9680771188662041,-0.2506525322587213,-1.0,-1.8369701987210297e-16,51.260847,-0.546053,33
2019-09-23 00:00:00,26.319999999999993,71.53999999999998,99.71000000000002,2.0,14.220973395926658,8.972955162839849,30.656908407254267,9,0.0,1.0,-0.9987165071710528,-0.05064916883871355,-1.0,-1.8369701987210297e-16,51.260847,-0.546053,33
2019-09-23 01:00:00,26.319999999999993,71.53999999999998,99.71000000000002,2.0,14.220973395926658,8.0,31.176517024326373,9,0.25881904510252074,0.9659258262890683,-0.9987165071710528,-0.05064916883871355,-1.0,-1.8369701987210297e-16,51.260847,-0.546053,33
2019-09-23 02:00:00,26.319999999999993,71.53999999999998,99.71000000000002,2.0,14.220973395926658,8.0,31.176517024326373,9,0.49999999999999994,0.8660254037844387,-0.9987165071710528,-0.05064916883871355,-1.0,-1.8369701987210297e-16,51.260847,-0.546053,33
2019-09-23 03:00:00,26.319999999999993,71.53999999999998,99.71000000000002,2.0,14.220973395926658,8.0,31.176517024326373,9,0.7071067811865476,0.7071067811865476,-0.9987165071710528,-0.05064916883871355,-1.0,-1.8369701987210297e-16,51.260847,-0.546053,33
2019-09-23 04:00:00,26.319999999999993,71.53999999999998,99.71000000000002,2.0,14.220973395926658,8.0,31.176517024326373,9,0.8660254037844386,0.5000000000000001,-0.9987165071710528,-0.05064916883871355,-1.0,-1.8369701987210297e-16,51.260847,-0.546053,33
2019-09-23 05:00:00,26.319999999999993,71.53999999999998,99.71000000000002,2.0,14.220973395926658,8.0,31.176517024326373,9,0.9659258262890683,0.25881904510252074,-0.9987165071710528,-0.05064916883871355,-1.0,-1.8369701987210297e-16,51.260847,-0.546053,33
2019-09-23 06:00:00,26.319999999999993,71.53999999999998,99.71000000000002,2.0,14.220973395926658,8.0,31.176517024326373,9,1.0,6.123233995736766e-17,-0.9987165071710528,-0.05064916883871355,-1.0,-1.8369701987210297e-16,51.260847,-0.546053,33
2019-09-23 07:00:00,26.319999999999993,71.53999999999998,99.71000000000002,2.0,14.220973395926658,8.0,31.176517024326373,9,0.9659258262890683,-0.25881904510252063,-0.9987165071710528,-0.05064916883871355,-1.0,-1.8369701987210297e-16,51.260847,-0.546053,33
2019-09-23 08:00:00,26.319999999999993,71.53999999999998,99.71000000000002,2.0,14.220973395926658,8.0,31.176517024326373,9,0.8660254037844387,-0.4999999999999998,-0.9987165071710528,-0.05064916883871355,-1.0,-1.8369701987210297e-16,51.260847,-0.546053,33
2019-09-23 09:00:00,26.319999999999993,71.53999999999998,99.71000000000002,2.0,14.220973395926658,8.0,31.176517024326373,9,0.7071067811865476,-0.7071067811865475,-0.9987165071710528,-0.05064916883871355,-1.0,-1.8369701987210297e-16,51.260847,-0.546053,33
2019-09-23 10:00:00,26.319999999999993,71.53999999999998,99.71000000000002,2.0,14.220973395926658,8.0,31.176517024326373,9,0.49999999999999994,-0.8660254037844387,-0.9987165071710528,-0.05064916883871355,-1.0,-1.8369701987210297e-16,51.260847,-0.546053,33
2019-09-23 11:00:00,26.319999999999993,71.53999999999998,99.71000000000002,2.0,14.220973395926658,8.0,31.176517024326373,9,0.258819045102521,-0.9659258262890682,-0.9987165071710528,-0.05064916883871355,-1.0,-1.8369701987210297e-16,51.260847,-0.546053,33
2019-09-23 12:00:00,26.319999999999993,71.53999999999998,99.71000000000002,2.0,14.220973395926658,8.0,31.176517024326373,9,1.2246467991473532e-16,-1.0,-0.9987165071710528,-0.05064916883871355,-1.0,-1.8369701987210297e-16,51.260847,-0.546053,33
2019-09-23 13:00:00,26.319999999999993,71.53999999999998,99.71000000000002,2.0,14.220973395926658,8.0,31.176517024326373,9,-0.2588190451025208,-0.9659258262890683,-0.9987165071710528,-0.05064916883871355,-1.0,-1.8369701987210297e-16,51.260847,-0.546053,33
2019-09-23 14:00:00,26.319999999999993,71.53999999999998,99.71000000000002,2.0,14.220973395926658,8.0,31.176517024326373,9,-0.4999999999999997,-0.8660254037844388,-0.9987165071710528,-0.05064916883871355,-1.0,-1.8369701987210297e-16,51.260847,-0.546053,33
2019-09-23 15:00:00,26.319999999999993,71.53999999999998,99.71000000000002,2.0,14.220973395926658,8.0,31.176517024326373,9,-0.7071067811865471,-0.7071067811865479,-0.9987165071710528,-0.05064916883871355,-1.0,-1.8369701987210297e-16,51.260847,-0.546053,33
2019-09-23 16:00:00,26.319999999999993,71.53999999999998,99.71000000000002,2.0,14.220973395926658,8.0,31.176517024326373,9,-0.8660254037844385,-0.5000000000000004,-0.9987165071710528,-0.05064916883871355,-1.0,-1.8369701987210297e-16,51.260847,-0.546053,33
2019-09-23 17:00:00,26.319999999999993,71.53999999999998,99.71000000000002,2.0,14.220973395926658,8.0,31.176517024326373,9,-0.9659258262890683,-0.25881904510252063,-0.9987165071710528,-0.05064916883871355,-1.0,-1.8369701987210297e-16,51.260847,-0.546053,33
2019-09-23 18:00:00,26.319999999999993,71.53999999999998,99.71000000000002,2.0,14.220973395926658,8.0,31.176517024326373,9,-1.0,-1.8369701987210297e-16,-0.9987165071710528,-0.05064916883871355,-1.0,-1.8369701987210297e-16,51.260847,-0.546053,33
2019-09-23 19:00:00,26.319999999999993,71.53999999999998,99.71000000000002,2.0,14.220973395926658,8.0,31.176517024326373,9,-0.9659258262890684,0.2588190451025203,-0.9987165071710528,-0.05064916883871355,-1.0,-1.8369701987210297e-16,51.260847,-0.546053,33
2019-09-23 20:00:00,26.319999999999993,71.53999999999998,99.71000000000002,2.0,14.220973395926658,8.0,31.176517024326373,9,-0.8660254037844386,0.5000000000000001,-0.9987165071710528,-0.05064916883871355,-1.0,-1.8369701987210297e-16,51.260847,-0.546053,33
2019-09-23 21:00:00,26.319999999999993,71.53999999999998,99.71000000000002,2.0,14.220973395926658,8.0,31.176517024326373,9,-0.7071067811865477,0.7071067811865474,-0.9987165071710528,-0.05064916883871355,-1.0,-1.8369701987210297e-16,51.260847,-0.546053,33
2019-09-23 22:00:00,26.319999999999993,71.53999999999998,99.71000000000002,2.0,14.220973395926658,8.0,31.176517024326373,9,-0.5000000000000004,0.8660254037844384,-0.9987165071710528,-0.05064916883871355,-1.0,-1.8369701987210297e-16,51.260847,-0.546053,33
2019-09-23 23:00:00,26.319999999999993,71.53999999999998,99.71000000000002,2.0,14.220973395926658,8.0,31.176517024326373,9,-0.25881904510252157,0.9659258262890681,-0.9987165071710528,-0.05064916883871355,-1.0,-1.8369701987210297e-16,51.260847,-0.546053,33
2019-09-24 00:00:00,26.319999999999993,71.53999999999998,99.71000000000002,2.0,14.220973395926658,94.48123071912094,0.5196086170721067,9,0.0,1.0,-0.9884683243281114,0.15142777750457667,-1.0,-1.8369701987210297e-16,51.260847,-0.546053,33
2019-09-24 01:00:00,26.319999999999993,71.53999999999998,99.71000000000002,2.0,14.220973395926658,95.94701429063146,0.0,9,0.25881904510252074,0.9659258262890683,-0.9884683243281114,0.15142777750457667,-1.0,-1.8369701987210297e-16,51.260847,-0.546053,33
2019-09-24 02:00:00,26.319999999999993,71.53999999999998,99.71000000000002,2.0,14.220973395926658,95.94701429063146,0.0,9,0.49999999999999994,0.8660254037844387,-0.9884683243281114,0.15142777750457667,-1.0,-1.8369701987210297e-16,51.260847,-0.546053,33
2019-09-24 03:00:00,26.319999999999993,71.53999999999998,99.71000000000002,2.0,14.220973395926658,95.94701429063146,0.0,9,0.7071067811865476,0.7071067811865476,-0.9884683243281114,0.15142777750457667,-1.0,-1.8369701987210297e-16,51.260847,-0.546053,33
2019-09-24 04:00:00,26.319999999999993,71.53999999999998,99.71000000000002,2.0,14.220973395926658,95.94701429063146,0.0,9,0.8660254037844386,0.5000000000000001,-0.9884683243281114,0.15142777750457667,-1.0,-1.8369701987210297e-16,51.260847,-0.546053,33
2019-09-24 05:00:00,26.319999999999993,71.53999999999998,99.71000000000002,2.0,14.220973395926658,95.94701429063146,0.0,9,0.9659258262890683,0.25881904510252074,-0.9884683243281114,0.15142777750457667,-1.0,-1.8369701987210297e-16,51.260847,-0.546053,33
2019-09-24 06:00:00,26.319999999999993,71.53999999999998,99.71000000000002,2.0,14.220973395926658,95.94701429063146,0.0,9,1.0,6.123233995736766e-17,-0.9884683243281114,0.15142777750457667,-1.0,-1.8369701987210297e-16,51.260847,-0.546053,33
2019-09-24 07:00:00,26.319999999999993,71.53999999999998,99.71000000000002,2.0,14.220973395926658,95.94701429063146,0.0,9,0.9659258262890683,-0.25881904510252063,-0.9884683243281114,0.15142777750457667,-1.0,-1.8369701987210297e-16,51.260847,-0.546053,33
2019-09-24 08:00:00,26.319999999999993,71.53999999999998,99.71000000000002,2.0,14.220973395926658,95.94701429063146,0.0,9,0.8660254037844387,-0.4999999999999998,-0.9884683243281114,0.15142777750457667,-1.0,-1.8369701987210297e-16,51.260847,-0.546053,33
2019-09-24 09:00:00,26.319999999999993,71.53999999999998,99.71000000000002,2.0,14.220973395926658,95.94701429063146,0.0,9,0.7071067811865476,-0.7071067811865475,-0.9884683243281114,0.15142777750457667,-1.0,-1.8369701987210297e-16,51.260847,-0.546053,33
2019-09-24 10:00:00,26.319999999999993,71.53999999999998,99.71000000000002,2.0,14.220973395926658,95.94701429063146,0.0,9,0.49999999999999994,-0.8660254037844387,-0.9884683243281114,0.15142777750457667,-1.0,-1.8369701987210297e-16,51.260847,-0.546053,33
2019-09-24 11:00:00,26.319999999999993,71.53999999999998,99.71000000000002,2.0,14.220973395926658,95.94701429063146,0.0,9,0.258819045102521,-0.9659258262890682,-0.9884683243281114,0.15142777750457667,-1.0,-1.8369701987210297e-16,51.260847,-0.546053,33
2019-09-24 12:00:00,26.319999999999993,71.53999999999998,99.71000000000002,2.0,14.220973395926658,95.94701429063146,0.0,9,1.2246467991473532e-16,-1.0,-0.9884683243281114,0.15142777750457667,-1.0,-1.8369701987210297e-16,51.260847,-0.546053,33
2019-09-24 13:00:00,26.319999999999993,71.53999999999998,99.71000000000002,2.0,14.220973395926658,95.94701429063146,0.0,9,-0.2588190451025208,-0.9659258262890683,-0.9884683243281114,0.15142777750457667,-1.0,-1.8369701987210297e-16,51.260847,-0.546053,33
2019-09-24 14:00:00,27.668000000000017,69.47483333333331,99.71033333333335,1.9333333333333333,12.607036328079532,65.16555928891053,46.053157765571385,9,-0.4999999999999997,-0.8660254037844388,-0.9884683243281114,0.15142777750457667,-1.0,-1.8369701987210297e-16,51.260847,-0.546053,33
2019-09-24 15:00:00,31.589999999999996,56.015833333333305,99.74033333333337,3.816666666666667,1.02693633272049,8.0,90.32694239828537,9,-0.7071067811865471,-0.7071067811865479,-0.9884683243281114,0.15142777750457667,-1.0,-1.8369701987210297e-16,51.260847,-0.546053,33
2019-09-24 16:00:00,27.732666666666667,55.07649999999998,99.79950000000002,2.1166666666666667,0.7501890321475109,36.63387900049588,37.74454233670251,9,-0.8660254037844385,-0.5000000000000004,-0.9884683243281114,0.15142777750457667,-1.0,-1.8369701987210297e-16,51.260847,-0.546053,33
2019-09-24 17:00:00,26.509999999999994,53.60266666666664,99.84199999999991,2.783333333333333,0.7211033836817023,53.48584991477379,13.993934419343532,9,-0.9659258262890683,-0.25881904510252063,-0.9884683243281114,0.15142777750457667,-1.0,-1.8369701987210297e-16,51.260847,-0.546053,33
2019-09-24 18:00:00,23.710833333333337,54.71783333333333,99.8811666666667,5.516666666666667,0.6468509427913537,54.61192052980137,0.0,9,-1.0,-1.8369701987210297e-16,-0.9884683243281114,0.15142777750457667,-1.0,-1.8369701987210297e-16,51.260847,-0.546053,33
2019-09-24 19:00:00,22.44883333333333,55.19699999999998,99.92866666666654,6.733333333333333,0.622156501793906,53.476533256550496,0.09343659166097495,9,-0.9659258262890684,0.2588190451025203,-0.9884683243281114,0.15142777750457667,-1.0,-1.8369701987210297e-16,51.260847,-0.546053,33
2019-09-24 20:00:00,21.93833333333333,55.52816666666668,99.9528333333333,5.116666666666666,0.5454034614354818,48.01629714943853,0.022833488119776035,9,-0.8660254037844386,0.5000000000000001,-0.9884683243281114,0.15142777750457667,-1.0,-1.8369701987210297e-16,51.260847,-0.546053,33
2019-09-24 21:00:00,21.206999999999994,56.32516666666667,99.95666666666662,1.6333333333333333,0.43306182974849616,36.85165562913907,3.3857967925204093,9,-0.7071067811865477,0.7071067811865474,-0.9884683243281114,0.15142777750457667,-1.0,-1.8369701987210297e-16,51.260847,-0.546053,33
2019-09-24 22:00:00,20.77649999999999,57.33600000000003,99.92916666666663,1.2833333333333334,0.3739825425271763,35.096688741721856,1.71112539606385,9,-0.5000000000000004,0.8660254037844384,-0.9884683243281114,0.15142777750457667,-1.0,-1.8369701987210297e-16,51.260847,-0.546053,33
2019-09-24 23:00:00,20.22383333333333,58.6815,99.90633333333328,0.7166666666666667,0.32623942959141783,38.30446300028791,0.21944549150408418,9,-0.25881904510252157,0.9659258262890681,-0.9884683243281114,0.15142777750457667,-1.0,-1.8369701987210297e-16,51.260847,-0.546053,33
2019-09-25 00:00:00,19.55933333333335,59.953500000000034,99.88149999999996,0.6,0.3138860428038485,13.334242321446832,25.872724606577652,9,0.0,1.0,-0.9377521321470804,0.3473052528448203,-1.0,-1.8369701987210297e-16,51.260847,-0.546053,33
2019-09-25 01:00:00,19.25266666666669,60.78283333333335,99.84766666666665,1.1,0.28397043342912726,11.538935196126307,27.24149689971838,9,0.25881904510252074,0.9659258262890683,-0.9377521321470804,0.3473052528448203,-1.0,-1.8369701987210297e-16,51.260847,-0.546053,33
2019-09-25 02:00:00,18.978,61.927833333333325,99.79250000000002,0.8333333333333334,0.26362239544472804,11.7141227428502,26.402759484520008,9,0.49999999999999994,0.8660254037844387,-0.9377521321470804,0.3473052528448203,-1.0,-1.8369701987210297e-16,51.260847,-0.546053,33
2019-09-25 03:00:00,18.94533333333333,62.56500000000001,99.72816666666655,0.13333333333333333,0.2498710604573122,13.363244981726828,26.242276241128387,9,0.7071067811865476,0.7071067811865476,-0.9377521321470804,0.3473052528448203,-1.0,-1.8369701987210297e-16,51.260847,-0.546053,33
2019-09-25 04:00:00,19.008499999999994,63.24683333333335,99.65050000000002,0.0,0.2380868870285418,11.306510524110857,27.22256098564533,9,0.8660254037844386,0.5000000000000001,-0.9377521321470804,0.3473052528448203,-1.0,-1.8369701987210297e-16,51.260847,-0.546053,33
2019-09-25 05:00:00,18.970000000000006,64.22200000000001,99.58599999999998,0.0,0.24011341827463717,11.295068068246486,27.45416552782812,9,0.9659258262890683,0.25881904510252074,-0.9377521321470804,0.3473052528448203,-1.0,-1.8369701987210297e-16,51.260847,-0.546053,33
2019-09-25 06:00:00,19.147499999999997,65.45699999999998,99.56783333333327,2.6666666666666665,0.31122193734716086,20.581736590412948,25.31781582892418,9,1.0,6.123233995736766e-17,-0.9377521321470804,0.3473052528448203,-1.0,-1.8369701987210297e-16,51.260847,-0.546053,33
2019-09-25 07:00:00,19.509,66.21583333333334,99.58400000000005,4.9,0.44228302939863984,39.17322832893967,25.43274242168816,9,0.9659258262890683,-0.25881904510252063,-0.9377521321470804,0.3473052528448203,-1.0,-1.8369701987210297e-16,51.260847,-0.546053,33
2019-09-25 08:00:00,20.097666666666687,66.32849999999998,99.60966666666664,1.9666666666666666,0.47696718376381125,32.98621236349666,27.116676184394727,9,0.8660254037844387,-0.4999999999999998,-0.9377521321470804,0.3473052528448203,-1.0,-1.8369701987210297e-16,51.260847,-0.546053,33
2019-09-25 09:00:00,20.728999999999992,67.28183333333337,99.66283333333335,2.0166666666666666,0.4810902380807881,45.29622624387978,25.894700923410287,9,0.7071067811865476,-0.7071067811865475,-0.9377521321470804,0.3473052528448203,-1.0,-1.8369701987210297e-16,51.260847,-0.546053,33
2019-09-25 10:00:00,22.50333333333334,65.02949999999998,99.70583333333329,3.1333333333333333,0.4723545840101385,43.080108519283016,26.112978547121443,9,0.49999999999999994,-0.8660254037844387,-0.9377521321470804,0.3473052528448203,-1.0,-1.8369701987210297e-16,51.260847,-0.546053,33
2019-09-25 11:00:00,23.272833333333327,63.03600000000002,99.74899999999998,3.3833333333333333,0.5698489311889764,37.7147617154294,24.28345365895365,9,0.258819045102521,-0.9659258262890682,-0.9377521321470804,0.3473052528448203,-1.0,-1.8369701987210297e-16,51.260847,-0.546053,33
2019-09-25 12:00:00,24.68183333333334,60.749,99.78366666666676,2.3666666666666667,0.4403921981329098,38.76173473138499,22.382922993277486,9,1.2246467991473532e-16,-1.0,-0.9377521321470804,0.3473052528448203,-1.0,-1.8369701987210297e-16,51.260847,-0.546053,33
2019-09-25 13:00:00,27.750999999999994,57.32500000000001,99.78533333333333,1.1166666666666667,0.47028188601110216,44.49008728827196,14.171357856546003,9,-0.2588190451025208,-0.9659258262890683,-0.9377521321470804,0.3473052528448203,-1.0,-1.8369701987210297e-16,51.260847,-0.546053,33
2019-09-25 14:00:00,28.79433333333334,54.12133333333333,99.80250000000004,1.9166666666666667,0.4384568045981112,37.953583708260844,16.84045686139196,9,-0.4999999999999997,-0.8660254037844388,-0.9377521321470804,0.3473052528448203,-1.0,-1.8369701987210297e-16,51.260847,-0.546053,33
2019-09-25 15:00:00,28.340166666666683,53.741,99.84466666666667,2.966666666666667,0.4237225340306659,40.55291060938487,13.243958504222759,9,-0.7071067811865471,-0.7071067811865479,-0.9377521321470804,0.3473052528448203,-1.0,-1.8369701987210297e-16,51.260847,-0.546053,33
2019-09-25 16:00:00,32.24316666666666,48.34999999999998,99.87550000000002,3.15,0.4410224272887923,45.22435951695171,8.907263286485126,9,-0.8660254037844385,-0.5000000000000004,-0.9377521321470804,0.3473052528448203,-1.0,-1.8369701987210297e-16,51.260847,-0.546053,33
2019-09-25 17:00:00,27.941499999999998,50.554333333333346,99.95566666666663,1.7,0.5256836621387644,31.82734501887963,22.619351945883995,9,-0.9659258262890683,-0.25881904510252063,-0.9377521321470804,0.3473052528448203,-1.0,-1.8369701987210297e-16,51.260847,-0.546053,33
2019-09-25 18:00:00,24.90183333333334,52.939166666666694,100.01216666666683,2.6166666666666667,0.622456600824661,26.846344778187223,29.293677781307714,9,-1.0,-1.8369701987210297e-16,-0.9377521321470804,0.3473052528448203,-1.0,-1.8369701987210297e-16,51.260847,-0.546053,33
2019-09-25 19:00:00,23.129166666666666,54.38650000000003,100.05683333333336,4.133333333333334,0.5745200227049604,26.22298508499854,29.2321931228599,9,-0.9659258262890684,0.2588190451025203,-0.9377521321470804,0.3473052528448203,-1.0,-1.8369701987210297e-16,51.260847,-0.546053,33
2019-09-25 20:00:00,21.570999999999987,56.03016666666666,100.07499999999997,5.116666666666666,0.46534424204344627,13.143620972988368,33.92196116646981,9,-0.8660254037844386,0.5000000000000001,-0.9377521321470804,0.3473052528448203,-1.0,-1.8369701987210297e-16,51.260847,-0.546053,33
2019-09-25 21:00:00,20.695999999999984,57.501166666666684,100.10849999999996,3.1166666666666667,0.41112140963532845,11.835436024201297,32.90183645987178,9,-0.7071067811865477,0.7071067811865474,-0.9377521321470804,0.3473052528448203,-1.0,-1.8369701987210297e-16,51.260847,-0.546053,33
2019-09-25 22:00:00,20.619999999999994,58.040666666666674,100.12449999999994,4.916666666666667,0.3692447854631133,11.925341336074506,31.672123028723508,9,-0.5000000000000004,0.8660254037844384,-0.9377521321470804,0.3473052528448203,-1.0,-1.8369701987210297e-16,51.260847,-0.546053,33
2019-09-25 23:00:00,20.3985,59.08983333333331,100.10083333333338,5.033333333333333,0.31897411470289005,9.947240293073127,30.244380827801866,9,-0.25881904510252157,0.9659258262890681,-0.9377521321470804,0.3473052528448203,-1.0,-1.8369701987210297e-16,51.260847,-0.546053,33
2019-09-26 00:00:00,20.644833333333327,59.86933333333331,100.09299999999999,5.016666666666667,0.28708166010388597,9.503133700099665,30.082495480110683,9,0.0,1.0,-0.8486442574947509,0.5289640103269624,-1.0,-1.8369701987210297e-16,51.260847,-0.546053,33
2019-09-26 01:00:00,20.78349999999999,60.379833333333345,100.05933333333337,2.0166666666666666,0.2657938373168163,10.162034348176668,28.437682459793965,9,0.25881904510252074,0.9659258262890683,-0.8486442574947509,0.5289640103269624,-1.0,-1.8369701987210297e-16,51.260847,-0.546053,33
2019-09-26 02:00:00,20.596999999999998,61.2453333333333,100.03016666666674,1.1,0.2504585588776037,10.071515021538165,28.296323208435645,9,0.49999999999999994,0.8660254037844387,-0.8486442574947509,0.5289640103269624,-1.0,-1.8369701987210297e-16,51.260847,-0.546053,33
2019-09-26 03:00:00,20.26649999999999,62.70399999999999,99.98449999999993,3.05,0.2496469246559449,10.551866430988685,29.7542407291275,9,0.7071067811865476,0.7071067811865476,-0.8486442574947509,0.5289640103269624,-1.0,-1.8369701987210297e-16,51.260847,-0.546053,33
2019-09-26 04:00:00,20.326666666666668,63.670666666666655,99.93833333333333,0.3,0.23633560801813533,10.893939383612116,30.820650030827604,9,0.8660254037844386,0.5000000000000001,-0.8486442574947509,0.5289640103269624,-1.0,-1.8369701987210297e-16,51.260847,-0.546053,33
2019-09-26 05:00:00,20.710833333333337,64.44083333333336,99.90366666666664,0.9166666666666666,0.24207150920157797,11.888744691364161,29.829598032479225,9,0.9659258262890683,0.25881904510252074,-0.8486442574947509,0.5289640103269624,-1.0,-1.8369701987210297e-16,51.260847,-0.546053,33
2019-09-26 06:00:00,21.181166666666666,64.53299999999999,99.90399999999995,8.65,0.2884656296164077,18.01375688353734,28.13207607745796,9,1.0,6.123233995736766e-17,-0.8486442574947509,0.5289640103269624,-1.0,-1.8369701987210297e-16,51.260847,-0.546053,33
2019-09-26 07:00:00,20.83949999999999,65.58933333333336,99.9156666666667,5.1,0.3864116503578886,33.48791017731,26.75060426431858,9,0.9659258262890683,-0.25881904510252063,-0.8486442574947509,0.5289640103269624,-1.0,-1.8369701987210297e-16,51.260847,-0.546053,33
2019-09-26 08:00:00,21.25066666666667,65.81933333333335,99.95499999999996,3.283333333333333,0.406450181889581,33.430913785930414,29.695050048023614,9,0.8660254037844387,-0.4999999999999998,-0.8486442574947509,0.5289640103269624,-1.0,-1.8369701987210297e-16,51.260847,-0.546053,33
2019-09-26 09:00:00,22.160000000000014,65.60549999999998,99.98066666666661,4.75,0.4551866746871819,40.10024705566742,26.710138917436474,9,0.7071067811865476,-0.7071067811865475,-0.8486442574947509,0.5289640103269624,-1.0,-1.8369701987210297e-16,51.260847,-0.546053,33
2019-09-26 10:00:00,23.151166666666665,64.5201666666667,100.01633333333338,3.8333333333333335,0.42028040526212457,36.96347560284394,26.420396562035894,9,0.49999999999999994,-0.8660254037844387,-0.8486442574947509,0.5289640103269624,-1.0,-1.8369701987210297e-16,51.260847,-0.546053,33
2019-09-26 11:00:00,24.340500000000006,62.61716666666667,100.02283333333337,3.433333333333333,0.4298004211127571,43.57629588681591,19.41791897505461,9,0.258819045102521,-0.9659258262890682,-0.8486442574947509,0.5289640103269624,-1.0,-1.8369701987210297e-16,51.260847,-0.546053,33
2019-09-26 12:00:00,29.168833333333332,55.73916666666665,100.03916666666673,4.033333333333333,0.4592832852935401,70.06541566297349,7.041709428892134,9,1.2246467991473532e-16,-1.0,-0.8486442574947509,0.5289640103269624,-1.0,-1.8369701987210297e-16,51.260847,-0.546053,33
2019-09-26 13:00:00,30.14283333333333,49.73899999999999,100.03333333333336,2.6,0.42914192049693867,50.224583983835416,14.853694620518699,9,-0.2588190451025208,-0.9659258262890683,-0.8486442574947509,0.5289640103269624,-1.0,-1.8369701987210297e-16,51.260847,-0.546053,33
2019-09-26 14:00:00,28.42016666666666,50.01599999999999,100.04900000000002,4.133333333333334,0.4581159362404728,45.432668986715946,16.430103202491942,9,-0.4999999999999997,-0.8660254037844388,-0.8486442574947509,0.5289640103269624,-1.0,-1.8369701987210297e-16,51.260847,-0.546053,33
2019-09-26 15:00:00,29.122,48.06899999999998,100.07333333333332,3.283333333333333,0.43015054673973224,38.25265931766194,16.375932641329925,9,-0.7071067811865471,-0.7071067811865479,-0.8486442574947509,0.5289640103269624,-1.0,-1.8369701987210297e-16,51.260847,-0.546053,33
2019-09-26 16:00:00,26.716499999999996,49.385999999999996,100.08550000000004,3.8333333333333335,0.4576402143405386,31.69776734066882,19.938169141702613,9,-0.8660254037844385,-0.5000000000000004,-0.8486442574947509,0.5289640103269624,-1.0,-1.8369701987210297e-16,51.260847,-0.546053,33
2019-09-26 17:00:00,24.81366666666667,50.46433333333334,100.0915,3.8333333333333335,0.4277166620138158,21.358501736949773,24.911140487304667,9,-0.9659258262890683,-0.25881904510252063,-0.8486442574947509,0.5289640103269624,-1.0,-1.8369701987210297e-16,51.260847,-0.546053,33
2019-09-26 18:00:00,22.623500000000003,52.579,100.1363333333333,3.533333333333333,0.48030797272548764,22.881569904267693,29.48354194152462,9,-1.0,-1.8369701987210297e-16,-0.8486442574947509,0.5289640103269624,-1.0,-1.8369701987210297e-16,51.260847,-0.546053,33
2019-09-26 19:00:00,21.05099999999999,54.19316666666664,100.17666666666656,8.4,0.47315346182817775,29.869789280226136,29.445204264541392,9,-0.9659258262890684,0.2588190451025203,-0.8486442574947509,0.5289640103269624,-1.0,-1.8369701987210297e-16,51.260847,-0.546053,33
2019-09-26 20:00:00,20.11466666666668,55.17533333333333,100.21583333333321,2.433333333333333,0.42459215293718633,22.288119627461562,28.358046433355604,9,-0.8660254037844386,0.5000000000000001,-0.8486442574947509,0.5289640103269624,-1.0,-1.8369701987210297e-16,51.260847,-0.546053,33
2019-09-26 21:00:00,19.48816666666668,55.77783333333332,100.27850000000005,1.45,0.34474737811256073,12.163273777224086,29.516270548160758,9,-0.7071067811865477,0.7071067811865474,-0.8486442574947509,0.5289640103269624,-1.0,-1.8369701987210297e-16,51.260847,-0.546053,33
2019-09-26 22:00:00,18.844499999999996,56.80600000000002,100.3001666666668,1.7833333333333334,0.33633290084429596,10.932267675741887,28.697189813520026,9,-0.5000000000000004,0.8660254037844384,-0.8486442574947509,0.5289640103269624,-1.0,-1.8369701987210297e-16,51.260847,-0.546053,33
2019-09-26 23:00:00,18.793166666666675,57.96166666666667,100.30049999999997,2.1,0.2745886264569909,11.169996143938148,27.777807556537322,9,-0.25881904510252157,0.9659258262890681,-0.8486442574947509,0.5289640103269624,-1.0,-1.8369701987210297e-16,51.260847,-0.546053,33
2019-09-27 00:00:00,18.685833333333328,57.968833333333315,100.28349999999999,1.7666666666666666,0.24884604501722504,14.410777260393216,25.186551045328,9,0.0,1.0,-0.72479278722912,0.6889669190756865,-1.0,-1.8369701987210297e-16,51.260847,-0.546053,33
2019-09-27 01:00:00,18.492333333333324,58.152333333333324,100.29049999999994,2.183333333333333,0.23477579993931064,13.040191441736274,26.14915661408222,9,0.25881904510252074,0.9659258262890683,-0.72479278722912,0.6889669190756865,-1.0,-1.8369701987210297e-16,51.260847,-0.546053,33
2019-09-27 02:00:00,18.236,58.865666666666705,100.25966666666667,2.7,0.21946175063813078,13.121915798902348,25.911815718147803,9,0.49999999999999994,0.8660254037844387,-0.72479278722912,0.6889669190756865,-1.0,-1.8369701987210297e-16,51.260847,-0.546053,33
2019-09-27 03:00:00,18.478000000000005,59.13683333333334,100.2441666666666,2.5,0.21582953594059584,13.325443865915839,25.39173716317935,9,0.7071067811865476,0.7071067811865476,-0.72479278722912,0.6889669190756865,-1.0,-1.8369701987210297e-16,51.260847,-0.546053,33
2019-09-27 04:00:00,18.463666666666676,58.564833333333326,100.23849999999987,1.2833333333333334,0.20177452589115188,16.396111323806114,22.49019413930835,9,0.8660254037844386,0.5000000000000001,-0.72479278722912,0.6889669190756865,-1.0,-1.8369701987210297e-16,51.260847,-0.546053,33
2019-09-27 05:00:00,17.959833333333332,59.33866666666667,100.20283333333329,2.15,0.20973129764560985,13.516616124168149,25.94258291666322,9,0.9659258262890683,0.25881904510252074,-0.72479278722912,0.6889669190756865,-1.0,-1.8369701987210297e-16,51.260847,-0.546053,33
2019-09-27 06:00:00,17.978999999999996,60.290333333333336,100.17233333333333,3.1333333333333333,0.3117544821948127,24.660320776240624,28.094384298330734,9,1.0,6.123233995736766e-17,-0.72479278722912,0.6889669190756865,-1.0,-1.8369701987210297e-16,51.260847,-0.546053,33
2019-09-27 07:00:00,18.00100000000001,61.00383333333334,100.16049999999994,5.916666666666667,0.4979765680524069,44.663504565805106,29.551919619507164,9,0.9659258262890683,-0.25881904510252063,-0.72479278722912,0.6889669190756865,-1.0,-1.8369701987210297e-16,51.260847,-0.546053,33
2019-09-27 08:00:00,19.782999999999998,59.77099999999998,100.15499999999997,3.35,0.40411442421862426,35.0271796202482,26.481035174700065,9,0.8660254037844387,-0.4999999999999998,-0.72479278722912,0.6889669190756865,-1.0,-1.8369701987210297e-16,51.260847,-0.546053,33
2019-09-27 09:00:00,22.962833333333318,56.2471666666667,100.15833333333335,2.933333333333333,0.39436925084340363,40.294514831551716,20.726945543410707,9,0.7071067811865476,-0.7071067811865475,-0.72479278722912,0.6889669190756865,-1.0,-1.8369701987210297e-16,51.260847,-0.546053,33
2019-09-27 10:00:00,23.677333333333326,54.65833333333337,100.14783333333331,2.25,0.3954836784177927,40.01482908436449,20.100016630449257,9,0.49999999999999994,-0.8660254037844387,-0.72479278722912,0.6889669190756865,-1.0,-1.8369701987210297e-16,51.260847,-0.546053,33
2019-09-27 11:00:00,22.956166666666668,55.58433333333332,100.1266666666667,2.066666666666667,0.4520796370776289,33.41108442774485,22.690483827647874,9,0.258819045102521,-0.9659258262890682,-0.72479278722912,0.6889669190756865,-1.0,-1.8369701987210297e-16,51.260847,-0.546053,33
2019-09-27 12:00:00,23.699166666666674,55.56549999999998,100.09583333333333,2.316666666666667,0.4463779901112043,39.28239670012541,18.515736437970535,9,1.2246467991473532e-16,-1.0,-0.72479278722912,0.6889669190756865,-1.0,-1.8369701987210297e-16,51.260847,-0.546053,33
2019-09-27 13:00:00,22.26150000000001,57.20983333333331,100.05233333333341,2.65,0.5576029199435945,28.448073677977433,23.302878979005076,9,-0.2588190451025208,-0.9659258262890683,-0.72479278722912,0.6889669190756865,-1.0,-1.8369701987210297e-16,51.260847,-0.546053,33
2019-09-27 14:00:00,22.418333333333333,57.20516666666665,100.02233333333342,1.9333333333333333,0.522048726630134,34.6820523820181,20.238889879088777,9,-0.4999999999999997,-0.8660254037844388,-0.72479278722912,0.6889669190756865,-1.0,-1.8369701987210297e-16,51.260847,-0.546053,33
2019-09-27 15:00:00,25.654833333333332,54.161333333333324,99.99616666666664,1.1,0.4236002261928136,45.74094676817481,7.692212007235255,9,-0.7071067811865471,-0.7071067811865479,-0.72479278722912,0.6889669190756865,-1.0,-1.8369701987210297e-16,51.260847,-0.546053,33
2019-09-27 16:00:00,25.819333333333343,51.76633333333333,99.99699999999994,1.2,0.44218750206165347,55.81997051967588,13.910165014425022,9,-0.8660254037844385,-0.5000000000000004,-0.72479278722912,0.6889669190756865,-1.0,-1.8369701987210297e-16,51.260847,-0.546053,33
2019-09-27 17:00:00,22.93816666666667,54.103666666666655,100.06500000000004,1.7333333333333334,0.4738140437320387,20.43102258994077,25.195000598084775,9,-0.9659258262890683,-0.25881904510252063,-0.72479278722912,0.6889669190756865,-1.0,-1.8369701987210297e-16,51.260847,-0.546053,33
2019-09-27 18:00:00,20.01283333333333,58.75433333333333,100.11749999999994,3.35,0.4701299292790463,31.579277924261262,28.63604045989176,9,-1.0,-1.8369701987210297e-16,-0.72479278722912,0.6889669190756865,-1.0,-1.8369701987210297e-16,51.260847,-0.546053,33
2019-09-27 19:00:00,18.920833333333338,60.82666666666669,100.21149999999999,2.8666666666666667,0.43546188029916283,29.961813932595806,29.746736449095383,9,-0.9659258262890684,0.2588190451025203,-0.72479278722912,0.6889669190756865,-1.0,-1.8369701987210297e-16,51.260847,-0.546053,33
2019-09-27 20:00:00,18.644666666666676,61.71033333333336,100.29033333333336,2.1333333333333333,0.399231230530318,19.12842311236202,30.983397463762305,9,-0.8660254037844386,0.5000000000000001,-0.72479278722912,0.6889669190756865,-1.0,-1.8369701987210297e-16,51.260847,-0.546053,33
2019-09-27 21:00:00,18.139000000000003,61.745666666666715,100.35616666666671,2.4833333333333334,0.35275439594452274,19.32368653013991,30.715988635650557,9,-0.7071067811865477,0.7071067811865474,-0.72479278722912,0.6889669190756865,-1.0,-1.8369701987210297e-16,51.260847,-0.546053,33
2019-09-27 22:00:00,17.6795,61.75533333333331,100.42666666666666,1.5166666666666666,0.3042629312960749,16.519876345308287,29.945204319751607,9,-0.5000000000000004,0.8660254037844384,-0.72479278722912,0.6889669190756865,-1.0,-1.8369701987210297e-16,51.260847,-0.546053,33
2019-09-27 23:00:00,17.201833333333344,61.914000000000016,100.4688333333332,0.9,0.2723364533138175,16.27008205053328,30.990441143589475,9,-0.25881904510252157,0.9659258262890681,-0.72479278722912,0.6889669190756865,-1.0,-1.8369701987210297e-16,51.260847,-0.546053,33
2019-09-28 00:00:00,16.704999999999995,62.041000000000004,100.50200000000002,1.05,0.37182332727629713,20.335070412223086,27.40061686688491,9,0.0,1.0,-0.5712682150947924,0.8207634412072763,-1.0,-1.8369701987210297e-16,51.260847,-0.546053,33
2019-09-28 01:00:00,16.33333333333334,62.1925,100.51833333333339,0.8333333333333334,0.24036041418703027,15.329307370229664,27.431189635644973,9,0.25881904510252074,0.9659258262890683,-0.5712682150947924,0.8207634412072763,-1.0,-1.8369701987210297e-16,51.260847,-0.546053,33
2019-09-28 02:00:00,16.094833333333323,62.19549999999997,100.53733333333338,0.7166666666666667,0.22024366028238396,15.111181607549703,27.95312345479189,9,0.49999999999999994,0.8660254037844387,-0.5712682150947924,0.8207634412072763,-1.0,-1.8369701987210297e-16,51.260847,-0.546053,33
2019-09-28 03:00:00,16.01866666666666,62.206500000000005,100.53916666666666,0.7,0.21051395655355842,15.76032643468248,26.70121405512561,9,0.7071067811865476,0.7071067811865476,-0.5712682150947924,0.8207634412072763,-1.0,-1.8369701987210297e-16,51.260847,-0.546053,33
2019-09-28 04:00:00,16.051000000000002,62.19266666666669,100.53383333333332,0.9333333333333333,0.21165131235385454,16.089221169716055,25.60779805295305,9,0.8660254037844386,0.5000000000000001,-0.5712682150947924,0.8207634412072763,-1.0,-1.8369701987210297e-16,51.260847,-0.546053,33
2019-09-28 05:00:00,16.578500000000002,62.571333333333335,100.53099999999999,1.4,0.2067984562768862,14.871563296061417,27.031094695304198,9,0.9659258262890683,0.25881904510252074,-0.5712682150947924,0.8207634412072763,-1.0,-1.8369701987210297e-16,51.260847,-0.546053,33
2019-09-28 06:00:00,17.244666666666667,62.70733333333331,100.538,1.25,0.2445713291326775,18.762876688051282,26.773778171770587,9,1.0,6.123233995736766e-17,-0.5712682150947924,0.8207634412072763,-1.0,-1.8369701987210297e-16,51.260847,-0.546053,33
2019-09-28 07:00:00,18.03433333333333,62.62533333333333,100.56749999999994,1.25,0.2512151676275815,20.848197715275933,27.32808428545383,9,0.9659258262890683,-0.25881904510252063,-0.5712682150947924,0.8207634412072763,-1.0,-1.8369701987210297e-16,51.260847,-0.546053,33
2019-09-28 08:00:00,19.449,61.70466666666669,100.61233333333335,2.85,0.3847077755207683,33.58582756885922,24.66686722925798,9,0.8660254037844387,-0.4999999999999998,-0.5712682150947924,0.8207634412072763,-1.0,-1.8369701987210297e-16,51.260847,-0.546053,33
2019-09-28 09:00:00,21.00016666666667,59.98766666666666,100.66416666666669,0.7,0.4387533730075147,37.02361784511849,24.838019231613487,9,0.7071067811865476,-0.7071067811865475,-0.5712682150947924,0.8207634412072763,-1.0,-1.8369701987210297e-16,51.260847,-0.546053,33
2019-09-28 10:00:00,23.42533333333334,57.01566666666664,100.68216666666666,1.05,0.42301126330257205,39.378556647038,22.214603343121627,9,0.49999999999999994,-0.8660254037844387,-0.5712682150947924,0.8207634412072763,-1.0,-1.8369701987210297e-16,51.260847,-0.546053,33
2019-09-28 11:00:00,27.46866666666668,52.29583333333336,100.69199999999998,0.21666666666666667,0.34824334412651925,44.143459710798204,16.97481883292461,9,0.258819045102521,-0.9659258262890682,-0.5712682150947924,0.8207634412072763,-1.0,-1.8369701987210297e-16,51.260847,-0.546053,33
2019-09-28 12:00:00,28.821833333333338,49.32699999999999,100.70199999999991,18.616666666666667,0.39296232661585445,55.08257363850459,15.894729321002789,9,1.2246467991473532e-16,-1.0,-0.5712682150947924,0.8207634412072763,-1.0,-1.8369701987210297e-16,51.260847,-0.546053,33
2019-09-28 13:00:00,30.391833333333338,47.526499999999984,100.69633333333331,0.3,0.34443489731003313,48.8606033259777,12.826390283024732,9,-0.2588190451025208,-0.9659258262890683,-0.5712682150947924,0.8207634412072763,-1.0,-1.8369701987210297e-16,51.260847,-0.546053,33
2019-09-28 14:00:00,29.357666666666663,46.79366666666668,100.68733333333331,0.9166666666666666,0.4382978963639932,47.46411782387169,14.702370258981007,9,-0.4999999999999997,-0.8660254037844388,-0.5712682150947924,0.8207634412072763,-1.0,-1.8369701987210297e-16,51.260847,-0.546053,33
2019-09-28 15:00:00,27.77900000000001,46.805166666666636,100.67316666666666,0.5,0.41092498145404555,32.70446175463494,15.480795651158905,9,-0.7071067811865471,-0.7071067811865479,-0.5712682150947924,0.8207634412072763,-1.0,-1.8369701987210297e-16,51.260847,-0.546053,33
2019-09-28 16:00:00,25.954000000000004,47.53916666666667,100.69233333333328,1.5166666666666666,0.42622010238652003,28.794598781885984,20.55777046769175,9,-0.8660254037844385,-0.5000000000000004,-0.5712682150947924,0.8207634412072763,-1.0,-1.8369701987210297e-16,51.260847,-0.546053,33
2019-09-28 17:00:00,23.407666666666657,49.214666666666666,100.70233333333323,3.4,0.4716198704103673,34.590113222612004,21.294126666537654,9,-0.9659258262890683,-0.25881904510252063,-0.5712682150947924,0.8207634412072763,-1.0,-1.8369701987210297e-16,51.260847,-0.546053,33
2019-09-28 18:00:00,21.86733333333335,50.52966666666666,100.69033333333327,6.133333333333334,0.42943955225532376,21.660241419238222,25.69193869106346,9,-1.0,-1.8369701987210297e-16,-0.5712682150947924,0.8207634412072763,-1.0,-1.8369701987210297e-16,51.260847,-0.546053,33
2019-09-28 19:00:00,20.00383333333335,53.78750000000001,100.68216666666667,6.1,0.4144449882369742,18.250066495630854,28.53822881676414,9,-0.9659258262890684,0.2588190451025203,-0.5712682150947924,0.8207634412072763,-1.0,-1.8369701987210297e-16,51.260847,-0.546053,33
2019-09-28 20:00:00,19.0165,56.505166666666675,100.587,6.083333333333333,0.34565152369562496,13.781670549235205,25.167667533934107,9,-0.8660254037844386,0.5000000000000001,-0.5712682150947924,0.8207634412072763,-1.0,-1.8369701987210297e-16,51.260847,-0.546053,33
2019-09-28 21:00:00,18.31483333333333,59.361166666666676,100.47133333333326,1.25,0.28859058258215364,8.517049671230295,20.820341916925482,9,-0.7071067811865477,0.7071067811865474,-0.5712682150947924,0.8207634412072763,-1.0,-1.8369701987210297e-16,51.260847,-0.546053,33
2019-09-28 22:00:00,18.14566666666666,61.832333333333345,100.33866666666664,0.6833333333333333,0.28392613983542486,10.617776249912104,20.838457488017692,9,-0.5000000000000004,0.8660254037844384,-0.5712682150947924,0.8207634412072763,-1.0,-1.8369701987210297e-16,51.260847,-0.546053,33
2019-09-28 23:00:00,18.483000000000004,63.80233333333332,100.21116666666667,1.45,0.2417066858968637,9.397633891768164,21.626534246965303,9,-0.25881904510252157,0.9659258262890681,-0.5712682150947924,0.8207634412072763,-1.0,-1.8369701987210297e-16,51.260847,-0.546053,33
2019-09-29 00:00:00,18.838833333333334,65.3075,100.07016666666665,3.6666666666666665,0.23066922942362955,9.330640204124295,26.330964752324267,9,0.0,1.0,-0.3943558551133187,0.9189578116202306,-1.0,-1.8369701987210297e-16,51.260847,-0.546053,33
2019-09-29 01:00:00,18.82599999999999,66.29950000000001,99.9635,2.966666666666667,0.21181205212145013,9.331115135379527,26.605696973895967,9,0.25881904510252074,0.9659258262890683,-0.3943558551133187,0.9189578116202306,-1.0,-1.8369701987210297e-16,51.260847,-0.546053,33
2019-09-29 02:00:00,18.66316666666666,67.53316666666667,99.83450000000008,3.8,0.20141945058279626,10.944211192638026,25.004922187931573,9,0.49999999999999994,0.8660254037844387,-0.3943558551133187,0.9189578116202306,-1.0,-1.8369701987210297e-16,51.260847,-0.546053,33
2019-09-29 03:00:00,18.564666666666675,69.10183333333335,99.70133333333327,2.3333333333333335,0.19255261481891364,10.471191488615597,23.89959691478124,9,0.7071067811865476,0.7071067811865476,-0.3943558551133187,0.9189578116202306,-1.0,-1.8369701987210297e-16,51.260847,-0.546053,33
2019-09-29 04:00:00,18.654999999999998,70.81333333333328,99.54983333333331,0.2833333333333333,0.18838771525980386,11.075410215791637,24.208411841684992,9,0.8660254037844386,0.5000000000000001,-0.3943558551133187,0.9189578116202306,-1.0,-1.8369701987210297e-16,51.260847,-0.546053,33
2019-09-29 05:00:00,19.07933333333334,72.3441666666667,99.40866666666669,0.5,0.1833134441925638,10.300574393791788,26.718786163393315,9,0.9659258262890683,0.25881904510252074,-0.3943558551133187,0.9189578116202306,-1.0,-1.8369701987210297e-16,51.260847,-0.546053,33
2019-09-29 06:00:00,19.597500000000007,74.13499999999999,99.34149999999995,0.4166666666666667,0.18721766431644152,12.464162990307786,26.84795285768348,9,1.0,6.123233995736766e-17,-0.3943558551133187,0.9189578116202306,-1.0,-1.8369701987210297e-16,51.260847,-0.546053,33
2019-09-29 07:00:00,19.934666666666676,74.86149999999998,99.28300000000006,1.0833333333333333,0.2122528273030719,15.401613687178946,28.84277310567365,9,0.9659258262890683,-0.25881904510252063,-0.3943558551133187,0.9189578116202306,-1.0,-1.8369701987210297e-16,51.260847,-0.546053,33
2019-09-29 08:00:00,19.969666666666676,76.01233333333334,99.24716666666671,0.6166666666666667,0.20499780154579364,17.739158754117817,28.995494937822652,9,0.8660254037844387,-0.4999999999999998,-0.3943558551133187,0.9189578116202306,-1.0,-1.8369701987210297e-16,51.260847,-0.546053,33
2019-09-29 09:00:00,20.494166666666672,76.54416666666671,99.26050000000014,2.5,0.2890750950859469,22.559109131278362,29.59285075366102,9,0.7071067811865476,-0.7071067811865475,-0.3943558551133187,0.9189578116202306,-1.0,-1.8369701987210297e-16,51.260847,-0.546053,33
2019-09-29 10:00:00,21.08950000000001,76.49816666666665,99.23966666666661,3.1,0.2911969039144636,30.299262251932284,25.52771060294696,9,0.49999999999999994,-0.8660254037844387,-0.3943558551133187,0.9189578116202306,-1.0,-1.8369701987210297e-16,51.260847,-0.546053,33
2019-09-29 11:00:00,22.344166666666688,76.06433333333332,99.22433333333329,2.8666666666666667,0.32861408464380715,29.834068118982312,25.682582744074512,9,0.258819045102521,-0.9659258262890682,-0.3943558551133187,0.9189578116202306,-1.0,-1.8369701987210297e-16,51.260847,-0.546053,33
2019-09-29 12:00:00,24.56199999999999,73.86833333333335,99.18649999999995,2.3833333333333333,0.38949841622190884,41.52086689425624,21.201420142249106,9,1.2246467991473532e-16,-1.0,-0.3943558551133187,0.9189578116202306,-1.0,-1.8369701987210297e-16,51.260847,-0.546053,33
2019-09-29 13:00:00,25.496999999999982,71.77933333333333,99.09666666666662,2.216666666666667,0.4126000285596986,40.13867181091992,22.483166667147973,9,-0.2588190451025208,-0.9659258262890683,-0.3943558551133187,0.9189578116202306,-1.0,-1.8369701987210297e-16,51.260847,-0.546053,33
2019-09-29 14:00:00,24.486500000000017,70.28866666666669,99.09683333333328,1.6333333333333333,0.4693343550327543,32.99282416868041,27.05834191592508,9,-0.4999999999999997,-0.8660254037844388,-0.3943558551133187,0.9189578116202306,-1.0,-1.8369701987210297e-16,51.260847,-0.546053,33
2019-09-29 15:00:00,23.553499999999996,69.33883333333337,99.1228333333333,1.0666666666666667,0.3686740508719633,25.38998128621426,29.26895416188341,9,-0.7071067811865471,-0.7071067811865479,-0.3943558551133187,0.9189578116202306,-1.0,-1.8369701987210297e-16,51.260847,-0.546053,33
2019-09-29 16:00:00,22.728166666666674,67.92833333333336,99.24166666666665,0.6166666666666667,0.2878654353390571,20.369144690957054,23.212860482555868,9,-0.8660254037844385,-0.5000000000000004,-0.3943558551133187,0.9189578116202306,-1.0,-1.8369701987210297e-16,51.260847,-0.546053,33
2019-09-29 17:00:00,21.792499999999986,66.49199999999999,99.41499999999995,0.0,0.2504511797654534,17.504274700330587,21.90319781746123,9,-0.9659258262890683,-0.25881904510252063,-0.3943558551133187,0.9189578116202306,-1.0,-1.8369701987210297e-16,51.260847,-0.546053,33
2019-09-29 18:00:00,21.196000000000005,65.10233333333332,99.62716666666661,0.0,0.23645572104314283,14.885759643953111,24.53626771280502,9,-1.0,-1.8369701987210297e-16,-0.3943558551133187,0.9189578116202306,-1.0,-1.8369701987210297e-16,51.260847,-0.546053,33
2019-09-29 19:00:00,20.345499999999994,64.13583333333335,99.87583333333332,0.0,0.22562015329418258,12.268176218374526,27.089344441109485,9,-0.9659258262890684,0.2588190451025203,-0.3943558551133187,0.9189578116202306,-1.0,-1.8369701987210297e-16,51.260847,-0.546053,33
2019-09-29 20:00:00,19.30883333333333,64.37399999999997,100.14616666666662,0.13333333333333333,0.2201282206950716,8.521090017281775,32.16667566651074,9,-0.8660254037844386,0.5000000000000001,-0.3943558551133187,0.9189578116202306,-1.0,-1.8369701987210297e-16,51.260847,-0.546053,33
2019-09-29 21:00:00,18.655833333333327,64.71083333333333,100.3123333333333,0.16666666666666666,0.20499476664941174,9.128841944367734,32.74758545771137,9,-0.7071067811865477,0.7071067811865474,-0.3943558551133187,0.9189578116202306,-1.0,-1.8369701987210297e-16,51.260847,-0.546053,33
2019-09-29 22:00:00,18.349333333333345,64.35200000000002,100.42966666666666,0.0,0.19553900205272834,10.992281560148005,30.060288036510705,9,-0.5000000000000004,0.8660254037844384,-0.3943558551133187,0.9189578116202306,-1.0,-1.8369701987210297e-16,51.260847,-0.546053,33
2019-09-29 23:00:00,17.917166666666667,63.98483333333331,100.50500000000007,0.0,0.18462260086036075,11.849690417730091,31.29365943467334,9,-0.25881904510252157,0.9659258262890681,-0.3943558551133187,0.9189578116202306,-1.0,-1.8369701987210297e-16,51.260847,-0.546053,33
2019-09-30 00:00:00,17.04583333333333,64.00516666666665,100.6051666666667,0.7333333333333333,0.1782725607696839,13.090167299313258,28.134686209898227,9,0.0,1.0,-0.20129852008866114,0.9795299412524943,-1.0,-1.8369701987210297e-16,51.260847,-0.546053,33
2019-09-30 01:00:00,16.249333333333333,64.08833333333331,100.64833333333331,1.3,0.21148206579440593,13.190165152511033,28.661805370393306,9,0.25881904510252074,0.9659258262890683,-0.20129852008866114,0.9795299412524943,-1.0,-1.8369701987210297e-16,51.260847,-0.546053,33
2019-09-30 02:00:00,15.67666666666667,64.22666666666669,100.69399999999995,1.1333333333333333,0.18215594909233696,14.984407612411959,29.00468772735311,9,0.49999999999999994,0.8660254037844387,-0.20129852008866114,0.9795299412524943,-1.0,-1.8369701987210297e-16,51.260847,-0.546053,33
2019-09-30 03:00:00,15.027499999999993,64.28866666666669,100.72816666666671,1.5833333333333333,0.17027948378344598,15.83063703554433,28.534111125955114,9,0.7071067811865476,0.7071067811865476,-0.20129852008866114,0.9795299412524943,-1.0,-1.8369701987210297e-16,51.260847,-0.546053,33
2019-09-30 04:00:00,14.714666666666657,64.95083333333335,100.80216666666678,2.75,0.17981790957285393,15.132719234864405,27.24308888162817,9,0.8660254037844386,0.5000000000000001,-0.20129852008866114,0.9795299412524943,-1.0,-1.8369701987210297e-16,51.260847,-0.546053,33
2019-09-30 05:00:00,14.737833333333336,65.27933333333338,100.81799999999994,3.783333333333333,0.21100918579868974,15.198581785367388,31.096019816603807,9,0.9659258262890683,0.25881904510252074,-0.20129852008866114,0.9795299412524943,-1.0,-1.8369701987210297e-16,51.260847,-0.546053,33
2019-09-30 06:00:00,15.140333333333338,65.57783333333332,100.85616666666664,7.116666666666666,0.30767623233314884,34.83515490851745,28.956434362669754,9,1.0,6.123233995736766e-17,-0.20129852008866114,0.9795299412524943,-1.0,-1.8369701987210297e-16,51.260847,-0.546053,33
2019-09-30 07:00:00,15.690166666666666,65.61049999999999,100.88333333333327,5.583333333333333,0.5257604276100887,58.19386034789828,29.127003520864246,9,0.9659258262890683,-0.25881904510252063,-0.20129852008866114,0.9795299412524943,-1.0,-1.8369701987210297e-16,51.260847,-0.546053,33
2019-09-30 08:00:00,16.849833333333333,65.00233333333334,100.92033333333337,7.516666666666667,0.6016456124805881,54.85024778339639,31.247627829297176,9,0.8660254037844387,-0.4999999999999998,-0.20129852008866114,0.9795299412524943,-1.0,-1.8369701987210297e-16,51.260847,-0.546053,33
2019-09-30 09:00:00,19.41000000000001,63.15716666666667,100.94183333333325,6.833333333333333,0.6917534759652283,60.02995327275356,35.12161889228569,9,0.7071067811865476,-0.7071067811865475,-0.20129852008866114,0.9795299412524943,-1.0,-1.8369701987210297e-16,51.260847,-0.546053,33
2019-09-30 10:00:00,21.695166666666672,60.617666666666715,100.95366666666663,6.583333333333333,0.635716494511183,44.72610076654743,36.21808950954167,9,0.49999999999999994,-0.8660254037844387,-0.20129852008866114,0.9795299412524943,-1.0,-1.8369701987210297e-16,51.260847,-0.546053,33
2019-09-30 11:00:00,22.934833333333334,60.03650000000002,100.93199999999997,7.5,0.6136470421077056,37.982383678026075,29.720923391105895,9,0.258819045102521,-0.9659258262890682,-0.20129852008866114,0.9795299412524943,-1.0,-1.8369701987210297e-16,51.260847,-0.546053,33
2019-09-30 12:00:00,25.099166666666672,57.15916666666665,100.88350000000004,3.6333333333333333,0.6200856466808276,45.402321988868685,21.729526152136557,9,1.2246467991473532e-16,-1.0,-0.20129852008866114,0.9795299412524943,-1.0,-1.8369701987210297e-16,51.260847,-0.546053,33
2019-09-30 13:00:00,24.049333333333333,56.46433333333332,100.83416666666672,4.3,0.5602846330971213,34.95264994968116,25.467123292601546,9,-0.2588190451025208,-0.9659258262890683,-0.20129852008866114,0.9795299412524943,-1.0,-1.8369701987210297e-16,51.260847,-0.546053,33
2019-09-30 14:00:00,23.867166666666673,56.710166666666694,100.76616666666672,7.8,0.5520832532352782,41.14659104698487,24.518487936225622,9,-0.4999999999999997,-0.8660254037844388,-0.20129852008866114,0.9795299412524943,-1.0,-1.8369701987210297e-16,51.260847,-0.546053,33
2019-09-30 15:00:00,22.930666666666646,57.044833333333294,100.6878333333333,7.533333333333333,0.5865972982525033,52.990939774569355,21.082831975576603,9,-0.7071067811865471,-0.7071067811865479,-0.20129852008866114,0.9795299412524943,-1.0,-1.8369701987210297e-16,51.260847,-0.546053,33
2019-09-30 16:00:00,21.2395,59.25933333333331,100.58466666666672,8.783333333333333,0.6268411443871269,43.59528313850089,24.891597561252304,9,-0.8660254037844385,-0.5000000000000004,-0.20129852008866114,0.9795299412524943,-1.0,-1.8369701987210297e-16,51.260847,-0.546053,33
2019-09-30 17:00:00,20.41316666666667,60.650833333333324,100.47383333333325,3.65,0.502534119629438,27.62318994648482,24.79504792224352,9,-0.9659258262890683,-0.25881904510252063,-0.20129852008866114,0.9795299412524943,-1.0,-1.8369701987210297e-16,51.260847,-0.546053,33
2019-09-30 18:00:00,19.26733333333334,62.983999999999995,100.3998333333333,4.016666666666667,0.4893897298609499,28.510707389145423,23.856627516840955,9,-1.0,-1.8369701987210297e-16,-0.20129852008866114,0.9795299412524943,-1.0,-1.8369701987210297e-16,51.260847,-0.546053,33
2019-09-30 19:00:00,18.685166666666664,65.442,100.28616666666666,1.3333333333333333,0.39808829687806807,12.410530661540994,27.492603809897744,9,-0.9659258262890684,0.2588190451025203,-0.20129852008866114,0.9795299412524943,-1.0,-1.8369701987210297e-16,51.260847,-0.546053,33
2019-09-30 20:00:00,18.94133333333334,67.95916666666666,100.1471666666667,1.5166666666666666,0.3557350615283009,10.143828672373813,28.56680018238194,9,-0.8660254037844386,0.5000000000000001,-0.20129852008866114,0.9795299412524943,-1.0,-1.8369701987210297e-16,51.260847,-0.546053,33
2019-09-30 21:00:00,19.774999999999995,69.91783333333329,100.04500000000002,1.4666666666666666,0.32967021723220813,11.680928714190745,29.418032056121785,9,-0.7071067811865477,0.7071067811865474,-0.20129852008866114,0.9795299412524943,-1.0,-1.8369701987210297e-16,51.260847,-0.546053,33
2019-09-30 22:00:00,20.32983333333333,70.91900000000003,99.98449999999993,0.0,0.3011154939935384,10.479158004545392,28.917011748881805,9,-0.5000000000000004,0.8660254037844384,-0.20129852008866114,0.9795299412524943,-1.0,-1.8369701987210297e-16,51.260847,-0.546053,33
2019-09-30 23:00:00,20.772166666666674,71.0695,99.96283333333326,0.7666666666666667,0.27791566378094706,13.046334983591048,27.626186718060186,9,-0.25881904510252157,0.9659258262890681,-0.20129852008866114,0.9795299412524943,-1.0,-1.8369701987210297e-16,51.260847,-0.546053,33
