Time,TEMP,HUM,PRESS,EXT_PM_25,CO_PRE,NO2_PRE,O3_PRE,Month,SIN HOUR,COS HOUR,SIN DAY,COS DAY,SIN MONTH,COS MONTH,LAT,LONG,ALT
2019-03-01 00:00:00,14.305166666666658,46.89433333333336,101.31133333333334,12.333333333333334,0.23516675440677146,14.397885011525448,21.885942575292134,3,0.0,1.0,0.20129852008866006,0.9795299412524945,1.0,6.123233995736766e-17,51.243999,-0.571478,36
2019-03-01 01:00:00,13.923166666666676,46.92983333333339,101.31999999999995,15.016666666666667,0.2260346018861377,16.237972741231648,18.874600509358434,3,0.25881904510252074,0.9659258262890683,0.20129852008866006,0.9795299412524945,1.0,6.123233995736766e-17,51.243999,-0.571478,36
2019-03-01 02:00:00,13.794166666666662,47.10766666666664,101.34966666666658,17.533333333333335,0.21997697596426255,16.949070714895452,18.829282301742,3,0.49999999999999994,0.8660254037844387,0.20129852008866006,0.9795299412524945,1.0,6.123233995736766e-17,51.243999,-0.571478,36
2019-03-01 03:00:00,13.798500000000013,47.212666666666664,101.38733333333326,18.966666666666665,0.21802591825125953,16.976633070230886,19.07405585686746,3,0.7071067811865476,0.7071067811865476,0.20129852008866006,0.9795299412524945,1.0,6.123233995736766e-17,51.243999,-0.571478,36
2019-03-01 04:00:00,13.862166666666678,47.41850000000001,101.42916666666657,13.7,0.2153219255823351,16.410233337795805,19.427294121427767,3,0.8660254037844386,0.5000000000000001,0.20129852008866006,0.9795299412524945,1.0,6.123233995736766e-17,51.243999,-0.571478,36
2019-03-01 05:00:00,13.724166666666665,47.73366666666666,101.4926666666667,17.333333333333332,0.21246740877884224,15.944438334579827,19.40219382915975,3,0.9659258262890683,0.25881904510252074,0.20129852008866006,0.9795299412524945,1.0,6.123233995736766e-17,51.243999,-0.571478,36
2019-03-01 06:00:00,13.191166666666671,47.90666666666667,101.49749999999997,26.816666666666666,0.22635764997078983,13.818805526809424,26.783655726618566,3,1.0,6.123233995736766e-17,0.20129852008866006,0.9795299412524945,1.0,6.123233995736766e-17,51.243999,-0.571478,36
2019-03-01 07:00:00,12.810833333333335,48.16049999999997,101.5816666666667,31.116666666666667,0.2682689921637874,11.470380667329769,42.17937213269663,3,0.9659258262890683,-0.25881904510252063,0.20129852008866006,0.9795299412524945,1.0,6.123233995736766e-17,51.243999,-0.571478,36
2019-03-01 08:00:00,13.064833333333329,48.21649999999999,101.6548333333333,31.0,0.3870501691110906,10.006962638388519,67.68561635300269,3,0.8660254037844387,-0.4999999999999998,0.20129852008866006,0.9795299412524945,1.0,6.123233995736766e-17,51.243999,-0.571478,36
2019-03-01 09:00:00,13.559999999999999,48.077833333333345,101.70133333333338,31.4,0.3640661004739501,14.94497074225652,59.05049364462157,3,0.7071067811865476,-0.7071067811865475,0.20129852008866006,0.9795299412524945,1.0,6.123233995736766e-17,51.243999,-0.571478,36
2019-03-01 10:00:00,14.298833333333336,48.10383333333332,101.73966666666662,29.366666666666667,0.3276637099678909,18.89564106520031,54.167627516162355,3,0.49999999999999994,-0.8660254037844387,0.20129852008866006,0.9795299412524945,1.0,6.123233995736766e-17,51.243999,-0.571478,36
2019-03-01 11:00:00,15.328833333333336,47.82816666666666,101.75100000000008,29.866666666666667,0.31154719220683386,20.922733320136484,42.75248816133648,3,0.258819045102521,-0.9659258262890682,0.20129852008866006,0.9795299412524945,1.0,6.123233995736766e-17,51.243999,-0.571478,36
2019-03-01 12:00:00,16.089333333333347,47.58516666666667,101.77033333333343,35.38333333333333,0.3066057484593321,24.30163962324481,41.076078290300316,3,1.2246467991473532e-16,-1.0,0.20129852008866006,0.9795299412524945,1.0,6.123233995736766e-17,51.243999,-0.571478,36
2019-03-01 13:00:00,17.715333333333323,47.25183333333333,101.73066666666664,32.083333333333336,0.3066426709010326,26.637877422156897,27.36793026066922,3,-0.2588190451025208,-0.9659258262890683,0.20129852008866006,0.9795299412524945,1.0,6.123233995736766e-17,51.243999,-0.571478,36
2019-03-01 14:00:00,18.21316666666667,46.32733333333336,101.68516666666655,33.583333333333336,0.3216387811263239,24.86801465398195,30.298869871166595,3,-0.4999999999999997,-0.8660254037844388,0.20129852008866006,0.9795299412524945,1.0,6.123233995736766e-17,51.243999,-0.571478,36
2019-03-01 15:00:00,17.35599999999999,46.25900000000002,101.67516666666661,38.7,0.3285372539653257,20.358104863746966,36.953228553182974,3,-0.7071067811865471,-0.7071067811865479,0.20129852008866006,0.9795299412524945,1.0,6.123233995736766e-17,51.243999,-0.571478,36
2019-03-01 16:00:00,17.154333333333334,46.5855,101.64983333333345,37.85,0.362557541695767,17.17026493311805,33.867686252369545,3,-0.8660254037844385,-0.5000000000000004,0.20129852008866006,0.9795299412524945,1.0,6.123233995736766e-17,51.243999,-0.571478,36
2019-03-01 17:00:00,16.89966666666666,46.61466666666667,101.62383333333325,40.016666666666666,0.40888910079020996,14.358026433945351,39.944289294239574,3,-0.9659258262890683,-0.25881904510252063,0.20129852008866006,0.9795299412524945,1.0,6.123233995736766e-17,51.243999,-0.571478,36
2019-03-01 18:00:00,16.479500000000005,46.6375,101.60550000000008,36.03333333333333,0.3688007575957236,14.257120072779703,37.699843173148075,3,-1.0,-1.8369701987210297e-16,0.20129852008866006,0.9795299412524945,1.0,6.123233995736766e-17,51.243999,-0.571478,36
2019-03-01 19:00:00,15.533500000000004,46.47683333333337,101.56483333333341,39.55,0.35224620488357683,12.346980038896856,36.59387629656893,3,-0.9659258262890684,0.2588190451025203,0.20129852008866006,0.9795299412524945,1.0,6.123233995736766e-17,51.243999,-0.571478,36
2019-03-01 20:00:00,14.14883333333333,46.721833333333315,101.54383333333337,21.216666666666665,0.3501091090481022,6.568449981907108,36.23452449446754,3,-0.8660254037844386,0.5000000000000001,0.20129852008866006,0.9795299412524945,1.0,6.123233995736766e-17,51.243999,-0.571478,36
2019-03-01 21:00:00,13.214500000000003,47.21266666666668,101.5086666666667,24.3,0.3312343440466309,7.846942955343835,35.312635426382144,3,-0.7071067811865477,0.7071067811865474,0.20129852008866006,0.9795299412524945,1.0,6.123233995736766e-17,51.243999,-0.571478,36
2019-03-01 22:00:00,13.250666666666662,47.48149999999998,101.44866666666665,14.016666666666667,0.27571862440207157,11.63063329317338,30.152735486724666,3,-0.5000000000000004,0.8660254037844384,0.20129852008866006,0.9795299412524945,1.0,6.123233995736766e-17,51.243999,-0.571478,36
2019-03-01 23:00:00,12.780999999999997,47.235,101.36933333333339,9.65,0.27341139665994607,12.433806921684846,28.10531921496266,3,-0.25881904510252157,0.9659258262890681,0.20129852008866006,0.9795299412524945,1.0,6.123233995736766e-17,51.243999,-0.571478,36
2019-03-02 00:00:00,12.723666666666656,47.54516666666666,101.29816666666666,5.783333333333333,0.23420931428747124,14.707801495293516,18.570257235577344,3,0.0,1.0,0.39435585511331855,0.9189578116202306,1.0,6.123233995736766e-17,51.243999,-0.571478,36
2019-03-02 01:00:00,12.857999999999995,47.621666666666634,101.2048333333333,6.0,0.20277699056931137,13.350663887762932,20.740813396494712,3,0.25881904510252074,0.9659258262890683,0.39435585511331855,0.9189578116202306,1.0,6.123233995736766e-17,51.243999,-0.571478,36
2019-03-02 02:00:00,13.057833333333324,47.7773333333333,101.11550000000004,7.15,0.19623077668111796,13.863449929955374,20.684327771254306,3,0.49999999999999994,0.8660254037844387,0.39435585511331855,0.9189578116202306,1.0,6.123233995736766e-17,51.243999,-0.571478,36
2019-03-02 03:00:00,13.219833333333328,47.853666666666655,101.004,17.55,0.20188138273573428,12.961777970913511,23.258854262623377,3,0.7071067811865476,0.7071067811865476,0.39435585511331855,0.9189578116202306,1.0,6.123233995736766e-17,51.243999,-0.571478,36
2019-03-02 04:00:00,13.317499999999985,47.9411666666667,100.8976666666667,16.116666666666667,0.2060976706594454,12.577752954043929,25.83842247688742,3,0.8660254037844386,0.5000000000000001,0.39435585511331855,0.9189578116202306,1.0,6.123233995736766e-17,51.243999,-0.571478,36
2019-03-02 05:00:00,13.345499999999996,48.11866666666665,100.8453333333333,15.383333333333333,0.19856816395869295,13.61123241518702,26.388178256381078,3,0.9659258262890683,0.25881904510252074,0.39435585511331855,0.9189578116202306,1.0,6.123233995736766e-17,51.243999,-0.571478,36
2019-03-02 06:00:00,13.440666666666674,48.18483333333332,100.79549999999998,16.716666666666665,0.19349534988425768,14.252616422957827,27.851132502737343,3,1.0,6.123233995736766e-17,0.39435585511331855,0.9189578116202306,1.0,6.123233995736766e-17,51.243999,-0.571478,36
2019-03-02 07:00:00,13.57783333333333,48.31633333333331,100.77566666666674,13.85,0.21010890051436124,12.753602625229515,34.81608754894262,3,0.9659258262890683,-0.25881904510252063,0.39435585511331855,0.9189578116202306,1.0,6.123233995736766e-17,51.243999,-0.571478,36
2019-03-02 08:00:00,13.860666666666667,48.529666666666664,100.82716666666666,14.233333333333333,0.258368248733863,10.242415837682783,48.28512714424941,3,0.8660254037844387,-0.4999999999999998,0.39435585511331855,0.9189578116202306,1.0,6.123233995736766e-17,51.243999,-0.571478,36
2019-03-02 09:00:00,14.501833333333341,48.696333333333364,100.8435,12.816666666666666,0.25333379465521105,11.338843228700046,47.934071732802614,3,0.7071067811865476,-0.7071067811865475,0.39435585511331855,0.9189578116202306,1.0,6.123233995736766e-17,51.243999,-0.571478,36
2019-03-02 10:00:00,15.261333333333335,48.96850000000002,100.86499999999995,8.366666666666667,0.2512484449466531,14.578015567343492,41.49883964189406,3,0.49999999999999994,-0.8660254037844387,0.39435585511331855,0.9189578116202306,1.0,6.123233995736766e-17,51.243999,-0.571478,36
2019-03-02 11:00:00,16.431499999999996,49.07500000000002,100.87866666666673,2.9,0.250055798863222,15.518823006379396,39.45611117570321,3,0.258819045102521,-0.9659258262890682,0.39435585511331855,0.9189578116202306,1.0,6.123233995736766e-17,51.243999,-0.571478,36
2019-03-02 12:00:00,17.232166666666668,48.54933333333331,100.87966666666664,1.3833333333333333,0.23082546911855778,20.790680970506706,31.751798586220602,3,1.2246467991473532e-16,-1.0,0.39435585511331855,0.9189578116202306,1.0,6.123233995736766e-17,51.243999,-0.571478,36
2019-03-02 13:00:00,18.260166666666667,48.53616666666666,100.85533333333335,1.6833333333333333,0.23937059904858532,24.870239946832502,25.821691862944483,3,-0.2588190451025208,-0.9659258262890683,0.39435585511331855,0.9189578116202306,1.0,6.123233995736766e-17,51.243999,-0.571478,36
2019-03-02 14:00:00,19.042499999999997,47.90283333333335,100.81000000000002,3.8833333333333333,0.24940810217823864,21.803556909427133,28.999265030610896,3,-0.4999999999999997,-0.8660254037844388,0.39435585511331855,0.9189578116202306,1.0,6.123233995736766e-17,51.243999,-0.571478,36
2019-03-02 15:00:00,19.874499999999994,47.5308333333333,100.7646666666667,9.05,0.2588543980962922,21.747074106275548,26.734711732487213,3,-0.7071067811865471,-0.7071067811865479,0.39435585511331855,0.9189578116202306,1.0,6.123233995736766e-17,51.243999,-0.571478,36
2019-03-02 16:00:00,18.719666666666672,47.04033333333335,100.77550000000006,4.816666666666666,0.24177520798467894,18.84673102164326,21.98075414986686,3,-0.8660254037844385,-0.5000000000000004,0.39435585511331855,0.9189578116202306,1.0,6.123233995736766e-17,51.243999,-0.571478,36
2019-03-02 17:00:00,17.328166666666668,47.62216666666666,100.71333333333327,6.416666666666667,0.2522636200315381,13.532541551689299,25.224912746492155,3,-0.9659258262890683,-0.25881904510252063,0.39435585511331855,0.9189578116202306,1.0,6.123233995736766e-17,51.243999,-0.571478,36
2019-03-02 18:00:00,16.63466666666667,48.007333333333335,100.63666666666663,8.583333333333334,0.27439091225550266,11.222910008238358,30.447619231034512,3,-1.0,-1.8369701987210297e-16,0.39435585511331855,0.9189578116202306,1.0,6.123233995736766e-17,51.243999,-0.571478,36
2019-03-02 19:00:00,15.898499999999997,48.41533333333333,100.60800000000005,8.55,0.2502124398777129,10.038672506750412,27.227202060369486,3,-0.9659258262890684,0.2588190451025203,0.39435585511331855,0.9189578116202306,1.0,6.123233995736766e-17,51.243999,-0.571478,36
2019-03-02 20:00:00,15.625833333333333,49.15133333333335,100.55233333333337,9.166666666666666,0.2274872881169809,11.146557479593309,23.675271449674415,3,-0.8660254037844386,0.5000000000000001,0.39435585511331855,0.9189578116202306,1.0,6.123233995736766e-17,51.243999,-0.571478,36
2019-03-02 21:00:00,15.502666666666672,49.36216666666666,100.45883333333329,11.533333333333333,0.2160818271465029,12.138586294911311,22.474893451951704,3,-0.7071067811865477,0.7071067811865474,0.39435585511331855,0.9189578116202306,1.0,6.123233995736766e-17,51.243999,-0.571478,36
2019-03-02 22:00:00,15.540666666666658,49.83316666666666,100.36133333333335,8.133333333333333,0.20986005815664519,12.156441915130728,22.005657350811244,3,-0.5000000000000004,0.8660254037844384,0.39435585511331855,0.9189578116202306,1.0,6.123233995736766e-17,51.243999,-0.571478,36
2019-03-02 23:00:00,15.566833333333342,50.2335,100.30400000000002,4.233333333333333,0.20415324199138182,14.252833300441733,21.08581123797443,3,-0.25881904510252157,0.9659258262890681,0.39435585511331855,0.9189578116202306,1.0,6.123233995736766e-17,51.243999,-0.571478,36
2019-03-03 00:00:00,15.616666666666664,50.52566666666667,100.28433333333341,4.65,0.18707855660389783,15.052588392622756,20.796488946554415,3,0.0,1.0,0.5712682150947923,0.8207634412072763,1.0,6.123233995736766e-17,51.243999,-0.571478,36
2019-03-03 01:00:00,15.700666666666683,50.72216666666667,100.27483333333335,4.15,0.18153966072361968,15.384143968932307,20.411437808372924,3,0.25881904510252074,0.9659258262890683,0.5712682150947923,0.8207634412072763,1.0,6.123233995736766e-17,51.243999,-0.571478,36
2019-03-03 02:00:00,15.725166666666677,50.87683333333333,100.27900000000004,4.533333333333333,0.1806587019735483,15.165524399421285,22.60240948890282,3,0.49999999999999994,0.8660254037844387,0.5712682150947923,0.8207634412072763,1.0,6.123233995736766e-17,51.243999,-0.571478,36
2019-03-03 03:00:00,15.210499999999998,50.5475,100.24833333333335,0.05,0.17947368598486346,14.815600982085646,23.720939797589462,3,0.7071067811865476,0.7071067811865476,0.5712682150947923,0.8207634412072763,1.0,6.123233995736766e-17,51.243999,-0.571478,36
2019-03-03 04:00:00,14.721166666666667,50.7355,100.1999999999999,0.15,0.1734634935276573,14.578568976224505,20.412090359983576,3,0.8660254037844386,0.5000000000000001,0.5712682150947923,0.8207634412072763,1.0,6.123233995736766e-17,51.243999,-0.571478,36
2019-03-03 05:00:00,14.440999999999999,50.99483333333337,100.14800000000001,0.0,0.16732541695766948,14.87538588989474,19.103012323653353,3,0.9659258262890683,0.25881904510252074,0.5712682150947923,0.8207634412072763,1.0,6.123233995736766e-17,51.243999,-0.571478,36
2019-03-03 06:00:00,14.422999999999998,51.11516666666667,100.07866666666672,0.03333333333333333,0.1707047108419975,14.40638938016222,23.812405966459213,3,1.0,6.123233995736766e-17,0.5712682150947923,0.8207634412072763,1.0,6.123233995736766e-17,51.243999,-0.571478,36
2019-03-03 07:00:00,14.667500000000002,51.27216666666666,99.98883333333333,0.7333333333333333,0.16187296056417214,14.040542659481824,23.818035820608884,3,0.9659258262890683,-0.25881904510252063,0.5712682150947923,0.8207634412072763,1.0,6.123233995736766e-17,51.243999,-0.571478,36
2019-03-03 08:00:00,15.000166666666665,51.576333333333295,99.97033333333333,2.3,0.1705277985689248,13.261068876726576,25.461943466286918,3,0.8660254037844387,-0.4999999999999998,0.5712682150947923,0.8207634412072763,1.0,6.123233995736766e-17,51.243999,-0.571478,36
2019-03-03 09:00:00,15.32683333333333,51.787666666666645,99.95466666666663,0.65,0.17949229270713907,12.70305370864637,27.9794477548265,3,0.7071067811865476,-0.7071067811865475,0.5712682150947923,0.8207634412072763,1.0,6.123233995736766e-17,51.243999,-0.571478,36
2019-03-03 10:00:00,15.547166666666671,51.915500000000016,99.9006666666667,1.4,0.18365364511268942,12.365677999233315,31.923246778861927,3,0.49999999999999994,-0.8660254037844387,0.5712682150947923,0.8207634412072763,1.0,6.123233995736766e-17,51.243999,-0.571478,36
2019-03-03 11:00:00,15.625499999999997,52.04749999999998,99.87599999999995,1.25,0.18482985535511126,12.26698002487953,31.599965929088146,3,0.258819045102521,-0.9659258262890682,0.5712682150947923,0.8207634412072763,1.0,6.123233995736766e-17,51.243999,-0.571478,36
2019-03-03 12:00:00,15.646333333333333,52.27583333333335,99.83283333333335,4.933333333333334,0.20402509597603455,11.90970489039346,31.257711055866494,3,1.2246467991473532e-16,-1.0,0.5712682150947923,0.8207634412072763,1.0,6.123233995736766e-17,51.243999,-0.571478,36
2019-03-03 13:00:00,15.562499999999993,52.35066666666664,99.75449999999995,6.933333333333334,0.1943115605000417,12.388408804041807,36.008000752513986,3,-0.2588190451025208,-0.9659258262890683,0.5712682150947923,0.8207634412072763,1.0,6.123233995736766e-17,51.243999,-0.571478,36
2019-03-03 14:00:00,15.774499999999996,52.350666666666626,99.59083333333339,9.316666666666666,0.18462015288081846,15.42756339953157,31.502542488929187,3,-0.4999999999999997,-0.8660254037844388,0.5712682150947923,0.8207634412072763,1.0,6.123233995736766e-17,51.243999,-0.571478,36
2019-03-03 15:00:00,15.758833333333325,52.14650000000004,99.40033333333335,7.933333333333334,0.18022907700484486,14.918810214369378,30.687296820057636,3,-0.7071067811865471,-0.7071067811865479,0.5712682150947923,0.8207634412072763,1.0,6.123233995736766e-17,51.243999,-0.571478,36
2019-03-03 16:00:00,15.320333333333341,52.07666666666666,99.21633333333331,3.4833333333333334,0.17643196704749606,10.17863549743253,31.840209163117684,3,-0.8660254037844385,-0.5000000000000004,0.5712682150947923,0.8207634412072763,1.0,6.123233995736766e-17,51.243999,-0.571478,36
2019-03-03 17:00:00,15.084500000000002,52.66533333333332,99.07566666666669,3.966666666666667,0.17758109656462892,7.1443627918552,35.87642895417753,3,-0.9659258262890683,-0.25881904510252063,0.5712682150947923,0.8207634412072763,1.0,6.123233995736766e-17,51.243999,-0.571478,36
2019-03-03 18:00:00,15.127833333333337,53.10283333333333,99.0016666666666,4.85,0.18038955925696543,5.827951747444151,40.07479514988516,3,-1.0,-1.8369701987210297e-16,0.5712682150947923,0.8207634412072763,1.0,6.123233995736766e-17,51.243999,-0.571478,36
2019-03-03 19:00:00,14.34983333333334,52.91683333333333,98.99799999999999,5.033333333333333,0.16621835481263816,9.595393639319203,29.932558539412586,3,-0.9659258262890684,0.2588190451025203,0.5712682150947923,0.8207634412072763,1.0,6.123233995736766e-17,51.243999,-0.571478,36
2019-03-03 20:00:00,13.827833333333336,53.68833333333331,98.9778333333333,3.933333333333333,0.173583805746263,10.159013651141455,27.432333471062325,3,-0.8660254037844386,0.5000000000000001,0.5712682150947923,0.8207634412072763,1.0,6.123233995736766e-17,51.243999,-0.571478,36
2019-03-03 21:00:00,13.654166666666663,54.110499999999995,98.92949999999998,3.1666666666666665,0.1626355509946806,9.158979306602776,27.61881759785155,3,-0.7071067811865477,0.7071067811865474,0.5712682150947923,0.8207634412072763,1.0,6.123233995736766e-17,51.243999,-0.571478,36
2019-03-03 22:00:00,13.392000000000007,54.179666666666684,98.81800000000004,2.8,0.16138846409793503,7.2323213476564225,28.84250643863208,3,-0.5000000000000004,0.8660254037844384,0.5712682150947923,0.8207634412072763,1.0,6.123233995736766e-17,51.243999,-0.571478,36
2019-03-03 23:00:00,13.13633333333333,54.36783333333333,98.73383333333337,3.033333333333333,0.16388614156574907,5.545367929038169,31.095514223854586,3,-0.25881904510252157,0.9659258262890681,0.5712682150947923,0.8207634412072763,1.0,6.123233995736766e-17,51.243999,-0.571478,36
2019-03-04 00:00:00,12.91066666666666,53.95983333333335,98.66833333333331,3.5,0.15208413683063857,3.9358739268073943,35.063616866242675,3,0.0,1.0,0.72479278722912,0.6889669190756866,1.0,6.123233995736766e-17,51.243999,-0.571478,36
2019-03-04 01:00:00,12.976500000000012,53.305666666666674,98.53616666666667,2.433333333333333,0.15238736762115596,3.5970643939393927,34.794460704959846,3,0.25881904510252074,0.9659258262890683,0.72479278722912,0.6889669190756866,1.0,6.123233995736766e-17,51.243999,-0.571478,36
2019-03-04 02:00:00,12.33133333333333,52.71149999999999,98.4963333333333,0.45,0.1425371597462894,1.362878787878788,33.52796006528835,3,0.49999999999999994,0.8660254037844387,0.72479278722912,0.6889669190756866,1.0,6.123233995736766e-17,51.243999,-0.571478,36
2019-03-04 03:00:00,10.971833333333336,52.94866666666666,98.45483333333327,0.0,0.13695557374780926,1.8619318181818183,31.130565627716457,3,0.7071067811865476,0.7071067811865476,0.72479278722912,0.6889669190756866,1.0,6.123233995736766e-17,51.243999,-0.571478,36
2019-03-04 04:00:00,10.10316666666667,54.15533333333334,98.47049999999994,0.05,0.1389210593821515,3.173484848484848,31.664474683084936,3,0.8660254037844386,0.5000000000000001,0.72479278722912,0.6889669190756866,1.0,6.123233995736766e-17,51.243999,-0.571478,36
2019-03-04 05:00:00,9.667166666666672,55.56883333333334,98.56016666666666,0.05,0.14873930350389386,3.523923793996561,35.62817812925159,3,0.9659258262890683,0.25881904510252074,0.72479278722912,0.6889669190756866,1.0,6.123233995736766e-17,51.243999,-0.571478,36
2019-03-04 06:00:00,8.965833333333334,56.344833333333305,98.66783333333333,0.15,0.1502147461576642,2.489928708760664,37.85440006674529,3,1.0,6.123233995736766e-17,0.72479278722912,0.6889669190756866,1.0,6.123233995736766e-17,51.243999,-0.571478,36
2019-03-04 07:00:00,8.295833333333336,57.23833333333335,98.8086666666667,0.9833333333333333,0.18568334343607373,1.234943795536053,45.670032607027586,3,0.9659258262890683,-0.25881904510252063,0.72479278722912,0.6889669190756866,1.0,6.123233995736766e-17,51.243999,-0.571478,36
2019-03-04 08:00:00,8.15416666666667,58.25250000000001,98.96300000000001,4.366666666666666,0.25171221618986117,1.7113460762077775,62.6055643805667,3,0.8660254037844387,-0.4999999999999998,0.72479278722912,0.6889669190756866,1.0,6.123233995736766e-17,51.243999,-0.571478,36
2019-03-04 09:00:00,8.676,59.122999999999976,99.1223333333333,2.816666666666667,0.21943659531057144,3.018351726448654,55.74908602460091,3,0.7071067811865476,-0.7071067811865475,0.72479278722912,0.6889669190756866,1.0,6.123233995736766e-17,51.243999,-0.571478,36
2019-03-04 10:00:00,9.675166666666666,59.629166666666684,99.2578333333334,3.0,0.2020977724555369,6.0081487894230765,46.75668124272588,3,0.49999999999999994,-0.8660254037844387,0.72479278722912,0.6889669190756866,1.0,6.123233995736766e-17,51.243999,-0.571478,36
2019-03-04 11:00:00,10.833000000000002,60.182333333333325,99.35183333333333,7.316666666666666,0.18411088043187007,9.275391178973972,42.76024340337455,3,0.258819045102521,-0.9659258262890682,0.72479278722912,0.6889669190756866,1.0,6.123233995736766e-17,51.243999,-0.571478,36
2019-03-04 12:00:00,12.584833333333327,60.42833333333331,99.41316666666674,2.8666666666666667,0.19729907142637518,14.77952850179084,38.275621954013864,3,1.2246467991473532e-16,-1.0,0.72479278722912,0.6889669190756866,1.0,6.123233995736766e-17,51.243999,-0.571478,36
2019-03-04 13:00:00,13.72166666666667,59.747333333333344,99.44783333333326,0.7666666666666667,0.18321938155854534,18.649611706390736,31.830671384399707,3,-0.2588190451025208,-0.9659258262890683,0.72479278722912,0.6889669190756866,1.0,6.123233995736766e-17,51.243999,-0.571478,36
2019-03-04 14:00:00,13.528499999999992,58.26850000000001,99.4971666666668,1.2166666666666666,0.1903622793319891,9.567021252048932,39.653199326140886,3,-0.4999999999999997,-0.8660254037844388,0.72479278722912,0.6889669190756866,1.0,6.123233995736766e-17,51.243999,-0.571478,36
2019-03-04 15:00:00,12.6275,59.02733333333334,99.51783333333337,0.7166666666666667,0.21504341839401556,6.877068650993114,39.88384945316827,3,-0.7071067811865471,-0.7071067811865479,0.72479278722912,0.6889669190756866,1.0,6.123233995736766e-17,51.243999,-0.571478,36
2019-03-04 16:00:00,12.529666666666664,59.74383333333332,99.56666666666663,2.066666666666667,0.2123032016902324,12.386347993454448,33.768113824524825,3,-0.8660254037844385,-0.5000000000000004,0.72479278722912,0.6889669190756866,1.0,6.123233995736766e-17,51.243999,-0.571478,36
2019-03-04 17:00:00,13.26216666666667,59.84950000000002,99.60399999999997,1.5,0.21283358930602958,13.946165205117811,34.72305531424666,3,-0.9659258262890683,-0.25881904510252063,0.72479278722912,0.6889669190756866,1.0,6.123233995736766e-17,51.243999,-0.571478,36
2019-03-04 18:00:00,12.158166666666666,60.40966666666667,99.68599999999999,0.8833333333333333,0.23706799825178665,13.56481316976808,35.52836702084781,3,-1.0,-1.8369701987210297e-16,0.72479278722912,0.6889669190756866,1.0,6.123233995736766e-17,51.243999,-0.571478,36
2019-03-04 19:00:00,11.276833333333338,61.91100000000001,99.74500000000006,1.6333333333333333,0.21854361232270791,13.169338892796725,31.06346270527509,3,-0.9659258262890684,0.2588190451025203,0.72479278722912,0.6889669190756866,1.0,6.123233995736766e-17,51.243999,-0.571478,36
2019-03-04 20:00:00,10.475833333333343,62.59816666666667,99.806,0.43333333333333335,0.20858840479924096,11.13833628696197,26.90752294044608,3,-0.8660254037844386,0.5000000000000001,0.72479278722912,0.6889669190756866,1.0,6.123233995736766e-17,51.243999,-0.571478,36
2019-03-04 21:00:00,9.499833333333333,62.99600000000001,99.88433333333343,1.05,0.20411179736538093,8.588386370154476,24.835546202156255,3,-0.7071067811865477,0.7071067811865474,0.72479278722912,0.6889669190756866,1.0,6.123233995736766e-17,51.243999,-0.571478,36
2019-03-04 22:00:00,8.248500000000002,63.85483333333332,99.90466666666671,2.316666666666667,0.23434274491458798,6.511126166141554,27.989452922599956,3,-0.5000000000000004,0.8660254037844384,0.72479278722912,0.6889669190756866,1.0,6.123233995736766e-17,51.243999,-0.571478,36
2019-03-04 23:00:00,7.626166666666667,64.948,99.93166666666671,1.3166666666666667,0.21867545407425945,7.212610132373227,27.529696443932036,3,-0.25881904510252157,0.9659258262890681,0.72479278722912,0.6889669190756866,1.0,6.123233995736766e-17,51.243999,-0.571478,36
2019-03-05 00:00:00,7.7588333333333335,66.03749999999997,99.9096666666666,0.03333333333333333,0.1754601281071417,13.14868794132328,16.170072711395086,3,0.0,1.0,0.8486442574947509,0.5289640103269624,1.0,6.123233995736766e-17,51.243999,-0.571478,36
2019-03-05 01:00:00,7.963499999999995,66.34099999999997,99.87916666666658,0.05,0.1564354791773733,13.062338616583547,19.198974348245414,3,0.25881904510252074,0.9659258262890683,0.8486442574947509,0.5289640103269624,1.0,6.123233995736766e-17,51.243999,-0.571478,36
2019-03-05 02:00:00,7.9688333333333325,66.72349999999999,99.8736666666667,0.6166666666666667,0.15047518206895344,12.22631031115385,16.515638637145774,3,0.49999999999999994,0.8660254037844387,0.8486442574947509,0.5289640103269624,1.0,6.123233995736766e-17,51.243999,-0.571478,36
2019-03-05 03:00:00,7.869333333333329,67.05533333333334,99.88250000000004,0.0,0.14522932023930313,13.116114261728928,16.01156857025741,3,0.7071067811865476,0.7071067811865476,0.8486442574947509,0.5289640103269624,1.0,6.123233995736766e-17,51.243999,-0.571478,36
2019-03-05 04:00:00,7.7016666666666636,67.222,99.86883333333326,0.0,0.14765675543900786,13.778926047265525,16.28643496882281,3,0.8660254037844386,0.5000000000000001,0.8486442574947509,0.5289640103269624,1.0,6.123233995736766e-17,51.243999,-0.571478,36
2019-03-05 05:00:00,7.350666666666669,67.49033333333334,99.87733333333328,0.0,0.14742140397345177,12.21376695960014,21.010689210994393,3,0.9659258262890683,0.25881904510252074,0.8486442574947509,0.5289640103269624,1.0,6.123233995736766e-17,51.243999,-0.571478,36
2019-03-05 06:00:00,7.319833333333336,68.19783333333334,99.93466666666663,0.3333333333333333,0.18556400316698957,10.506363674916871,28.873446262239522,3,1.0,6.123233995736766e-17,0.8486442574947509,0.5289640103269624,1.0,6.123233995736766e-17,51.243999,-0.571478,36
2019-03-05 07:00:00,7.041666666666673,68.14649999999997,99.98300000000002,1.4166666666666667,0.21912018209091585,5.639121729833818,55.497071902036275,3,0.9659258262890683,-0.25881904510252063,0.8486442574947509,0.5289640103269624,1.0,6.123233995736766e-17,51.243999,-0.571478,36
2019-03-05 08:00:00,7.232500000000004,69.03899999999999,100.03266666666674,2.066666666666667,0.3075324237572532,3.523830016213626,71.41012483218022,3,0.8660254037844387,-0.4999999999999998,0.8486442574947509,0.5289640103269624,1.0,6.123233995736766e-17,51.243999,-0.571478,36
2019-03-05 09:00:00,8.553333333333333,70.24516666666668,100.06466666666658,1.0833333333333333,0.2970211621665546,8.356597176926735,52.781642171300064,3,0.7071067811865476,-0.7071067811865475,0.8486442574947509,0.5289640103269624,1.0,6.123233995736766e-17,51.243999,-0.571478,36
2019-03-05 10:00:00,10.411166666666663,70.6876666666667,100.09283333333336,0.9833333333333333,0.2259207266505901,14.577831214651626,37.038356334398756,3,0.49999999999999994,-0.8660254037844387,0.8486442574947509,0.5289640103269624,1.0,6.123233995736766e-17,51.243999,-0.571478,36
2019-03-05 11:00:00,12.314833333333334,70.64283333333336,100.13733333333322,1.15,0.21818930471183026,19.534079399874724,34.14330754013322,3,0.258819045102521,-0.9659258262890682,0.8486442574947509,0.5289640103269624,1.0,6.123233995736766e-17,51.243999,-0.571478,36
2019-03-05 12:00:00,13.978166666666672,70.3658333333333,100.17133333333337,0.8,0.21661220312218615,22.285747396668842,26.689346742283682,3,1.2246467991473532e-16,-1.0,0.8486442574947509,0.5289640103269624,1.0,6.123233995736766e-17,51.243999,-0.571478,36
2019-03-05 13:00:00,15.495333333333337,70.02416666666666,100.18083333333338,1.25,0.21737949615876237,24.741808663426287,25.183991921594544,3,-0.2588190451025208,-0.9659258262890683,0.8486442574947509,0.5289640103269624,1.0,6.123233995736766e-17,51.243999,-0.571478,36
2019-03-05 14:00:00,16.96733333333333,69.59799999999998,100.17150000000007,1.4333333333333333,0.24322637518064144,23.062906918777003,24.19596169384572,3,-0.4999999999999997,-0.8660254037844388,0.8486442574947509,0.5289640103269624,1.0,6.123233995736766e-17,51.243999,-0.571478,36
2019-03-05 15:00:00,17.28083333333333,67.4073333333333,100.15250000000009,0.7333333333333333,0.24905778712647325,22.19866469421918,23.070096882218273,3,-0.7071067811865471,-0.7071067811865479,0.8486442574947509,0.5289640103269624,1.0,6.123233995736766e-17,51.243999,-0.571478,36
2019-03-05 16:00:00,16.8595,65.21866666666666,100.13316666666665,1.4166666666666667,0.24612064879360096,17.147889913834184,33.23975629351384,3,-0.8660254037844385,-0.5000000000000004,0.8486442574947509,0.5289640103269624,1.0,6.123233995736766e-17,51.243999,-0.571478,36
2019-03-05 17:00:00,15.909333333333329,64.17933333333333,100.10333333333332,4.05,0.28813706629594,8.66383464898838,41.95015502641613,3,-0.9659258262890683,-0.25881904510252063,0.8486442574947509,0.5289640103269624,1.0,6.123233995736766e-17,51.243999,-0.571478,36
2019-03-05 18:00:00,14.864166666666664,63.52633333333331,100.06450000000008,4.216666666666667,0.3088929435652131,5.994839181938141,41.143636508818645,3,-1.0,-1.8369701987210297e-16,0.8486442574947509,0.5289640103269624,1.0,6.123233995736766e-17,51.243999,-0.571478,36
2019-03-05 19:00:00,14.140333333333329,63.480500000000006,100.03266666666674,6.683333333333334,0.2839387972687461,5.170604809799978,43.02942823837345,3,-0.9659258262890684,0.2588190451025203,0.8486442574947509,0.5289640103269624,1.0,6.123233995736766e-17,51.243999,-0.571478,36
2019-03-05 20:00:00,14.047833333333335,63.37566666666669,99.98566666666662,11.416666666666666,0.25297017495311,7.665387999339257,35.066130711120046,3,-0.8660254037844386,0.5000000000000001,0.8486442574947509,0.5289640103269624,1.0,6.123233995736766e-17,51.243999,-0.571478,36
2019-03-05 21:00:00,13.948166666666664,62.923000000000016,99.92133333333332,13.566666666666666,0.2362157323827972,10.943490178703774,26.62736788474302,3,-0.7071067811865477,0.7071067811865474,0.8486442574947509,0.5289640103269624,1.0,6.123233995736766e-17,51.243999,-0.571478,36
2019-03-05 22:00:00,13.740000000000009,62.58916666666667,99.82549999999999,7.65,0.20909245665704707,11.560807485872605,24.462124557688472,3,-0.5000000000000004,0.8660254037844384,0.8486442574947509,0.5289640103269624,1.0,6.123233995736766e-17,51.243999,-0.571478,36
2019-03-05 23:00:00,13.61700000000001,62.42050000000002,99.71233333333333,5.333333333333333,0.19624054855684545,14.606091119654991,20.362333968508512,3,-0.25881904510252157,0.9659258262890681,0.8486442574947509,0.5289640103269624,1.0,6.123233995736766e-17,51.243999,-0.571478,36
2019-03-06 00:00:00,13.569333333333322,62.12483333333336,99.60316666666677,5.45,0.18273019412635455,17.245689416425115,15.948872493688466,3,0.0,1.0,0.9377521321470804,0.3473052528448203,1.0,6.123233995736766e-17,51.243999,-0.571478,36
2019-03-06 01:00:00,13.39333333333334,61.76066666666663,99.50666666666669,5.083333333333333,0.1754843977448926,15.357931943539702,17.885051742829848,3,0.25881904510252074,0.9659258262890683,0.9377521321470804,0.3473052528448203,1.0,6.123233995736766e-17,51.243999,-0.571478,36
2019-03-06 02:00:00,13.105666666666668,61.61566666666668,99.3836666666667,5.783333333333333,0.17203746897799788,14.277587750597004,17.84765730481063,3,0.49999999999999994,0.8660254037844387,0.9377521321470804,0.3473052528448203,1.0,6.123233995736766e-17,51.243999,-0.571478,36
2019-03-06 03:00:00,12.882333333333332,61.46633333333333,99.2621666666667,6.016666666666667,0.16871569471714506,13.148810769430607,19.535360504012292,3,0.7071067811865476,0.7071067811865476,0.9377521321470804,0.3473052528448203,1.0,6.123233995736766e-17,51.243999,-0.571478,36
2019-03-06 04:00:00,12.80866666666667,61.41466666666669,99.10266666666672,6.65,0.16753768025704874,13.476087233508135,21.223215716458267,3,0.8660254037844386,0.5000000000000001,0.9377521321470804,0.3473052528448203,1.0,6.123233995736766e-17,51.243999,-0.571478,36
2019-03-06 05:00:00,12.726999999999999,61.55399999999998,98.989,7.833333333333333,0.16780107275730138,13.106987718930931,21.545066287667638,3,0.9659258262890683,0.25881904510252074,0.9377521321470804,0.3473052528448203,1.0,6.123233995736766e-17,51.243999,-0.571478,36
2019-03-06 06:00:00,12.89850000000001,61.66983333333333,98.91816666666668,8.85,0.16795280164367193,12.982217309112341,21.862980742366585,3,1.0,6.123233995736766e-17,0.9377521321470804,0.3473052528448203,1.0,6.123233995736766e-17,51.243999,-0.571478,36
2019-03-06 07:00:00,13.014833333333335,62.02583333333336,98.83333333333339,8.45,0.18485440435559886,12.304187027678763,28.66449318032364,3,0.9659258262890683,-0.25881904510252063,0.9377521321470804,0.3473052528448203,1.0,6.123233995736766e-17,51.243999,-0.571478,36
2019-03-06 08:00:00,13.448000000000002,62.61016666666665,98.80300000000011,7.033333333333333,0.2043242469065847,11.503193779099036,34.32834527839059,3,0.8660254037844387,-0.4999999999999998,0.9377521321470804,0.3473052528448203,1.0,6.123233995736766e-17,51.243999,-0.571478,36
2019-03-06 09:00:00,13.931166666666662,62.970000000000006,98.78633333333337,7.516666666666667,0.21033441608356288,11.230104490737249,39.68828684406047,3,0.7071067811865476,-0.7071067811865475,0.9377521321470804,0.3473052528448203,1.0,6.123233995736766e-17,51.243999,-0.571478,36
2019-03-06 10:00:00,14.683833333333329,63.49949999999998,98.75383333333326,8.15,0.1994982963704806,14.6580509094186,34.706967430684564,3,0.49999999999999994,-0.8660254037844387,0.9377521321470804,0.3473052528448203,1.0,6.123233995736766e-17,51.243999,-0.571478,36
2019-03-06 11:00:00,15.640999999999996,64.00083333333333,98.70349999999999,11.266666666666667,0.21671311127070506,17.498263182175783,30.22791729979171,3,0.258819045102521,-0.9659258262890682,0.9377521321470804,0.3473052528448203,1.0,6.123233995736766e-17,51.243999,-0.571478,36
2019-03-06 12:00:00,16.29933333333334,63.97449999999997,98.65433333333338,11.3,0.19301630681144336,17.887914148134175,27.822747063899914,3,1.2246467991473532e-16,-1.0,0.9377521321470804,0.3473052528448203,1.0,6.123233995736766e-17,51.243999,-0.571478,36
2019-03-06 13:00:00,16.45633333333334,63.96883333333331,98.57200000000003,9.6,0.20003687280649735,18.59255781639687,25.895221794719554,3,-0.2588190451025208,-0.9659258262890683,0.9377521321470804,0.3473052528448203,1.0,6.123233995736766e-17,51.243999,-0.571478,36
2019-03-06 14:00:00,16.33783333333334,63.93833333333331,98.5053333333333,10.1,0.19593269664105836,17.450075075961813,25.101616578523927,3,-0.4999999999999997,-0.8660254037844388,0.9377521321470804,0.3473052528448203,1.0,6.123233995736766e-17,51.243999,-0.571478,36
2019-03-06 15:00:00,16.216333333333335,63.88199999999999,98.45483333333324,9.716666666666667,0.21049004440813313,14.11162132164509,30.52308138423473,3,-0.7071067811865471,-0.7071067811865479,0.9377521321470804,0.3473052528448203,1.0,6.123233995736766e-17,51.243999,-0.571478,36
2019-03-06 16:00:00,15.71400000000001,63.99033333333332,98.43400000000005,9.8,0.22194792081208464,12.204185138445636,36.73083510480155,3,-0.8660254037844385,-0.5000000000000004,0.9377521321470804,0.3473052528448203,1.0,6.123233995736766e-17,51.243999,-0.571478,36
2019-03-06 17:00:00,15.640666666666664,64.12566666666666,98.40183333333336,10.55,0.2381375675895301,11.573082464348067,37.564455301996695,3,-0.9659258262890683,-0.25881904510252063,0.9377521321470804,0.3473052528448203,1.0,6.123233995736766e-17,51.243999,-0.571478,36
2019-03-06 18:00:00,15.139333333333331,64.00283333333334,98.38933333333327,7.8,0.2672831792665411,8.133797637165475,43.44277424805578,3,-1.0,-1.8369701987210297e-16,0.9377521321470804,0.3473052528448203,1.0,6.123233995736766e-17,51.243999,-0.571478,36
2019-03-06 19:00:00,14.589166666666664,64.11466666666666,98.39316666666667,6.65,0.25694118821405504,10.636878543820442,36.987036526723394,3,-0.9659258262890684,0.2588190451025203,0.9377521321470804,0.3473052528448203,1.0,6.123233995736766e-17,51.243999,-0.571478,36
2019-03-06 20:00:00,14.001666666666667,64.315,98.3816666666666,5.166666666666667,0.21445261276634991,12.036194818385185,28.09022067485053,3,-0.8660254037844386,0.5000000000000001,0.9377521321470804,0.3473052528448203,1.0,6.123233995736766e-17,51.243999,-0.571478,36
2019-03-06 21:00:00,13.728833333333345,64.72833333333338,98.35699999999999,3.816666666666667,0.195565701305889,12.662882223715602,25.942479018219206,3,-0.7071067811865477,0.7071067811865474,0.9377521321470804,0.3473052528448203,1.0,6.123233995736766e-17,51.243999,-0.571478,36
2019-03-06 22:00:00,13.288000000000002,64.45250000000001,98.35533333333338,1.1666666666666667,0.1941013284005605,16.022258046812098,20.877629592217083,3,-0.5000000000000004,0.8660254037844384,0.9377521321470804,0.3473052528448203,1.0,6.123233995736766e-17,51.243999,-0.571478,36
2019-03-06 23:00:00,12.702666666666675,64.56633333333333,98.3643333333333,0.4166666666666667,0.19801689979838435,16.058340983738173,22.302238247837998,3,-0.25881904510252157,0.9659258262890681,0.9377521321470804,0.3473052528448203,1.0,6.123233995736766e-17,51.243999,-0.571478,36
2019-03-07 00:00:00,12.500500000000011,64.463,98.41816666666669,0.85,0.16335680156021448,18.144301254751863,20.96729876457495,3,0.0,1.0,0.9884683243281114,0.1514277775045767,1.0,6.123233995736766e-17,51.243999,-0.571478,36
2019-03-07 01:00:00,12.107333333333335,64.15366666666668,98.46483333333327,1.4166666666666667,0.16162591660407358,16.355180565888098,24.69261016546263,3,0.25881904510252074,0.9659258262890683,0.9884683243281114,0.1514277775045767,1.0,6.123233995736766e-17,51.243999,-0.571478,36
2019-03-07 02:00:00,11.565999999999995,63.78383333333334,98.51200000000003,1.6666666666666667,0.15234489866512052,14.933068212581727,28.848924210246928,3,0.49999999999999994,0.8660254037844387,0.9884683243281114,0.1514277775045767,1.0,6.123233995736766e-17,51.243999,-0.571478,36
2019-03-07 03:00:00,10.729333333333328,63.637333333333345,98.53883333333337,1.9333333333333333,0.15160456413263582,13.582737772096186,24.173396087711158,3,0.7071067811865476,0.7071067811865476,0.9884683243281114,0.1514277775045767,1.0,6.123233995736766e-17,51.243999,-0.571478,36
2019-03-07 04:00:00,10.163333333333336,63.762666666666696,98.57900000000008,1.4,0.14854297552062054,12.58638343494319,21.90431180574517,3,0.8660254037844386,0.5000000000000001,0.9884683243281114,0.1514277775045767,1.0,6.123233995736766e-17,51.243999,-0.571478,36
2019-03-07 05:00:00,9.773166666666672,63.978666666666676,98.64,0.7666666666666667,0.14229973052037895,13.08861013650479,21.515024313775267,3,0.9659258262890683,0.25881904510252074,0.9884683243281114,0.1514277775045767,1.0,6.123233995736766e-17,51.243999,-0.571478,36
2019-03-07 06:00:00,9.556166666666668,63.98500000000002,98.70249999999997,0.5166666666666667,0.14261223266172066,11.132942794457042,24.62403549547139,3,1.0,6.123233995736766e-17,0.9884683243281114,0.1514277775045767,1.0,6.123233995736766e-17,51.243999,-0.571478,36
2019-03-07 07:00:00,9.477833333333336,64.16716666666666,98.77366666666673,0.7,0.1668746186215469,12.065876860928444,33.80600226904839,3,0.9659258262890683,-0.25881904510252063,0.9884683243281114,0.1514277775045767,1.0,6.123233995736766e-17,51.243999,-0.571478,36
2019-03-07 08:00:00,10.034500000000001,64.49183333333332,98.85233333333333,1.3833333333333333,0.21029127200091363,10.515510728974887,38.665201576118925,3,0.8660254037844387,-0.4999999999999998,0.9884683243281114,0.1514277775045767,1.0,6.123233995736766e-17,51.243999,-0.571478,36
2019-03-07 09:00:00,11.111999999999998,64.47866666666668,98.91766666666659,0.6166666666666667,0.19723154130483478,11.997145395913233,36.73577038826124,3,0.7071067811865476,-0.7071067811865475,0.9884683243281114,0.1514277775045767,1.0,6.123233995736766e-17,51.243999,-0.571478,36
2019-03-07 10:00:00,12.68,64.31533333333334,98.95049999999996,0.55,0.17262503283390648,16.847212031299275,28.75839746996978,3,0.49999999999999994,-0.8660254037844387,0.9884683243281114,0.1514277775045767,1.0,6.123233995736766e-17,51.243999,-0.571478,36
2019-03-07 11:00:00,13.195,63.08166666666666,98.97766666666661,0.2833333333333333,0.1798067794879228,17.396933122893515,27.679025202171875,3,0.258819045102521,-0.9659258262890682,0.9884683243281114,0.1514277775045767,1.0,6.123233995736766e-17,51.243999,-0.571478,36
2019-03-07 12:00:00,13.9695,63.18466666666666,99.01683333333338,0.25,0.16739108466096522,21.3908893688352,23.24906924406435,3,1.2246467991473532e-16,-1.0,0.9884683243281114,0.1514277775045767,1.0,6.123233995736766e-17,51.243999,-0.571478,36
2019-03-07 13:00:00,14.344833333333336,62.23100000000001,99.05866666666672,0.23333333333333334,0.1743028272299603,21.468039709290792,27.6167039602892,3,-0.2588190451025208,-0.9659258262890683,0.9884683243281114,0.1514277775045767,1.0,6.123233995736766e-17,51.243999,-0.571478,36
2019-03-07 14:00:00,15.021999999999998,62.30999999999996,99.07049999999998,1.0166666666666666,0.17311779960116128,21.791843563420343,22.3149497556339,3,-0.4999999999999997,-0.8660254037844388,0.9884683243281114,0.1514277775045767,1.0,6.123233995736766e-17,51.243999,-0.571478,36
2019-03-07 15:00:00,16.17550000000001,61.65816666666665,99.12683333333325,0.11666666666666667,0.17157327869068484,23.17587371214662,23.82966742154591,3,-0.7071067811865471,-0.7071067811865479,0.9884683243281114,0.1514277775045767,1.0,6.123233995736766e-17,51.243999,-0.571478,36
2019-03-07 16:00:00,16.603833333333334,60.622499999999974,99.21866666666664,0.21666666666666667,0.17196947325189646,19.54058009522569,23.97026821306212,3,-0.8660254037844385,-0.5000000000000004,0.9884683243281114,0.1514277775045767,1.0,6.123233995736766e-17,51.243999,-0.571478,36
2019-03-07 17:00:00,14.602333333333336,60.20516666666664,99.32133333333336,1.1666666666666667,0.19593659025920115,11.423182665620617,30.838388107419025,3,-0.9659258262890683,-0.25881904510252063,0.9884683243281114,0.1514277775045767,1.0,6.123233995736766e-17,51.243999,-0.571478,36
2019-03-07 18:00:00,13.662333333333333,61.50416666666667,99.43266666666662,1.6333333333333333,0.2025301561312653,11.208603102442046,31.209559542533835,3,-1.0,-1.8369701987210297e-16,0.9884683243281114,0.1514277775045767,1.0,6.123233995736766e-17,51.243999,-0.571478,36
2019-03-07 19:00:00,13.097499999999997,61.66950000000002,99.55533333333334,0.8833333333333333,0.19404502516900124,10.064236962074164,29.06054482277799,3,-0.9659258262890684,0.2588190451025203,0.9884683243281114,0.1514277775045767,1.0,6.123233995736766e-17,51.243999,-0.571478,36
2019-03-07 20:00:00,12.515833333333328,61.85783333333334,99.68666666666664,3.35,0.1938106805733085,10.677064215376747,30.861597045596504,3,-0.8660254037844386,0.5000000000000001,0.9884683243281114,0.1514277775045767,1.0,6.123233995736766e-17,51.243999,-0.571478,36
2019-03-07 21:00:00,12.402666666666669,62.374500000000005,99.82600000000001,7.233333333333333,0.2054219503999368,10.992641231643386,28.641980433566864,3,-0.7071067811865477,0.7071067811865474,0.9884683243281114,0.1514277775045767,1.0,6.123233995736766e-17,51.243999,-0.571478,36
2019-03-07 22:00:00,12.42133333333334,62.63966666666668,99.97049999999999,4.483333333333333,0.2005313390304004,11.421953836167143,29.5570775032863,3,-0.5000000000000004,0.8660254037844384,0.9884683243281114,0.1514277775045767,1.0,6.123233995736766e-17,51.243999,-0.571478,36
2019-03-07 23:00:00,12.442666666666659,62.646,100.13983333333327,4.2,0.20479834293093677,12.952686242880509,29.509286819195935,3,-0.25881904510252157,0.9659258262890681,0.9884683243281114,0.1514277775045767,1.0,6.123233995736766e-17,51.243999,-0.571478,36
2019-03-08 00:00:00,12.245666666666667,62.521666666666675,100.24250000000004,1.0,0.20581039846526192,13.154892289979776,27.786305577889685,3,0.0,1.0,0.9987165071710528,-0.05064916883871264,1.0,6.123233995736766e-17,51.243999,-0.571478,36
2019-03-08 01:00:00,11.767333333333335,62.57150000000001,100.37699999999998,0.9,0.17457377998427479,17.478648525616588,18.548556369650083,3,0.25881904510252074,0.9659258262890683,0.9987165071710528,-0.05064916883871264,1.0,6.123233995736766e-17,51.243999,-0.571478,36
2019-03-08 02:00:00,11.007,62.443999999999974,100.49633333333341,0.5333333333333333,0.16247922426326863,16.147788603402276,19.68092807486781,3,0.49999999999999994,0.8660254037844387,0.9987165071710528,-0.05064916883871264,1.0,6.123233995736766e-17,51.243999,-0.571478,36
2019-03-08 03:00:00,10.302000000000001,62.68550000000003,100.59133333333327,1.1,0.16058002907832253,15.338006540018913,20.907861613466615,3,0.7071067811865476,0.7071067811865476,0.9987165071710528,-0.05064916883871264,1.0,6.123233995736766e-17,51.243999,-0.571478,36
2019-03-08 04:00:00,9.740333333333332,62.82599999999996,100.65100000000001,1.5833333333333333,0.16636361761566534,14.642359120037865,23.3085397165964,3,0.8660254037844386,0.5000000000000001,0.9987165071710528,-0.05064916883871264,1.0,6.123233995736766e-17,51.243999,-0.571478,36
2019-03-08 05:00:00,9.220500000000003,63.02550000000003,100.7248333333334,1.75,0.16721684961411928,14.058130170612982,25.26475012706455,3,0.9659258262890683,0.25881904510252074,0.9987165071710528,-0.05064916883871264,1.0,6.123233995736766e-17,51.243999,-0.571478,36
2019-03-08 06:00:00,8.726833333333335,63.005000000000024,100.83749999999999,2.0833333333333335,0.17488779534044033,10.62697269350851,37.36373732759914,3,1.0,6.123233995736766e-17,0.9987165071710528,-0.05064916883871264,1.0,6.123233995736766e-17,51.243999,-0.571478,36
2019-03-08 07:00:00,8.194333333333333,63.09633333333334,100.94783333333332,4.1,0.25986670389306904,6.482001355703712,51.004315067981814,3,0.9659258262890683,-0.25881904510252063,0.9987165071710528,-0.05064916883871264,1.0,6.123233995736766e-17,51.243999,-0.571478,36
2019-03-08 08:00:00,8.17066666666667,63.84466666666666,101.00049999999996,5.55,0.25251964433961016,8.239477499255269,59.434840365867394,3,0.8660254037844387,-0.4999999999999998,0.9987165071710528,-0.05064916883871264,1.0,6.123233995736766e-17,51.243999,-0.571478,36
2019-03-08 09:00:00,9.457333333333333,64.72683333333333,101.04066666666667,7.383333333333334,0.3169128657301865,11.542340828563841,69.03471384693665,3,0.7071067811865476,-0.7071067811865475,0.9987165071710528,-0.05064916883871264,1.0,6.123233995736766e-17,51.243999,-0.571478,36
2019-03-08 10:00:00,11.281666666666668,64.77599999999998,101.06200000000004,5.766666666666667,0.24661452719174567,15.565269616817828,53.1078437221936,3,0.49999999999999994,-0.8660254037844387,0.9987165071710528,-0.05064916883871264,1.0,6.123233995736766e-17,51.243999,-0.571478,36
2019-03-08 11:00:00,13.823999999999996,64.55283333333334,101.06116666666668,3.216666666666667,0.23612928125590232,24.811562030429616,36.63713723450592,3,0.258819045102521,-0.9659258262890682,0.9987165071710528,-0.05064916883871264,1.0,6.123233995736766e-17,51.243999,-0.571478,36
2019-03-08 12:00:00,15.006666666666668,62.90849999999998,101.09700000000001,3.2333333333333334,0.23090722345944187,25.234926553482516,32.18336687157011,3,1.2246467991473532e-16,-1.0,0.9987165071710528,-0.05064916883871264,1.0,6.123233995736766e-17,51.243999,-0.571478,36
2019-03-08 13:00:00,15.4295,62.357166666666664,101.04066666666671,4.15,0.24260234866753627,23.179306705855826,31.712955994451914,3,-0.2588190451025208,-0.9659258262890683,0.9987165071710528,-0.05064916883871264,1.0,6.123233995736766e-17,51.243999,-0.571478,36
2019-03-08 14:00:00,15.912000000000004,62.01566666666665,100.96966666666655,3.3,0.23076638971980268,21.709918194014573,24.330066796391314,3,-0.4999999999999997,-0.8660254037844388,0.9987165071710528,-0.05064916883871264,1.0,6.123233995736766e-17,51.243999,-0.571478,36
2019-03-08 15:00:00,15.345833333333335,61.07183333333332,100.91399999999994,2.216666666666667,0.24269844944896135,14.959015980129179,26.95925496354363,3,-0.7071067811865471,-0.7071067811865479,0.9987165071710528,-0.05064916883871264,1.0,6.123233995736766e-17,51.243999,-0.571478,36
2019-03-08 16:00:00,14.39716666666667,61.84950000000002,100.83649999999994,2.1166666666666667,0.2672699560970039,10.837594977115398,40.465447515674846,3,-0.8660254037844385,-0.5000000000000004,0.9987165071710528,-0.05064916883871264,1.0,6.123233995736766e-17,51.243999,-0.571478,36
2019-03-08 17:00:00,13.78700000000001,62.15583333333334,100.76950000000001,2.216666666666667,0.27199680270226334,19.26449534549831,38.5108744722908,3,-0.9659258262890683,-0.25881904510252063,0.9987165071710528,-0.05064916883871264,1.0,6.123233995736766e-17,51.243999,-0.571478,36
2019-03-08 18:00:00,13.460500000000005,62.3395,100.67949999999999,3.2,0.24678716172291262,12.434819198753448,28.53783604981954,3,-1.0,-1.8369701987210297e-16,0.9987165071710528,-0.05064916883871264,1.0,6.123233995736766e-17,51.243999,-0.571478,36
2019-03-08 19:00:00,13.093333333333328,62.566833333333335,100.6025,3.0166666666666666,0.257187172923777,9.128297282702901,32.4621556692107,3,-0.9659258262890684,0.2588190451025203,0.9987165071710528,-0.05064916883871264,1.0,6.123233995736766e-17,51.243999,-0.571478,36
2019-03-08 20:00:00,12.77950000000001,62.9666666666667,100.56250000000007,1.7833333333333334,0.2161992526168294,10.60109061260157,26.03374357370717,3,-0.8660254037844386,0.5000000000000001,0.9987165071710528,-0.05064916883871264,1.0,6.123233995736766e-17,51.243999,-0.571478,36
2019-03-08 21:00:00,12.758833333333335,63.332833333333305,100.49016666666661,2.85,0.21808139503472254,11.551547395301082,23.748830879258797,3,-0.7071067811865477,0.7071067811865474,0.9987165071710528,-0.05064916883871264,1.0,6.123233995736766e-17,51.243999,-0.571478,36
2019-03-08 22:00:00,13.041833333333331,63.681499999999986,100.4671666666666,1.7833333333333334,0.217749779826145,13.010450920622057,22.070551443632688,3,-0.5000000000000004,0.8660254037844384,0.9987165071710528,-0.05064916883871264,1.0,6.123233995736766e-17,51.243999,-0.571478,36
2019-03-08 23:00:00,13.600166666666668,63.72683333333335,100.51183333333348,2.033333333333333,0.20865109845340216,15.738482980802734,21.258296781511604,3,-0.25881904510252157,0.9659258262890681,0.9987165071710528,-0.05064916883871264,1.0,6.123233995736766e-17,51.243999,-0.571478,36
2019-03-09 00:00:00,13.420166666666669,63.42999999999999,100.58683333333333,1.3833333333333333,0.19373915207259915,17.182809053784244,20.385182480456027,3,0.0,1.0,0.9680771188662043,-0.2506525322587204,1.0,6.123233995736766e-17,51.243999,-0.571478,36
2019-03-09 01:00:00,13.106000000000003,63.57466666666664,100.73516666666663,6.266666666666667,0.17340887811263234,11.660790394470807,25.18245003342881,3,0.25881904510252074,0.9659258262890683,0.9680771188662043,-0.2506525322587204,1.0,6.123233995736766e-17,51.243999,-0.571478,36
2019-03-09 02:00:00,12.600166666666667,63.43666666666666,100.81016666666667,8.183333333333334,0.1677883617527814,11.660296669089119,25.425315559988412,3,0.49999999999999994,0.8660254037844387,0.9680771188662043,-0.2506525322587204,1.0,6.123233995736766e-17,51.243999,-0.571478,36
2019-03-09 03:00:00,12.131166666666656,63.436000000000014,100.82950000000001,8.383333333333333,0.16248530622284882,11.36156727360272,26.31121987945545,3,0.7071067811865476,0.7071067811865476,0.9680771188662043,-0.2506525322587204,1.0,6.123233995736766e-17,51.243999,-0.571478,36
2019-03-09 04:00:00,11.877166666666664,63.448666666666696,100.89949999999995,5.216666666666667,0.15864198501280408,12.31091056325994,26.239038927536544,3,0.8660254037844386,0.5000000000000001,0.9680771188662043,-0.2506525322587204,1.0,6.123233995736766e-17,51.243999,-0.571478,36
2019-03-09 05:00:00,11.727666666666677,63.48666666666663,100.92766666666668,4.583333333333333,0.15404619445139922,12.531602664900866,25.28911280306519,3,0.9659258262890683,0.25881904510252074,0.9680771188662043,-0.2506525322587204,1.0,6.123233995736766e-17,51.243999,-0.571478,36
2019-03-09 06:00:00,11.586166666666664,63.308166666666644,100.90166666666674,4.5,0.1542944198830717,11.710000871569965,27.13279576729973,3,1.0,6.123233995736766e-17,0.9680771188662043,-0.2506525322587204,1.0,6.123233995736766e-17,51.243999,-0.571478,36
2019-03-09 07:00:00,11.425666666666666,63.324,100.85350000000004,4.433333333333334,0.15737219989370152,10.161784381854408,31.65985985827323,3,0.9659258262890683,-0.25881904510252063,0.9680771188662043,-0.2506525322587204,1.0,6.123233995736766e-17,51.243999,-0.571478,36
2019-03-09 08:00:00,11.321333333333335,63.57066666666667,100.93733333333334,5.933333333333334,0.18466204565120944,9.863793062105177,34.33542065210482,3,0.8660254037844387,-0.4999999999999998,0.9680771188662043,-0.2506525322587204,1.0,6.123233995736766e-17,51.243999,-0.571478,36
2019-03-09 09:00:00,12.298666666666666,64.04066666666664,100.90316666666664,5.266666666666667,0.20423946613605315,10.181664717888456,34.01563008369501,3,0.7071067811865476,-0.7071067811865475,0.9680771188662043,-0.2506525322587204,1.0,6.123233995736766e-17,51.243999,-0.571478,36
2019-03-09 10:00:00,13.631666666666666,64.04116666666665,100.84266666666672,4.1,0.18705786048115397,11.857870988857115,30.48951909138439,3,0.49999999999999994,-0.8660254037844387,0.9680771188662043,-0.2506525322587204,1.0,6.123233995736766e-17,51.243999,-0.571478,36
2019-03-09 11:00:00,15.564000000000004,63.82583333333335,100.89249999999998,2.3833333333333333,0.17336479118074674,17.437716691976416,29.323981758686966,3,0.258819045102521,-0.9659258262890682,0.9680771188662043,-0.2506525322587204,1.0,6.123233995736766e-17,51.243999,-0.571478,36
2019-03-09 12:00:00,17.052333333333333,62.79966666666669,100.9723333333333,2.3,0.1761024470594436,22.987359195861234,28.09712544804483,3,1.2246467991473532e-16,-1.0,0.9680771188662043,-0.2506525322587204,1.0,6.123233995736766e-17,51.243999,-0.571478,36
2019-03-09 13:00:00,17.97233333333333,61.64466666666665,101.06100000000005,1.5833333333333333,0.1800905538278405,24.915867920667974,26.30577180058628,3,-0.2588190451025208,-0.9659258262890683,0.9680771188662043,-0.2506525322587204,1.0,6.123233995736766e-17,51.243999,-0.571478,36
2019-03-09 14:00:00,18.81,60.636666666666656,101.14033333333337,1.3,0.182579297508137,23.30429527604155,28.490724584829636,3,-0.4999999999999997,-0.8660254037844388,0.9680771188662043,-0.2506525322587204,1.0,6.123233995736766e-17,51.243999,-0.571478,36
2019-03-09 15:00:00,18.7755,59.894666666666666,101.17633333333328,2.183333333333333,0.2010897676808939,16.832814604463458,30.804904571975573,3,-0.7071067811865471,-0.7071067811865479,0.9680771188662043,-0.2506525322587204,1.0,6.123233995736766e-17,51.243999,-0.571478,36
2019-03-09 16:00:00,19.09300000000001,59.352166666666676,101.21116666666656,3.55,0.19801398976987714,15.105443403220681,31.92499527756296,3,-0.8660254037844385,-0.5000000000000004,0.9680771188662043,-0.2506525322587204,1.0,6.123233995736766e-17,51.243999,-0.571478,36
2019-03-09 17:00:00,17.57483333333333,58.611666666666665,101.29583333333338,4.783333333333333,0.18992960465341013,13.856949087486536,30.596352151328063,3,-0.9659258262890683,-0.25881904510252063,0.9680771188662043,-0.2506525322587204,1.0,6.123233995736766e-17,51.243999,-0.571478,36
2019-03-09 18:00:00,15.398166666666667,58.81583333333332,101.37699999999998,2.8666666666666667,0.197870810547261,10.077072307338318,32.7696864648094,3,-1.0,-1.8369701987210297e-16,0.9680771188662043,-0.2506525322587204,1.0,6.123233995736766e-17,51.243999,-0.571478,36
2019-03-09 19:00:00,14.261666666666668,59.30266666666662,101.38983333333326,4.85,0.19222995890820122,9.566504619033399,30.817370511522242,3,-0.9659258262890684,0.2588190451025203,0.9680771188662043,-0.2506525322587204,1.0,6.123233995736766e-17,51.243999,-0.571478,36
2019-03-09 20:00:00,13.725999999999997,59.50066666666667,101.37450000000003,5.766666666666667,0.20357738809018672,8.82046562893122,31.657885700081636,3,-0.8660254037844386,0.5000000000000001,0.9680771188662043,-0.2506525322587204,1.0,6.123233995736766e-17,51.243999,-0.571478,36
2019-03-09 21:00:00,13.55999999999998,67.19999999999992,100.06999999999995,0.0,0.13931505396181168,13.72277310907017,25.87099645425837,3,-0.7071067811865477,0.7071067811865474,0.9680771188662043,-0.2506525322587204,1.0,6.123233995736766e-17,51.243999,-0.571478,36
2019-03-09 22:00:00,13.55999999999998,67.19999999999992,100.06999999999995,0.0,0.13931505396181168,13.72277310907017,25.87099645425837,3,-0.5000000000000004,0.8660254037844384,0.9680771188662043,-0.2506525322587204,1.0,6.123233995736766e-17,51.243999,-0.571478,36
2019-03-09 23:00:00,13.55999999999998,67.19999999999992,100.06999999999995,0.0,0.13931505396181168,13.72277310907017,25.87099645425837,3,-0.25881904510252157,0.9659258262890681,0.9680771188662043,-0.2506525322587204,1.0,6.123233995736766e-17,51.243999,-0.571478,36
2019-03-10 00:00:00,13.55999999999998,67.19999999999992,100.06999999999995,0.0,0.13931505396181168,13.72277310907017,25.87099645425837,3,0.0,1.0,0.8978045395707416,-0.4403941515576344,1.0,6.123233995736766e-17,51.243999,-0.571478,36
2019-03-10 01:00:00,13.55999999999998,67.19999999999992,100.06999999999995,0.0,0.13931505396181168,13.11446636211417,25.68083854737288,3,0.25881904510252074,0.9659258262890683,0.8978045395707416,-0.4403941515576344,1.0,6.123233995736766e-17,51.243999,-0.571478,36
2019-03-10 02:00:00,13.55999999999998,67.19999999999992,100.06999999999995,0.0,0.13931505396181168,13.104156078267458,25.67761553200194,3,0.49999999999999994,0.8660254037844387,0.8978045395707416,-0.4403941515576344,1.0,6.123233995736766e-17,51.243999,-0.571478,36
2019-03-10 03:00:00,13.55999999999998,67.19999999999992,100.06999999999995,0.0,0.13931505396181168,13.104156078267458,25.67761553200194,3,0.7071067811865476,0.7071067811865476,0.8978045395707416,-0.4403941515576344,1.0,6.123233995736766e-17,51.243999,-0.571478,36
2019-03-10 04:00:00,13.55999999999998,67.19999999999992,100.06999999999995,0.0,0.13931505396181168,13.104156078267458,25.67761553200194,3,0.8660254037844386,0.5000000000000001,0.8978045395707416,-0.4403941515576344,1.0,6.123233995736766e-17,51.243999,-0.571478,36
2019-03-10 05:00:00,13.55999999999998,67.19999999999992,100.06999999999995,0.0,0.13931505396181168,13.104156078267458,25.67761553200194,3,0.9659258262890683,0.25881904510252074,0.8978045395707416,-0.4403941515576344,1.0,6.123233995736766e-17,51.243999,-0.571478,36
2019-03-10 06:00:00,13.55999999999998,67.19999999999992,100.06999999999995,0.0,0.13931505396181168,13.104156078267458,25.67761553200194,3,1.0,6.123233995736766e-17,0.8978045395707416,-0.4403941515576344,1.0,6.123233995736766e-17,51.243999,-0.571478,36
2019-03-10 07:00:00,13.55999999999998,67.19999999999992,100.06999999999995,0.0,0.13931505396181168,13.104156078267458,25.67761553200194,3,0.9659258262890683,-0.25881904510252063,0.8978045395707416,-0.4403941515576344,1.0,6.123233995736766e-17,51.243999,-0.571478,36
2019-03-10 08:00:00,13.55999999999998,67.19999999999992,100.06999999999995,0.0,0.13931505396181168,13.104156078267458,25.67761553200194,3,0.8660254037844387,-0.4999999999999998,0.8978045395707416,-0.4403941515576344,1.0,6.123233995736766e-17,51.243999,-0.571478,36
2019-03-10 09:00:00,13.539333333333332,67.22499999999998,100.10166666666667,0.016666666666666666,0.14346582550370943,16.69298740870172,22.1475890422178,3,0.7071067811865476,-0.7071067811865475,0.8978045395707416,-0.4403941515576344,1.0,6.123233995736766e-17,51.243999,-0.571478,36
2019-03-10 10:00:00,13.55283333333333,67.55299999999998,100.36433333333333,0.0,0.16110175062922494,19.97566110231316,19.675100927791163,3,0.49999999999999994,-0.8660254037844387,0.8978045395707416,-0.4403941515576344,1.0,6.123233995736766e-17,51.243999,-0.571478,36
2019-03-10 11:00:00,13.816166666666664,67.24766666666666,100.5725,0.15,0.1641754333197166,16.70623294740636,23.32926356059479,3,0.258819045102521,-0.9659258262890682,0.8978045395707416,-0.4403941515576344,1.0,6.123233995736766e-17,51.243999,-0.571478,36
2019-03-10 12:00:00,14.063166666666666,66.036,100.77883333333338,0.06666666666666667,0.1592383371548047,17.545627720404603,22.92680040091325,3,1.2246467991473532e-16,-1.0,0.8978045395707416,-0.4403941515576344,1.0,6.123233995736766e-17,51.243999,-0.571478,36
2019-03-10 13:00:00,13.256999999999994,64.69666666666667,100.97033333333333,0.03333333333333333,0.16480046088262804,15.767609639946677,25.36638288031573,3,-0.2588190451025208,-0.9659258262890683,0.8978045395707416,-0.4403941515576344,1.0,6.123233995736766e-17,51.243999,-0.571478,36
2019-03-10 14:00:00,13.63683333333333,65.238,101.07583333333334,0.4666666666666667,0.18106517475544776,17.220945746832047,30.72218355201359,3,-0.4999999999999997,-0.8660254037844388,0.8978045395707416,-0.4403941515576344,1.0,6.123233995736766e-17,51.243999,-0.571478,36
2019-03-10 15:00:00,15.066999999999998,63.74750000000002,101.18866666666665,0.4666666666666667,0.16037927785171804,16.848620217560754,29.860998685412333,3,-0.7071067811865471,-0.7071067811865479,0.8978045395707416,-0.4403941515576344,1.0,6.123233995736766e-17,51.243999,-0.571478,36
2019-03-10 16:00:00,16.377999999999997,62.2865,101.26933333333342,0.16666666666666666,0.1667783665186395,18.21002691702424,31.49094838453377,3,-0.8660254037844385,-0.5000000000000004,0.8978045395707416,-0.4403941515576344,1.0,6.123233995736766e-17,51.243999,-0.571478,36
2019-03-10 17:00:00,15.804833333333333,60.881,101.34899999999998,0.43333333333333335,0.16936918817891508,14.129672588596154,28.621845720686334,3,-0.9659258262890683,-0.25881904510252063,0.8978045395707416,-0.4403941515576344,1.0,6.123233995736766e-17,51.243999,-0.571478,36
2019-03-10 18:00:00,13.607500000000005,61.110166666666686,101.34466666666671,0.9833333333333333,0.18944048124184634,12.290941528842087,31.27262260516062,3,-1.0,-1.8369701987210297e-16,0.8978045395707416,-0.4403941515576344,1.0,6.123233995736766e-17,51.243999,-0.571478,36
2019-03-10 19:00:00,12.296833333333336,61.57849999999999,101.34483333333337,1.7,0.18351324787732634,9.785462485924658,28.40107055317097,3,-0.9659258262890684,0.2588190451025203,0.8978045395707416,-0.4403941515576344,1.0,6.123233995736766e-17,51.243999,-0.571478,36
2019-03-10 20:00:00,11.116333333333332,61.402833333333305,101.41399999999996,3.1166666666666667,0.18374375705544638,8.559137088767148,23.335542694734887,3,-0.8660254037844386,0.5000000000000001,0.8978045395707416,-0.4403941515576344,1.0,6.123233995736766e-17,51.243999,-0.571478,36
2019-03-10 21:00:00,10.359833333333333,62.19333333333334,101.4308333333333,1.4166666666666667,0.17734123455488637,9.766607482992482,20.996423263407234,3,-0.7071067811865477,0.7071067811865474,0.8978045395707416,-0.4403941515576344,1.0,6.123233995736766e-17,51.243999,-0.571478,36
2019-03-10 22:00:00,9.644,61.70183333333336,101.48066666666668,1.1666666666666667,0.16666188389754935,9.798608732087965,17.124396181467908,3,-0.5000000000000004,0.8660254037844384,0.8978045395707416,-0.4403941515576344,1.0,6.123233995736766e-17,51.243999,-0.571478,36
2019-03-10 23:00:00,8.660000000000002,61.776000000000025,101.51883333333343,3.933333333333333,0.1752829306512754,9.803160221320576,13.681306896911575,3,-0.25881904510252157,0.9659258262890681,0.8978045395707416,-0.4403941515576344,1.0,6.123233995736766e-17,51.243999,-0.571478,36
2019-03-11 00:00:00,8.164499999999999,62.11166666666666,101.54700000000008,1.0,0.15459326817065716,9.362382433681399,13.365505768216252,3,0.0,1.0,0.7907757369376989,-0.6121059825476626,1.0,6.123233995736766e-17,51.243999,-0.571478,36
2019-03-11 01:00:00,7.870166666666664,62.278333333333336,101.6368333333333,0.06666666666666667,0.14840321849152896,13.425266068389421,11.80514198409643,3,0.25881904510252074,0.9659258262890683,0.7907757369376989,-0.6121059825476626,1.0,6.123233995736766e-17,51.243999,-0.571478,36
2019-03-11 02:00:00,7.761499999999999,62.35916666666666,101.66516666666661,0.2,0.1494298532686758,13.697804640696061,12.998610327838703,3,0.49999999999999994,0.8660254037844387,0.7907757369376989,-0.6121059825476626,1.0,6.123233995736766e-17,51.243999,-0.571478,36
2019-03-11 03:00:00,7.771666666666664,62.40016666666666,101.64566666666676,0.36666666666666664,0.13562484681170686,14.3104651429085,12.797012862422429,3,0.7071067811865476,0.7071067811865476,0.7907757369376989,-0.6121059825476626,1.0,6.123233995736766e-17,51.243999,-0.571478,36
2019-03-11 04:00:00,7.936833333333334,62.38633333333334,101.64116666666669,0.11666666666666667,0.1337455911420928,15.35077790360589,12.325703463425093,3,0.8660254037844386,0.5000000000000001,0.7907757369376989,-0.6121059825476626,1.0,6.123233995736766e-17,51.243999,-0.571478,36
2019-03-11 05:00:00,7.97283333333333,62.33349999999999,101.72016666666663,0.16666666666666666,0.13827232090696254,15.263512321495664,12.661894371970908,3,0.9659258262890683,0.25881904510252074,0.7907757369376989,-0.6121059825476626,1.0,6.123233995736766e-17,51.243999,-0.571478,36
2019-03-11 06:00:00,7.8950000000000005,62.180333333333344,101.83783333333331,0.13333333333333333,0.13600190502545445,14.691876465311076,15.836963423363851,3,1.0,6.123233995736766e-17,0.7907757369376989,-0.6121059825476626,1.0,6.123233995736766e-17,51.243999,-0.571478,36
2019-03-11 07:00:00,7.792499999999995,62.31650000000003,101.93633333333327,0.13333333333333333,0.1495395555233439,13.297641654010835,21.190139159655033,3,0.9659258262890683,-0.25881904510252063,0.7907757369376989,-0.6121059825476626,1.0,6.123233995736766e-17,51.243999,-0.571478,36
2019-03-11 08:00:00,8.142833333333334,62.707666666666654,102.04699999999998,0.35,0.19111126828925465,13.36566761274626,33.16119266943958,3,0.8660254037844387,-0.4999999999999998,0.7907757369376989,-0.6121059825476626,1.0,6.123233995736766e-17,51.243999,-0.571478,36
2019-03-11 09:00:00,9.189999999999998,63.039000000000016,102.123,1.3,0.19294638464646993,14.128372126577176,32.92757174831548,3,0.7071067811865476,-0.7071067811865475,0.7907757369376989,-0.6121059825476626,1.0,6.123233995736766e-17,51.243999,-0.571478,36
2019-03-11 10:00:00,10.576833333333331,63.01066666666666,102.21666666666664,1.0,0.16492824605444056,19.362037252129458,27.385323717125214,3,0.49999999999999994,-0.8660254037844387,0.7907757369376989,-0.6121059825476626,1.0,6.123233995736766e-17,51.243999,-0.571478,36
2019-03-11 11:00:00,12.017333333333335,62.70600000000002,102.26816666666669,0.8,0.16523316466149227,20.5639199956276,22.193815003925128,3,0.258819045102521,-0.9659258262890682,0.7907757369376989,-0.6121059825476626,1.0,6.123233995736766e-17,51.243999,-0.571478,36
2019-03-11 12:00:00,13.736999999999998,61.877333333333326,102.35083333333338,3.783333333333333,0.16534907691699502,27.029401937510773,19.966707103463595,3,1.2246467991473532e-16,-1.0,0.7907757369376989,-0.6121059825476626,1.0,6.123233995736766e-17,51.243999,-0.571478,36
2019-03-11 13:00:00,14.192666666666664,60.963499999999996,102.40016666666662,0.4166666666666667,0.17294644548253757,24.146051903499412,19.43712898260229,3,-0.2588190451025208,-0.9659258262890683,0.7907757369376989,-0.6121059825476626,1.0,6.123233995736766e-17,51.243999,-0.571478,36
2019-03-11 14:00:00,15.717833333333333,60.76433333333332,102.41016666666665,2.2,0.17848575458686383,25.020892144788718,21.034070315107513,3,-0.4999999999999997,-0.8660254037844388,0.7907757369376989,-0.6121059825476626,1.0,6.123233995736766e-17,51.243999,-0.571478,36
2019-03-11 15:00:00,17.83516666666667,60.006,102.41383333333333,1.1666666666666667,0.18272280847400302,26.970182148584776,22.274224671107273,3,-0.7071067811865471,-0.7071067811865479,0.7907757369376989,-0.6121059825476626,1.0,6.123233995736766e-17,51.243999,-0.571478,36
2019-03-11 16:00:00,19.416499999999996,59.38399999999999,102.38350000000004,2.7333333333333334,0.25173678265051974,28.35894362601301,34.68770827501192,3,-0.8660254037844385,-0.5000000000000004,0.7907757369376989,-0.6121059825476626,1.0,6.123233995736766e-17,51.243999,-0.571478,36
2019-03-11 17:00:00,18.002666666666673,59.152333333333324,102.33883333333337,3.0,0.26337471415833186,19.114257855032903,38.207243433656615,3,-0.9659258262890683,-0.25881904510252063,0.7907757369376989,-0.6121059825476626,1.0,6.123233995736766e-17,51.243999,-0.571478,36
2019-03-11 18:00:00,16.225333333333328,59.782,102.32849999999999,4.233333333333333,0.30444193856216034,16.600672196999994,41.400419275686396,3,-1.0,-1.8369701987210297e-16,0.7907757369376989,-0.6121059825476626,1.0,6.123233995736766e-17,51.243999,-0.571478,36
2019-03-11 19:00:00,14.961000000000007,60.514833333333314,102.26533333333329,3.8,0.3300889975665573,12.17786067928876,44.922344127805005,3,-0.9659258262890684,0.2588190451025203,0.7907757369376989,-0.6121059825476626,1.0,6.123233995736766e-17,51.243999,-0.571478,36
2019-03-11 20:00:00,14.335833333333332,60.9885,102.22166666666662,4.983333333333333,0.29931516091908583,9.721358721693935,38.02610770519979,3,-0.8660254037844386,0.5000000000000001,0.7907757369376989,-0.6121059825476626,1.0,6.123233995736766e-17,51.243999,-0.571478,36
2019-03-11 21:00:00,13.563499999999998,61.12883333333332,102.15283333333339,2.716666666666667,0.24355556924550104,9.156486195705531,27.494439301208807,3,-0.7071067811865477,0.7071067811865474,0.7907757369376989,-0.6121059825476626,1.0,6.123233995736766e-17,51.243999,-0.571478,36
2019-03-11 22:00:00,13.024500000000007,61.50766666666665,102.07099999999996,2.45,0.21737402530516867,9.885799124969537,27.465037739061508,3,-0.5000000000000004,0.8660254037844384,0.7907757369376989,-0.6121059825476626,1.0,6.123233995736766e-17,51.243999,-0.571478,36
2019-03-11 23:00:00,12.862333333333334,61.8328333333333,101.97649999999997,1.5666666666666667,0.2040766907814688,10.860711236431117,24.987211550276058,3,-0.25881904510252157,0.9659258262890681,0.7907757369376989,-0.6121059825476626,1.0,6.123233995736766e-17,51.243999,-0.571478,36
2019-03-12 00:00:00,12.829666666666673,62.02450000000002,101.81866666666672,1.1,0.1815416570031758,13.78706891533548,19.40237009616143,3,0.0,1.0,0.6513724827222223,-0.758758122692791,1.0,6.123233995736766e-17,51.243999,-0.571478,36
2019-03-12 01:00:00,12.98633333333333,62.05450000000001,101.66149999999996,1.4666666666666666,0.16971825191842255,16.356610140725884,16.00145216934718,3,0.25881904510252074,0.9659258262890683,0.6513724827222223,-0.758758122692791,1.0,6.123233995736766e-17,51.243999,-0.571478,36
2019-03-12 02:00:00,13.072833333333332,61.96516666666667,101.52949999999997,1.9166666666666667,0.16503591128915357,16.91759111337087,14.469657463799543,3,0.49999999999999994,0.8660254037844387,0.6513724827222223,-0.758758122692791,1.0,6.123233995736766e-17,51.243999,-0.571478,36
2019-03-12 03:00:00,12.942499999999992,61.84999999999997,101.37583333333335,1.1666666666666667,0.15986674035078466,16.76889402310467,13.305444664341431,3,0.7071067811865476,0.7071067811865476,0.6513724827222223,-0.758758122692791,1.0,6.123233995736766e-17,51.243999,-0.571478,36
2019-03-12 04:00:00,12.936833333333336,61.830166666666656,101.21183333333332,1.5,0.1575605369386939,16.113957624732052,12.714781361370417,3,0.8660254037844386,0.5000000000000001,0.6513724827222223,-0.758758122692791,1.0,6.123233995736766e-17,51.243999,-0.571478,36
2019-03-12 05:00:00,12.567499999999988,61.977000000000025,101.05283333333333,1.8833333333333333,0.15971526754692275,14.212124845226956,15.23098081174503,3,0.9659258262890683,0.25881904510252074,0.6513724827222223,-0.758758122692791,1.0,6.123233995736766e-17,51.243999,-0.571478,36
2019-03-12 06:00:00,12.42766666666667,62.27583333333336,100.90333333333335,1.0666666666666667,0.15950602485713403,12.564529898242913,16.406202350468295,3,1.0,6.123233995736766e-17,0.6513724827222223,-0.758758122692791,1.0,6.123233995736766e-17,51.243999,-0.571478,36
2019-03-12 07:00:00,12.355499999999996,62.57583333333332,100.75366666666665,0.5,0.16863177531505175,12.030234200042225,22.61096086350035,3,0.9659258262890683,-0.25881904510252063,0.6513724827222223,-0.758758122692791,1.0,6.123233995736766e-17,51.243999,-0.571478,36
2019-03-12 08:00:00,12.450666666666667,62.819999999999986,100.6043333333334,2.4166666666666665,0.1927114173046766,13.024874895976582,25.295305368549766,3,0.8660254037844387,-0.4999999999999998,0.6513724827222223,-0.758758122692791,1.0,6.123233995736766e-17,51.243999,-0.571478,36
2019-03-12 09:00:00,12.666833333333328,63.04133333333335,100.42183333333332,1.2666666666666666,0.20504532869046524,14.373115988120624,31.084780432942374,3,0.7071067811865476,-0.7071067811865475,0.6513724827222223,-0.758758122692791,1.0,6.123233995736766e-17,51.243999,-0.571478,36
2019-03-12 10:00:00,12.885166666666679,63.140333333333295,100.24716666666663,2.8333333333333335,0.17331475615059236,14.904240873778134,26.399211895913485,3,0.49999999999999994,-0.8660254037844387,0.6513724827222223,-0.758758122692791,1.0,6.123233995736766e-17,51.243999,-0.571478,36
2019-03-12 11:00:00,13.181500000000007,63.2845,100.0353333333333,2.65,0.17102948748358301,14.89451382284359,25.16309617328293,3,0.258819045102521,-0.9659258262890682,0.6513724827222223,-0.758758122692791,1.0,6.123233995736766e-17,51.243999,-0.571478,36
2019-03-12 12:00:00,13.538333333333329,63.38083333333332,99.84083333333336,2.1166666666666667,0.17413590217472472,15.92439421681915,27.217189888832,3,1.2246467991473532e-16,-1.0,0.6513724827222223,-0.758758122692791,1.0,6.123233995736766e-17,51.243999,-0.571478,36
2019-03-12 13:00:00,13.673500000000006,63.442666666666675,99.68249999999996,1.7666666666666666,0.186769552316822,14.721817922777195,29.12518515829458,3,-0.2588190451025208,-0.9659258262890683,0.6513724827222223,-0.758758122692791,1.0,6.123233995736766e-17,51.243999,-0.571478,36
2019-03-12 14:00:00,11.823333333333336,62.422166666666655,99.8493333333334,1.0666666666666667,0.18661962182806882,10.260032146290806,25.296567617602093,3,-0.4999999999999997,-0.8660254037844388,0.6513724827222223,-0.758758122692791,1.0,6.123233995736766e-17,51.243999,-0.571478,36
2019-03-12 15:00:00,9.815833333333334,63.381166666666665,99.93433333333327,0.95,0.20115437031375594,12.533020390465763,28.407859940404034,3,-0.7071067811865471,-0.7071067811865479,0.6513724827222223,-0.758758122692791,1.0,6.123233995736766e-17,51.243999,-0.571478,36
2019-03-12 16:00:00,9.351166666666668,64.85266666666669,99.98699999999992,1.6166666666666667,0.1903112607121992,14.053886447095202,32.57395833753364,3,-0.8660254037844385,-0.5000000000000004,0.6513724827222223,-0.758758122692791,1.0,6.123233995736766e-17,51.243999,-0.571478,36
2019-03-12 17:00:00,10.170666666666659,64.99100000000004,100.04250000000002,2.0166666666666666,0.20721758349036504,16.189718603215336,27.562305751985978,3,-0.9659258262890683,-0.25881904510252063,0.6513724827222223,-0.758758122692791,1.0,6.123233995736766e-17,51.243999,-0.571478,36
2019-03-12 18:00:00,9.769833333333334,64.62299999999998,100.1265,4.6,0.24183510801147312,16.772361842777244,38.063644940084956,3,-1.0,-1.8369701987210297e-16,0.6513724827222223,-0.758758122692791,1.0,6.123233995736766e-17,51.243999,-0.571478,36
2019-03-12 19:00:00,8.990500000000003,64.72416666666666,100.17283333333334,5.95,0.2621587412863863,10.680076589237327,43.70716827198055,3,-0.9659258262890684,0.2588190451025203,0.6513724827222223,-0.758758122692791,1.0,6.123233995736766e-17,51.243999,-0.571478,36
2019-03-12 20:00:00,8.467999999999998,65.32516666666666,100.1918333333333,5.133333333333334,0.22903104659998857,11.067421252153938,36.63299505172029,3,-0.8660254037844386,0.5000000000000001,0.6513724827222223,-0.758758122692791,1.0,6.123233995736766e-17,51.243999,-0.571478,36
2019-03-12 21:00:00,8.335166666666664,65.914,100.2495000000001,2.1666666666666665,0.21764436695349668,13.787093805272583,24.473875948489702,3,-0.7071067811865477,0.7071067811865474,0.6513724827222223,-0.758758122692791,1.0,6.123233995736766e-17,51.243999,-0.571478,36
2019-03-12 22:00:00,8.354666666666665,66.15616666666666,100.26033333333336,1.2166666666666666,0.1830323423862673,16.077593249322817,18.796935139692778,3,-0.5000000000000004,0.8660254037844384,0.6513724827222223,-0.758758122692791,1.0,6.123233995736766e-17,51.243999,-0.571478,36
2019-03-12 23:00:00,8.456666666666667,66.34800000000001,100.26766666666671,1.7666666666666666,0.17338021433183542,17.17877791427508,16.629337531692805,3,-0.25881904510252157,0.9659258262890681,0.6513724827222223,-0.758758122692791,1.0,6.123233995736766e-17,51.243999,-0.571478,36
2019-03-13 00:00:00,8.5695,66.3825,100.24433333333322,2.0833333333333335,0.15411423091789997,17.73406241074921,13.777700339490162,3,0.0,1.0,0.48530196253108104,-0.8743466161445821,1.0,6.123233995736766e-17,51.243999,-0.571478,36
2019-03-13 01:00:00,8.96383333333333,66.74300000000002,100.20899999999996,2.15,0.14290791483829018,13.25305218784892,19.07108353886531,3,0.25881904510252074,0.9659258262890683,0.48530196253108104,-0.8743466161445821,1.0,6.123233995736766e-17,51.243999,-0.571478,36
2019-03-13 02:00:00,9.126333333333337,66.65033333333331,100.19233333333327,1.65,0.14215297778275593,12.967864778607526,18.87821300722168,3,0.49999999999999994,0.8660254037844387,0.48530196253108104,-0.8743466161445821,1.0,6.123233995736766e-17,51.243999,-0.571478,36
2019-03-13 03:00:00,9.689666666666666,67.07300000000001,100.19566666666668,1.8,0.14097087764263533,14.663036827168686,19.40278022684277,3,0.7071067811865476,0.7071067811865476,0.48530196253108104,-0.8743466161445821,1.0,6.123233995736766e-17,51.243999,-0.571478,36
2019-03-13 04:00:00,10.311166666666667,66.71633333333335,100.17466666666664,1.4333333333333333,0.13851034959874547,14.471653734732653,19.651182265455095,3,0.8660254037844386,0.5000000000000001,0.48530196253108104,-0.8743466161445821,1.0,6.123233995736766e-17,51.243999,-0.571478,36
2019-03-13 05:00:00,10.39033333333333,66.36633333333334,100.1928333333333,1.8833333333333333,0.14400138133013557,13.98468927476373,18.576792519344945,3,0.9659258262890683,0.25881904510252074,0.48530196253108104,-0.8743466161445821,1.0,6.123233995736766e-17,51.243999,-0.571478,36
2019-03-13 06:00:00,10.676000000000007,66.4385,100.21800000000002,2.0833333333333335,0.14155728330719797,13.775844281773821,20.17933275601688,3,1.0,6.123233995736766e-17,0.48530196253108104,-0.8743466161445821,1.0,6.123233995736766e-17,51.243999,-0.571478,36
2019-03-13 07:00:00,10.69500000000001,66.15633333333334,100.27216666666676,3.0166666666666666,0.15591945546228816,14.219983583388771,29.463136738711253,3,0.9659258262890683,-0.25881904510252063,0.48530196253108104,-0.8743466161445821,1.0,6.123233995736766e-17,51.243999,-0.571478,36
2019-03-13 08:00:00,10.984833333333334,66.3015,100.3543333333333,3.466666666666667,0.18816453850242237,13.263422689199492,35.54954397638869,3,0.8660254037844387,-0.4999999999999998,0.48530196253108104,-0.8743466161445821,1.0,6.123233995736766e-17,51.243999,-0.571478,36
2019-03-13 09:00:00,11.946666666666667,66.57283333333336,100.41799999999996,3.05,0.1768452434760455,13.773857794726233,32.772046107687515,3,0.7071067811865476,-0.7071067811865475,0.48530196253108104,-0.8743466161445821,1.0,6.123233995736766e-17,51.243999,-0.571478,36
2019-03-13 10:00:00,13.219000000000003,66.13166666666669,100.48066666666666,3.3666666666666667,0.17251039517089006,23.019253028092987,34.94353591767689,3,0.49999999999999994,-0.8660254037844387,0.48530196253108104,-0.8743466161445821,1.0,6.123233995736766e-17,51.243999,-0.571478,36
2019-03-13 11:00:00,14.20766666666666,65.45150000000001,100.56033333333335,4.866666666666666,0.18813868580916362,21.277037182465197,29.66512969905146,3,0.258819045102521,-0.9659258262890682,0.48530196253108104,-0.8743466161445821,1.0,6.123233995736766e-17,51.243999,-0.571478,36
2019-03-13 12:00:00,15.200500000000005,64.81100000000004,100.64799999999997,1.4333333333333333,0.17887121114288349,21.40333132875969,24.283217533924578,3,1.2246467991473532e-16,-1.0,0.48530196253108104,-0.8743466161445821,1.0,6.123233995736766e-17,51.243999,-0.571478,36
2019-03-13 13:00:00,16.010666666666662,63.90316666666668,100.71566666666662,1.7166666666666666,0.19277741093116518,21.85085231364637,25.96830632559438,3,-0.2588190451025208,-0.9659258262890683,0.48530196253108104,-0.8743466161445821,1.0,6.123233995736766e-17,51.243999,-0.571478,36
2019-03-13 14:00:00,16.4195,63.07483333333334,100.78333333333335,1.65,0.1831965494748771,21.832469387632774,26.405087137841054,3,-0.4999999999999997,-0.8660254037844388,0.48530196253108104,-0.8743466161445821,1.0,6.123233995736766e-17,51.243999,-0.571478,36
2019-03-13 15:00:00,16.451166666666673,62.42416666666666,100.83849999999997,1.65,0.196011500213036,22.371177124903,25.279716189147663,3,-0.7071067811865471,-0.7071067811865479,0.48530196253108104,-0.8743466161445821,1.0,6.123233995736766e-17,51.243999,-0.571478,36
2019-03-13 16:00:00,16.18033333333333,62.10533333333332,100.91849999999995,1.75,0.21366457704657363,18.754434010155276,29.588482709817466,3,-0.8660254037844385,-0.5000000000000004,0.48530196253108104,-0.8743466161445821,1.0,6.123233995736766e-17,51.243999,-0.571478,36
2019-03-13 17:00:00,15.7295,61.512666666666675,100.98749999999995,2.6666666666666665,0.23713228078151288,18.88850236824881,31.206929848890084,3,-0.9659258262890683,-0.25881904510252063,0.48530196253108104,-0.8743466161445821,1.0,6.123233995736766e-17,51.243999,-0.571478,36
2019-03-13 18:00:00,14.670166666666672,61.39600000000004,101.07733333333334,5.95,0.2288917784556862,16.50585690105841,31.343249470994465,3,-1.0,-1.8369701987210297e-16,0.48530196253108104,-0.8743466161445821,1.0,6.123233995736766e-17,51.243999,-0.571478,36
2019-03-13 19:00:00,13.966500000000002,61.347666666666655,101.12050000000008,5.966666666666667,0.21567189725073663,13.900677882030099,31.864898910615715,3,-0.9659258262890684,0.2588190451025203,0.48530196253108104,-0.8743466161445821,1.0,6.123233995736766e-17,51.243999,-0.571478,36
2019-03-13 20:00:00,13.447166666666664,61.42200000000004,101.15400000000002,2.9,0.22409954932992454,12.542114342972484,34.201232041664504,3,-0.8660254037844386,0.5000000000000001,0.48530196253108104,-0.8743466161445821,1.0,6.123233995736766e-17,51.243999,-0.571478,36
2019-03-13 21:00:00,12.849500000000006,61.48366666666666,101.16766666666669,5.65,0.20497711762225412,9.234041014057727,31.72217241926263,3,-0.7071067811865477,0.7071067811865474,0.48530196253108104,-0.8743466161445821,1.0,6.123233995736766e-17,51.243999,-0.571478,36
2019-03-13 22:00:00,12.54983333333334,61.82649999999999,101.1496666666666,4.3,0.1973311923210388,9.937381144100593,28.836427527309183,3,-0.5000000000000004,0.8660254037844384,0.48530196253108104,-0.8743466161445821,1.0,6.123233995736766e-17,51.243999,-0.571478,36
2019-03-13 23:00:00,12.36700000000001,62.06266666666665,101.14116666666672,2.216666666666667,0.1750030557495574,9.910280721049029,26.00192536435361,3,-0.25881904510252157,0.9659258262890681,0.48530196253108104,-0.8743466161445821,1.0,6.123233995736766e-17,51.243999,-0.571478,36
2019-03-14 00:00:00,12.402166666666654,62.18816666666666,101.1,3.533333333333333,0.16699917366171624,10.655729305246929,23.355658733987614,3,0.0,1.0,0.29936312297335804,-0.9541392564000488,1.0,6.123233995736766e-17,51.243999,-0.571478,36
2019-03-14 01:00:00,12.220666666666661,62.049,101.0151666666667,1.9833333333333334,0.15393596839159981,13.442008805436727,19.21668810041793,3,0.25881904510252074,0.9659258262890683,0.29936312297335804,-0.9541392564000488,1.0,6.123233995736766e-17,51.243999,-0.571478,36
2019-03-14 02:00:00,12.195333333333338,62.28700000000003,100.93716666666668,1.3333333333333333,0.1509970724015092,14.753831014114956,18.231207538680323,3,0.49999999999999994,0.8660254037844387,0.29936312297335804,-0.9541392564000488,1.0,6.123233995736766e-17,51.243999,-0.571478,36
2019-03-14 03:00:00,12.173833333333336,62.19350000000002,100.83116666666673,1.7333333333333334,0.14720613170459582,14.514840009389136,18.29853873319535,3,0.7071067811865476,0.7071067811865476,0.29936312297335804,-0.9541392564000488,1.0,6.123233995736766e-17,51.243999,-0.571478,36
2019-03-14 04:00:00,11.908333333333326,62.14633333333329,100.65383333333332,1.6833333333333333,0.14831942713068988,13.383909090832129,17.900477113338233,3,0.8660254037844386,0.5000000000000001,0.29936312297335804,-0.9541392564000488,1.0,6.123233995736766e-17,51.243999,-0.571478,36
2019-03-14 05:00:00,11.722666666666669,62.66449999999999,100.47949999999994,0.75,0.14014956283684946,14.41360952976192,14.044013898280975,3,0.9659258262890683,0.25881904510252074,0.29936312297335804,-0.9541392564000488,1.0,6.123233995736766e-17,51.243999,-0.571478,36
2019-03-14 06:00:00,11.898500000000007,63.01100000000003,100.30833333333335,0.08333333333333333,0.13693372525377642,15.073844098540805,15.934325223632475,3,1.0,6.123233995736766e-17,0.29936312297335804,-0.9541392564000488,1.0,6.123233995736766e-17,51.243999,-0.571478,36
2019-03-14 07:00:00,12.150333333333334,63.267666666666656,100.1906666666666,0.016666666666666666,0.15561198767026413,13.014915917984618,20.87782286782732,3,0.9659258262890683,-0.25881904510252063,0.29936312297335804,-0.9541392564000488,1.0,6.123233995736766e-17,51.243999,-0.571478,36
2019-03-14 08:00:00,12.503833333333327,63.665833333333325,100.12166666666674,0.05,0.1779700858952565,14.0316162556828,22.655454061884747,3,0.8660254037844387,-0.4999999999999998,0.29936312297335804,-0.9541392564000488,1.0,6.123233995736766e-17,51.243999,-0.571478,36
2019-03-14 09:00:00,13.170833333333329,64.20533333333336,100.07133333333341,0.43333333333333335,0.17430570815818253,14.288784724207444,28.888054882265212,3,0.7071067811865476,-0.7071067811865475,0.29936312297335804,-0.9541392564000488,1.0,6.123233995736766e-17,51.243999,-0.571478,36
2019-03-14 10:00:00,14.167000000000005,64.51533333333334,100.00449999999995,0.2833333333333333,0.17447610196739882,16.065580108615254,26.874315347325787,3,0.49999999999999994,-0.8660254037844387,0.29936312297335804,-0.9541392564000488,1.0,6.123233995736766e-17,51.243999,-0.571478,36
2019-03-14 11:00:00,15.845833333333333,64.68850000000002,99.98649999999995,0.7333333333333333,0.17489201488177591,19.70930877406738,24.377565583956653,3,0.258819045102521,-0.9659258262890682,0.29936312297335804,-0.9541392564000488,1.0,6.123233995736766e-17,51.243999,-0.571478,36
2019-03-14 12:00:00,17.1625,63.71266666666667,100.02266666666672,0.85,0.16349615118531494,21.526902798167278,20.41153835028683,3,1.2246467991473532e-16,-1.0,0.29936312297335804,-0.9541392564000488,1.0,6.123233995736766e-17,51.243999,-0.571478,36
2019-03-14 13:00:00,16.28633333333334,62.87866666666667,100.07783333333334,0.9166666666666666,0.18547939699816823,19.322898784841723,27.69212548329767,3,-0.2588190451025208,-0.9659258262890683,0.29936312297335804,-0.9541392564000488,1.0,6.123233995736766e-17,51.243999,-0.571478,36
2019-03-14 14:00:00,17.056,63.87950000000001,100.12749999999993,0.75,0.16562453439543878,25.980674882658832,19.04991320205177,3,-0.4999999999999997,-0.8660254037844388,0.29936312297335804,-0.9541392564000488,1.0,6.123233995736766e-17,51.243999,-0.571478,36
2019-03-14 15:00:00,19.035333333333334,62.281833333333324,100.20650000000002,0.25,0.15541816231150699,35.117621402974464,15.347149594790459,3,-0.7071067811865471,-0.7071067811865479,0.29936312297335804,-0.9541392564000488,1.0,6.123233995736766e-17,51.243999,-0.571478,36
2019-03-14 16:00:00,20.024833333333333,60.49083333333333,100.32383333333334,1.5,0.18236335011266744,31.4156079347126,21.803698099564986,3,-0.8660254037844385,-0.5000000000000004,0.29936312297335804,-0.9541392564000488,1.0,6.123233995736766e-17,51.243999,-0.571478,36
2019-03-14 17:00:00,18.612333333333336,60.177666666666674,100.42433333333337,1.9,0.22143078546610964,20.439278219383443,35.79831203387904,3,-0.9659258262890683,-0.25881904510252063,0.29936312297335804,-0.9541392564000488,1.0,6.123233995736766e-17,51.243999,-0.571478,36
2019-03-14 18:00:00,17.419666666666664,60.100166666666645,100.51950000000004,3.716666666666667,0.2115903029065145,19.362252353377293,34.98520349738646,3,-1.0,-1.8369701987210297e-16,0.29936312297335804,-0.9541392564000488,1.0,6.123233995736766e-17,51.243999,-0.571478,36
2019-03-14 19:00:00,15.941500000000001,60.20599999999998,100.61183333333335,5.366666666666666,0.3295903118013184,14.855399605213126,57.989842075975034,3,-0.9659258262890684,0.2588190451025203,0.29936312297335804,-0.9541392564000488,1.0,6.123233995736766e-17,51.243999,-0.571478,36
2019-03-14 20:00:00,15.318666666666667,60.938000000000024,100.6481666666666,4.733333333333333,0.2989789886058656,10.161205561422834,45.1465761404626,3,-0.8660254037844386,0.5000000000000001,0.29936312297335804,-0.9541392564000488,1.0,6.123233995736766e-17,51.243999,-0.571478,36
2019-03-14 21:00:00,14.679666666666671,61.22250000000002,100.63950000000008,3.9,0.22296031972977376,10.2140011061782,34.15126836214879,3,-0.7071067811865477,0.7071067811865474,0.29936312297335804,-0.9541392564000488,1.0,6.123233995736766e-17,51.243999,-0.571478,36
2019-03-14 22:00:00,14.400166666666665,61.7185,100.64383333333343,3.716666666666667,0.23332677248189185,9.789031032174693,32.639403380795926,3,-0.5000000000000004,0.8660254037844384,0.29936312297335804,-0.9541392564000488,1.0,6.123233995736766e-17,51.243999,-0.571478,36
2019-03-14 23:00:00,14.473499999999998,61.961,100.62750000000001,2.1666666666666665,0.212718131014974,9.7501672462988,31.05513515512657,3,-0.25881904510252157,0.9659258262890681,0.29936312297335804,-0.9541392564000488,1.0,6.123233995736766e-17,51.243999,-0.571478,36
2019-03-15 00:00:00,14.17283333333334,62.09950000000003,100.5826666666667,1.7666666666666666,0.18460252974817817,10.684552027887833,25.797610042722233,3,0.0,1.0,0.10116832198743272,-0.994869323391895,1.0,6.123233995736766e-17,51.243999,-0.571478,36
2019-03-15 01:00:00,14.05733333333333,62.615166666666646,100.47299999999994,1.1833333333333333,0.17655736017587553,8.701003148174742,28.50806660336525,3,0.25881904510252074,0.9659258262890683,0.10116832198743272,-0.994869323391895,1.0,6.123233995736766e-17,51.243999,-0.571478,36
2019-03-15 02:00:00,14.417666666666669,63.33433333333331,100.40600000000003,0.016666666666666666,0.15375299161911785,9.843026061059396,27.751770874785258,3,0.49999999999999994,0.8660254037844387,0.10116832198743272,-0.994869323391895,1.0,6.123233995736766e-17,51.243999,-0.571478,36
2019-03-15 03:00:00,14.90716666666667,63.60799999999996,100.36749999999998,0.06666666666666667,0.14527699814636671,11.992088869644837,26.937410955895036,3,0.7071067811865476,0.7071067811865476,0.10116832198743272,-0.994869323391895,1.0,6.123233995736766e-17,51.243999,-0.571478,36
2019-03-15 04:00:00,15.277999999999988,63.62266666666664,100.34866666666673,0.2,0.14255157020745748,12.696503595581,26.769456384871834,3,0.8660254037844386,0.5000000000000001,0.10116832198743272,-0.994869323391895,1.0,6.123233995736766e-17,51.243999,-0.571478,36
2019-03-15 05:00:00,15.508666666666674,63.87649999999994,100.36100000000002,0.75,0.13771809433763352,14.615718586344645,26.04045690103059,3,0.9659258262890683,0.25881904510252074,0.10116832198743272,-0.994869323391895,1.0,6.123233995736766e-17,51.243999,-0.571478,36
2019-03-15 06:00:00,15.824833333333338,63.936,100.39233333333328,0.48333333333333334,0.13311048324043198,15.450756943955673,27.094665390491112,3,1.0,6.123233995736766e-17,0.10116832198743272,-0.994869323391895,1.0,6.123233995736766e-17,51.243999,-0.571478,36
2019-03-15 07:00:00,15.959000000000001,63.89450000000004,100.41583333333334,0.1,0.1386827920680309,15.081146631346227,28.12667218263215,3,0.9659258262890683,-0.25881904510252063,0.10116832198743272,-0.994869323391895,1.0,6.123233995736766e-17,51.243999,-0.571478,36
2019-03-15 08:00:00,16.110833333333336,64.03166666666668,100.43400000000003,0.13333333333333333,0.1751025030637659,17.930963460754995,31.471469940930763,3,0.8660254037844387,-0.4999999999999998,0.10116832198743272,-0.994869323391895,1.0,6.123233995736766e-17,51.243999,-0.571478,36
2019-03-15 09:00:00,16.600333333333328,64.08583333333335,100.46016666666664,0.2833333333333333,0.16601759194591956,16.08872487352777,32.78046744047122,3,0.7071067811865476,-0.7071067811865475,0.10116832198743272,-0.994869323391895,1.0,6.123233995736766e-17,51.243999,-0.571478,36
2019-03-15 10:00:00,17.01233333333333,64.01800000000001,100.47999999999995,0.016666666666666666,0.15548201415701415,17.393497854720014,31.234344654242864,3,0.49999999999999994,-0.8660254037844387,0.10116832198743272,-0.994869323391895,1.0,6.123233995736766e-17,51.243999,-0.571478,36
2019-03-15 11:00:00,17.85933333333333,63.950833333333314,100.47183333333334,0.05,0.15389288250952068,18.42421462075009,26.48562572452017,3,0.258819045102521,-0.9659258262890682,0.10116832198743272,-0.994869323391895,1.0,6.123233995736766e-17,51.243999,-0.571478,36
2019-03-15 12:00:00,18.28683333333333,63.52616666666668,100.5045000000001,0.2,0.16252657042708235,16.875056054517746,27.086112952751247,3,1.2246467991473532e-16,-1.0,0.10116832198743272,-0.994869323391895,1.0,6.123233995736766e-17,51.243999,-0.571478,36
2019-03-15 13:00:00,18.144166666666663,63.4365,100.53783333333334,0.2,0.16485529163976262,16.221355230586656,29.35132179003701,3,-0.2588190451025208,-0.9659258262890683,0.10116832198743272,-0.994869323391895,1.0,6.123233995736766e-17,51.243999,-0.571478,36
2019-03-15 14:00:00,18.53416666666667,63.57999999999998,100.54283333333339,0.13333333333333333,0.16659477282011412,16.146685527496615,29.80312331417629,3,-0.4999999999999997,-0.8660254037844388,0.10116832198743272,-0.994869323391895,1.0,6.123233995736766e-17,51.243999,-0.571478,36
2019-03-15 15:00:00,18.4375,63.537000000000035,100.57183333333337,0.8833333333333333,0.16111844255274285,19.346487231313922,26.006965734779534,3,-0.7071067811865471,-0.7071067811865479,0.10116832198743272,-0.994869323391895,1.0,6.123233995736766e-17,51.243999,-0.571478,36
2019-03-15 16:00:00,18.31816666666667,63.377500000000005,100.61066666666662,0.26666666666666666,0.1689478276911724,19.029713080967095,26.825017823094335,3,-0.8660254037844385,-0.5000000000000004,0.10116832198743272,-0.994869323391895,1.0,6.123233995736766e-17,51.243999,-0.571478,36
2019-03-15 17:00:00,17.932166666666667,63.32683333333336,100.63149999999999,1.1,0.17862906185073416,17.473985816944587,30.314628898286546,3,-0.9659258262890683,-0.25881904510252063,0.10116832198743272,-0.994869323391895,1.0,6.123233995736766e-17,51.243999,-0.571478,36
2019-03-15 18:00:00,17.151166666666665,63.13133333333331,100.71833333333329,0.18333333333333332,0.1762190693619021,14.950750124430131,25.474141973919508,3,-1.0,-1.8369701987210297e-16,0.10116832198743272,-0.994869323391895,1.0,6.123233995736766e-17,51.243999,-0.571478,36
2019-03-15 19:00:00,16.270333333333333,63.35450000000001,100.76033333333335,0.13333333333333333,0.1968234098066862,12.146413226523258,27.897697688189787,3,-0.9659258262890684,0.2588190451025203,0.10116832198743272,-0.994869323391895,1.0,6.123233995736766e-17,51.243999,-0.571478,36
2019-03-15 20:00:00,15.757500000000002,63.66783333333334,100.8313333333334,0.16666666666666666,0.16984439583415692,15.051505996889178,30.002788640067674,3,-0.8660254037844386,0.5000000000000001,0.10116832198743272,-0.994869323391895,1.0,6.123233995736766e-17,51.243999,-0.571478,36
2019-03-15 21:00:00,15.178000000000003,63.77916666666666,100.85033333333331,0.48333333333333334,0.18398878145576097,11.402091842141232,32.66666676322684,3,-0.7071067811865477,0.7071067811865474,0.10116832198743272,-0.994869323391895,1.0,6.123233995736766e-17,51.243999,-0.571478,36
2019-03-15 22:00:00,14.961166666666665,64.1865,100.841,0.8166666666666667,0.20448397837135038,11.166067310967401,35.32191275635208,3,-0.5000000000000004,0.8660254037844384,0.10116832198743272,-0.994869323391895,1.0,6.123233995736766e-17,51.243999,-0.571478,36
2019-03-15 23:00:00,15.038499999999997,64.40566666666665,100.83049999999994,1.3333333333333333,0.2098681422158385,10.756901211093544,37.70814304488385,3,-0.25881904510252157,0.9659258262890681,0.10116832198743272,-0.994869323391895,1.0,6.123233995736766e-17,51.243999,-0.571478,36
2019-03-16 00:00:00,15.237333333333336,64.44949999999997,100.80466666666668,1.95,0.1618054129824607,13.207381339804904,32.43559326622698,3,0.0,1.0,-0.10116832198743204,-0.9948693233918952,1.0,6.123233995736766e-17,51.243999,-0.571478,36
2019-03-16 01:00:00,15.235666666666665,64.53800000000003,100.75516666666668,3.9166666666666665,0.1428318234128814,12.660920697214362,34.43754013335639,3,0.25881904510252074,0.9659258262890683,-0.10116832198743204,-0.9948693233918952,1.0,6.123233995736766e-17,51.243999,-0.571478,36
2019-03-16 02:00:00,15.173833333333334,64.55566666666668,100.68166666666662,3.533333333333333,0.1326865910278879,14.348269495423335,30.86186150671713,3,0.49999999999999994,0.8660254037844387,-0.10116832198743204,-0.9948693233918952,1.0,6.123233995736766e-17,51.243999,-0.571478,36
2019-03-16 03:00:00,14.989,64.46933333333332,100.61866666666677,2.933333333333333,0.12028862991465379,15.509138680139495,27.001205901251986,3,0.7071067811865476,0.7071067811865476,-0.10116832198743204,-0.9948693233918952,1.0,6.123233995736766e-17,51.243999,-0.571478,36
2019-03-16 04:00:00,14.795500000000004,64.39033333333333,100.56050000000005,2.2333333333333334,0.11817338839326887,14.927239524732784,25.944471905047894,3,0.8660254037844386,0.5000000000000001,-0.10116832198743204,-0.9948693233918952,1.0,6.123233995736766e-17,51.243999,-0.571478,36
2019-03-16 05:00:00,14.796500000000004,64.58433333333335,100.50233333333333,1.5666666666666667,0.11760153287124274,16.04219248113315,23.87722921720377,3,0.9659258262890683,0.25881904510252074,-0.10116832198743204,-0.9948693233918952,1.0,6.123233995736766e-17,51.243999,-0.571478,36
2019-03-16 06:00:00,14.896999999999984,64.52866666666671,100.45033333333332,0.8666666666666667,0.11582790541638663,15.923222398818142,24.108972689156857,3,1.0,6.123233995736766e-17,-0.10116832198743204,-0.9948693233918952,1.0,6.123233995736766e-17,51.243999,-0.571478,36
2019-03-16 07:00:00,14.936500000000006,64.5093333333333,100.41783333333332,0.8833333333333333,0.12059898445495709,14.965521853761096,25.276881847258792,3,0.9659258262890683,-0.25881904510252063,-0.10116832198743204,-0.9948693233918952,1.0,6.123233995736766e-17,51.243999,-0.571478,36
2019-03-16 08:00:00,15.011166666666671,64.39649999999999,100.37883333333329,0.7666666666666667,0.15517706062962036,14.021893638774706,27.021092679320365,3,0.8660254037844387,-0.4999999999999998,-0.10116832198743204,-0.9948693233918952,1.0,6.123233995736766e-17,51.243999,-0.571478,36
2019-03-16 09:00:00,15.340833333333336,64.46750000000002,100.32783333333332,0.15,0.14503701973548386,18.866185622564174,23.726602650674,3,0.7071067811865476,-0.7071067811865475,-0.10116832198743204,-0.9948693233918952,1.0,6.123233995736766e-17,51.243999,-0.571478,36
2019-03-16 10:00:00,15.561166666666669,63.84900000000002,100.29316666666676,1.3833333333333333,0.16561459955811486,14.737133922778948,27.445853581762076,3,0.49999999999999994,-0.8660254037844387,-0.10116832198743204,-0.9948693233918952,1.0,6.123233995736766e-17,51.243999,-0.571478,36
2019-03-16 11:00:00,15.913000000000006,63.88066666666668,100.2088333333333,0.9666666666666667,0.16896206937068706,16.033505508090833,30.58681714767108,3,0.258819045102521,-0.9659258262890682,-0.10116832198743204,-0.9948693233918952,1.0,6.123233995736766e-17,51.243999,-0.571478,36
2019-03-16 12:00:00,16.212333333333337,63.66300000000001,100.1596666666667,0.6333333333333333,0.1613891334044917,17.404194846210583,28.832049144025213,3,1.2246467991473532e-16,-1.0,-0.10116832198743204,-0.9948693233918952,1.0,6.123233995736766e-17,51.243999,-0.571478,36
2019-03-16 13:00:00,16.69066666666666,63.32716666666668,100.10283333333334,2.1166666666666667,0.16281653730766352,15.645310270585437,32.38579016178259,3,-0.2588190451025208,-0.9659258262890683,-0.10116832198743204,-0.9948693233918952,1.0,6.123233995736766e-17,51.243999,-0.571478,36
2019-03-16 14:00:00,16.85466666666667,62.994,99.97599999999993,3.4,0.16520672996253197,17.189410848247398,32.026278058011194,3,-0.4999999999999997,-0.8660254037844388,-0.10116832198743204,-0.9948693233918952,1.0,6.123233995736766e-17,51.243999,-0.571478,36
2019-03-16 15:00:00,16.674000000000003,62.6365,99.88516666666669,2.966666666666667,0.16254116131001797,15.84806955029972,27.86549188450077,3,-0.7071067811865471,-0.7071067811865479,-0.10116832198743204,-0.9948693233918952,1.0,6.123233995736766e-17,51.243999,-0.571478,36
2019-03-16 16:00:00,16.10866666666666,62.683666666666674,99.76983333333334,3.1166666666666667,0.15233464372466082,14.802979457917088,29.886740698209834,3,-0.8660254037844385,-0.5000000000000004,-0.10116832198743204,-0.9948693233918952,1.0,6.123233995736766e-17,51.243999,-0.571478,36
2019-03-16 17:00:00,15.607499999999998,62.693999999999996,99.68450000000001,3.85,0.16193975735852872,13.557925350051777,26.80727195684032,3,-0.9659258262890683,-0.25881904510252063,-0.10116832198743204,-0.9948693233918952,1.0,6.123233995736766e-17,51.243999,-0.571478,36
2019-03-16 18:00:00,15.018499999999992,62.77050000000001,99.61983333333337,3.2333333333333334,0.16641508437984548,11.799454375368919,26.86784263106787,3,-1.0,-1.8369701987210297e-16,-0.10116832198743204,-0.9948693233918952,1.0,6.123233995736766e-17,51.243999,-0.571478,36
2019-03-16 19:00:00,14.510666666666669,63.000666666666675,99.52066666666666,2.2,0.18260489993894427,10.106527444798,27.57320599259269,3,-0.9659258262890684,0.2588190451025203,-0.10116832198743204,-0.9948693233918952,1.0,6.123233995736766e-17,51.243999,-0.571478,36
2019-03-16 20:00:00,14.037166666666671,63.39316666666666,99.4306666666666,3.35,0.17160398531149385,9.814223483097363,25.9837730516208,3,-0.8660254037844386,0.5000000000000001,-0.10116832198743204,-0.9948693233918952,1.0,6.123233995736766e-17,51.243999,-0.571478,36
2019-03-16 21:00:00,13.664999999999997,63.90116666666664,99.36700000000005,1.3833333333333333,0.1549521212460631,9.3382484022068,23.42320128061941,3,-0.7071067811865477,0.7071067811865474,-0.10116832198743204,-0.9948693233918952,1.0,6.123233995736766e-17,51.243999,-0.571478,36
2019-03-16 22:00:00,13.117500000000003,64.0255,99.37316666666662,1.0,0.1531360364752856,9.80848166589362,18.31209223297732,3,-0.5000000000000004,0.8660254037844384,-0.10116832198743204,-0.9948693233918952,1.0,6.123233995736766e-17,51.243999,-0.571478,36
2019-03-16 23:00:00,12.352166666666669,64.31166666666667,99.39466666666671,0.08333333333333333,0.1525755126042669,11.340685939781592,20.559665700096307,3,-0.25881904510252157,0.9659258262890681,-0.10116832198743204,-0.9948693233918952,1.0,6.123233995736766e-17,51.243999,-0.571478,36
2019-03-17 00:00:00,11.601833333333332,64.32899999999998,99.46466666666656,0.03333333333333333,0.14223314906813192,13.017417345165288,20.752957334290105,3,0.0,1.0,-0.2993631229733582,-0.9541392564000488,1.0,6.123233995736766e-17,51.243999,-0.571478,36
2019-03-17 01:00:00,10.993166666666669,64.65683333333334,99.52933333333338,0.15,0.13708092613578962,13.806061767613102,21.46220291579734,3,0.25881904510252074,0.9659258262890683,-0.2993631229733582,-0.9541392564000488,1.0,6.123233995736766e-17,51.243999,-0.571478,36
2019-03-17 02:00:00,10.354166666666668,64.75850000000001,99.58550000000001,0.31666666666666665,0.13475035414497866,15.828934120914301,17.782893655258945,3,0.49999999999999994,0.8660254037844387,-0.2993631229733582,-0.9541392564000488,1.0,6.123233995736766e-17,51.243999,-0.571478,36
2019-03-17 03:00:00,9.633499999999996,65.0701666666667,99.61749999999999,0.13333333333333333,0.12682305236733557,14.541529918188164,19.094585811767498,3,0.7071067811865476,0.7071067811865476,-0.2993631229733582,-0.9541392564000488,1.0,6.123233995736766e-17,51.243999,-0.571478,36
2019-03-17 04:00:00,9.141500000000004,65.4885,99.70316666666662,0.35,0.12774810968940656,14.200594882479939,16.75032378470385,3,0.8660254037844386,0.5000000000000001,-0.2993631229733582,-0.9541392564000488,1.0,6.123233995736766e-17,51.243999,-0.571478,36
2019-03-17 05:00:00,8.770999999999999,65.69916666666667,99.80200000000008,0.5833333333333334,0.12468170789024022,13.595930066255315,17.55877016388401,3,0.9659258262890683,0.25881904510252074,-0.2993631229733582,-0.9541392564000488,1.0,6.123233995736766e-17,51.243999,-0.571478,36
2019-03-17 06:00:00,8.345500000000003,65.77200000000005,99.88916666666664,0.7,0.13310791659528856,13.964131582053687,18.312088825836053,3,1.0,6.123233995736766e-17,-0.2993631229733582,-0.9541392564000488,1.0,6.123233995736766e-17,51.243999,-0.571478,36
2019-03-17 07:00:00,7.969833333333339,66.03383333333333,99.98066666666668,0.75,0.1374117323564422,12.210441890662887,21.74081518560624,3,0.9659258262890683,-0.25881904510252063,-0.2993631229733582,-0.9541392564000488,1.0,6.123233995736766e-17,51.243999,-0.571478,36
2019-03-17 08:00:00,8.171499999999998,66.70550000000001,100.10399999999997,1.45,0.14369593309789552,12.950565526241519,24.479962811481805,3,0.8660254037844387,-0.4999999999999998,-0.2993631229733582,-0.9541392564000488,1.0,6.123233995736766e-17,51.243999,-0.571478,36
2019-03-17 09:00:00,9.080833333333334,67.08549999999998,100.19549999999997,0.95,0.14965220272686147,14.818277755070874,24.601694570473207,3,0.7071067811865476,-0.7071067811865475,-0.2993631229733582,-0.9541392564000488,1.0,6.123233995736766e-17,51.243999,-0.571478,36
2019-03-17 10:00:00,9.84116666666667,67.22916666666664,100.26966666666672,0.5333333333333333,0.15282480892643002,16.321883367768212,23.95413719819114,3,0.49999999999999994,-0.8660254037844387,-0.2993631229733582,-0.9541392564000488,1.0,6.123233995736766e-17,51.243999,-0.571478,36
2019-03-17 11:00:00,11.337166666666668,67.45683333333334,100.34866666666659,0.8,0.16239521756031988,21.543127795645663,25.850878404759126,3,0.258819045102521,-0.9659258262890682,-0.2993631229733582,-0.9541392564000488,1.0,6.123233995736766e-17,51.243999,-0.571478,36
2019-03-17 12:00:00,12.694000000000004,67.00133333333333,100.38450000000002,1.1333333333333333,0.1651400903097148,25.136918129658618,23.15267130840997,3,1.2246467991473532e-16,-1.0,-0.2993631229733582,-0.9541392564000488,1.0,6.123233995736766e-17,51.243999,-0.571478,36
2019-03-17 13:00:00,13.45916666666667,66.39866666666668,100.42883333333324,0.7333333333333333,0.18553618911451666,24.87363839407114,24.660262489308984,3,-0.2588190451025208,-0.9659258262890683,-0.2993631229733582,-0.9541392564000488,1.0,6.123233995736766e-17,51.243999,-0.571478,36
2019-03-17 14:00:00,14.5225,65.64316666666667,100.45833333333331,0.2,0.17910064943051288,25.183070357758627,21.59564588107041,3,-0.4999999999999997,-0.8660254037844388,-0.2993631229733582,-0.9541392564000488,1.0,6.123233995736766e-17,51.243999,-0.571478,36
2019-03-17 15:00:00,16.22283333333333,64.82266666666665,100.4781666666666,1.45,0.15958542207492712,27.729010333967256,21.94902784836986,3,-0.7071067811865471,-0.7071067811865479,-0.2993631229733582,-0.9541392564000488,1.0,6.123233995736766e-17,51.243999,-0.571478,36
2019-03-17 16:00:00,13.991666666666667,63.055833333333325,100.54033333333342,5.366666666666666,0.2070246835206732,15.952784883075966,34.86097273114964,3,-0.8660254037844385,-0.5000000000000004,-0.2993631229733582,-0.9541392564000488,1.0,6.123233995736766e-17,51.243999,-0.571478,36
2019-03-17 17:00:00,13.306666666666663,64.3958333333333,100.60983333333336,7.516666666666667,0.1966386113563587,14.098354205123394,29.375015122402534,3,-0.9659258262890683,-0.25881904510252063,-0.2993631229733582,-0.9541392564000488,1.0,6.123233995736766e-17,51.243999,-0.571478,36
2019-03-17 18:00:00,12.892499999999997,64.64716666666666,100.7013333333333,3.9833333333333334,0.19440364544212665,11.726646507719828,32.975040119065866,3,-1.0,-1.8369701987210297e-16,-0.2993631229733582,-0.9541392564000488,1.0,6.123233995736766e-17,51.243999,-0.571478,36
2019-03-17 19:00:00,11.527499999999996,64.99983333333331,100.79366666666667,3.3833333333333333,0.19065161182635582,12.347420008041611,31.38137367784436,3,-0.9659258262890684,0.2588190451025203,-0.2993631229733582,-0.9541392564000488,1.0,6.123233995736766e-17,51.243999,-0.571478,36
2019-03-17 20:00:00,11.139500000000009,65.752,100.88150000000002,4.083333333333333,0.20739211536011862,10.030481906908973,31.94579843184617,3,-0.8660254037844386,0.5000000000000001,-0.2993631229733582,-0.9541392564000488,1.0,6.123233995736766e-17,51.243999,-0.571478,36
2019-03-17 21:00:00,10.911499999999998,65.5856666666667,100.97816666666661,3.55,0.2216939975445948,9.657609522790862,37.12225660542677,3,-0.7071067811865477,0.7071067811865474,-0.2993631229733582,-0.9541392564000488,1.0,6.123233995736766e-17,51.243999,-0.571478,36
2019-03-17 22:00:00,10.176000000000005,65.39983333333335,101.07066666666665,4.95,0.24039263016063347,10.783737936815026,38.041099275895945,3,-0.5000000000000004,0.8660254037844384,-0.2993631229733582,-0.9541392564000488,1.0,6.123233995736766e-17,51.243999,-0.571478,36
2019-03-17 23:00:00,10.017666666666663,66.23550000000002,101.16166666666669,3.1,0.19470811590478812,10.46329483641898,29.707433755710213,3,-0.25881904510252157,0.9659258262890681,-0.2993631229733582,-0.9541392564000488,1.0,6.123233995736766e-17,51.243999,-0.571478,36
2019-03-18 00:00:00,10.06566666666666,66.1493333333333,101.22949999999994,1.4666666666666666,0.17308757022502755,11.996542498456996,25.40218650231537,3,0.0,1.0,-0.4853019625310808,-0.8743466161445822,1.0,6.123233995736766e-17,51.243999,-0.571478,36
2019-03-18 01:00:00,9.87916666666667,66.10100000000006,101.32233333333332,0.8166666666666667,0.17269833063194825,17.11114884703754,15.788399596799328,3,0.25881904510252074,0.9659258262890683,-0.4853019625310808,-0.8743466161445822,1.0,6.123233995736766e-17,51.243999,-0.571478,36
2019-03-18 02:00:00,9.460999999999997,65.90383333333332,101.40300000000003,1.0166666666666666,0.16059268188227224,17.326019216015343,15.674587811831438,3,0.49999999999999994,0.8660254037844387,-0.4853019625310808,-0.8743466161445822,1.0,6.123233995736766e-17,51.243999,-0.571478,36
2019-03-18 03:00:00,8.974333333333336,65.7645,101.46083333333338,1.35,0.15438354823619316,15.98306045047969,17.839841711363405,3,0.7071067811865476,0.7071067811865476,-0.4853019625310808,-0.8743466161445822,1.0,6.123233995736766e-17,51.243999,-0.571478,36
2019-03-18 04:00:00,8.566833333333332,65.79266666666665,101.48849999999999,0.6,0.1552810417682431,16.74091740300603,17.54082797662359,3,0.8660254037844386,0.5000000000000001,-0.4853019625310808,-0.8743466161445822,1.0,6.123233995736766e-17,51.243999,-0.571478,36
2019-03-18 05:00:00,8.613999999999995,66.3225,101.54283333333335,0.6166666666666667,0.14957850334488557,18.236990936961366,15.396039492530035,3,0.9659258262890683,0.25881904510252074,-0.4853019625310808,-0.8743466161445822,1.0,6.123233995736766e-17,51.243999,-0.571478,36
2019-03-18 06:00:00,8.598000000000003,66.05283333333333,101.60616666666665,0.6833333333333333,0.15037377921558803,16.30927558176183,22.09665919149123,3,1.0,6.123233995736766e-17,-0.4853019625310808,-0.8743466161445822,1.0,6.123233995736766e-17,51.243999,-0.571478,36
2019-03-18 07:00:00,8.655000000000001,66.15033333333332,101.68233333333329,2.8,0.23294821269343455,21.646863275239827,47.28107336451972,3,0.9659258262890683,-0.25881904510252063,-0.4853019625310808,-0.8743466161445822,1.0,6.123233995736766e-17,51.243999,-0.571478,36
2019-03-18 08:00:00,9.518,66.79766666666664,101.74566666666668,3.716666666666667,0.2571041847308058,25.172928541839546,50.58677455548441,3,0.8660254037844387,-0.4999999999999998,-0.4853019625310808,-0.8743466161445822,1.0,6.123233995736766e-17,51.243999,-0.571478,36
2019-03-18 09:00:00,11.246166666666666,66.96949999999998,101.77483333333343,3.316666666666667,0.2357071467005767,25.359761045153846,44.40680532337578,3,0.7071067811865476,-0.7071067811865475,-0.4853019625310808,-0.8743466161445822,1.0,6.123233995736766e-17,51.243999,-0.571478,36
2019-03-18 10:00:00,12.977666666666671,66.46233333333335,101.82533333333332,2.7,0.28885238040331906,26.488439598126106,34.35535609877408,3,0.49999999999999994,-0.8660254037844387,-0.4853019625310808,-0.8743466161445822,1.0,6.123233995736766e-17,51.243999,-0.571478,36
2019-03-18 11:00:00,14.817333333333334,65.77983333333333,101.86083333333333,2.4,0.2105220489016564,26.16687005182207,33.39352632343905,3,0.258819045102521,-0.9659258262890682,-0.4853019625310808,-0.8743466161445822,1.0,6.123233995736766e-17,51.243999,-0.571478,36
2019-03-18 12:00:00,15.781333333333333,64.63833333333334,101.88566666666672,2.683333333333333,0.2132782183817166,26.0173552033578,24.115904646222205,3,1.2246467991473532e-16,-1.0,-0.4853019625310808,-0.8743466161445822,1.0,6.123233995736766e-17,51.243999,-0.571478,36
2019-03-18 13:00:00,16.702499999999993,64.04649999999998,101.85783333333333,3.033333333333333,0.23319906297082074,28.44627013439484,30.34698890999484,3,-0.2588190451025208,-0.9659258262890683,-0.4853019625310808,-0.8743466161445822,1.0,6.123233995736766e-17,51.243999,-0.571478,36
2019-03-18 14:00:00,18.446499999999997,63.39300000000002,101.83066666666672,0.9333333333333333,0.21390532952503938,28.998896278419735,26.65576257750657,3,-0.4999999999999997,-0.8660254037844388,-0.4853019625310808,-0.8743466161445822,1.0,6.123233995736766e-17,51.243999,-0.571478,36
2019-03-18 15:00:00,19.57716666666666,61.899499999999996,101.84033333333335,3.7666666666666666,0.23048883120077662,32.16374010947065,27.3023657381135,3,-0.7071067811865471,-0.7071067811865479,-0.4853019625310808,-0.8743466161445822,1.0,6.123233995736766e-17,51.243999,-0.571478,36
2019-03-18 16:00:00,16.9875,60.604333333333315,101.89499999999991,2.6166666666666667,0.26646788239970837,16.36418427409718,34.147187036866384,3,-0.8660254037844385,-0.5000000000000004,-0.4853019625310808,-0.8743466161445822,1.0,6.123233995736766e-17,51.243999,-0.571478,36
2019-03-18 17:00:00,15.169500000000003,61.775499999999994,101.92099999999999,5.1,0.3294396479853818,22.93819157406937,51.64526626607887,3,-0.9659258262890683,-0.25881904510252063,-0.4853019625310808,-0.8743466161445822,1.0,6.123233995736766e-17,51.243999,-0.571478,36
2019-03-18 18:00:00,14.351,62.04133333333336,101.96683333333321,5.083333333333333,0.3354521917456215,13.910356682083462,41.55494344509775,3,-1.0,-1.8369701987210297e-16,-0.4853019625310808,-0.8743466161445822,1.0,6.123233995736766e-17,51.243999,-0.571478,36
2019-03-18 19:00:00,13.170833333333336,62.31416666666665,102.01866666666663,12.383333333333333,0.3748229626506076,8.512947950606156,44.5992102917535,3,-0.9659258262890684,0.2588190451025203,-0.4853019625310808,-0.8743466161445822,1.0,6.123233995736766e-17,51.243999,-0.571478,36
2019-03-18 20:00:00,12.088666666666665,62.44533333333332,102.06450000000008,23.333333333333332,0.3822183519575158,11.987931967765096,46.914501897778514,3,-0.8660254037844386,0.5000000000000001,-0.4853019625310808,-0.8743466161445822,1.0,6.123233995736766e-17,51.243999,-0.571478,36
2019-03-18 21:00:00,11.807333333333323,63.22366666666668,102.12150000000001,42.266666666666666,0.34198578193015033,10.097171712839753,43.06900562844414,3,-0.7071067811865477,0.7071067811865474,-0.4853019625310808,-0.8743466161445822,1.0,6.123233995736766e-17,51.243999,-0.571478,36
2019-03-18 22:00:00,11.743999999999994,63.26833333333334,102.14949999999993,34.53333333333333,0.3450937913169139,11.85466700143997,42.33079113165452,3,-0.5000000000000004,0.8660254037844384,-0.4853019625310808,-0.8743466161445822,1.0,6.123233995736766e-17,51.243999,-0.571478,36
2019-03-18 23:00:00,11.577166666666663,63.19916666666665,102.16833333333334,32.833333333333336,0.3156092718998863,12.482071554341735,35.80284052696967,3,-0.25881904510252157,0.9659258262890681,-0.4853019625310808,-0.8743466161445822,1.0,6.123233995736766e-17,51.243999,-0.571478,36
2019-03-19 00:00:00,11.353166666666663,63.133666666666684,102.1806666666665,29.783333333333335,0.3616354467827165,12.801370773970671,34.96410068336503,3,0.0,1.0,-0.651372482722222,-0.7587581226927911,1.0,6.123233995736766e-17,51.243999,-0.571478,36
2019-03-19 01:00:00,11.128666666666664,63.28433333333336,102.19149999999993,27.95,0.33226546026767867,12.732843210813208,27.609557937829297,3,0.25881904510252074,0.9659258262890683,-0.651372482722222,-0.7587581226927911,1.0,6.123233995736766e-17,51.243999,-0.571478,36
2019-03-19 02:00:00,10.974833333333327,63.39866666666663,102.21033333333334,28.35,0.3029797714584404,12.663313921548157,25.017615955676096,3,0.49999999999999994,0.8660254037844387,-0.651372482722222,-0.7587581226927911,1.0,6.123233995736766e-17,51.243999,-0.571478,36
2019-03-19 03:00:00,10.875333333333337,63.50866666666665,102.20183333333335,25.05,0.3051337687394854,14.232046063007463,23.27507951675973,3,0.7071067811865476,0.7071067811865476,-0.651372482722222,-0.7587581226927911,1.0,6.123233995736766e-17,51.243999,-0.571478,36
2019-03-19 04:00:00,10.775833333333342,63.43583333333333,102.23733333333328,23.4,0.28093559546870134,16.21292450552163,25.63662067177335,3,0.8660254037844386,0.5000000000000001,-0.651372482722222,-0.7587581226927911,1.0,6.123233995736766e-17,51.243999,-0.571478,36
2019-03-19 05:00:00,10.818333333333337,63.752000000000024,102.27166666666666,22.683333333333334,0.26838365892708893,14.562972514071472,23.33019709747362,3,0.9659258262890683,0.25881904510252074,-0.651372482722222,-0.7587581226927911,1.0,6.123233995736766e-17,51.243999,-0.571478,36
2019-03-19 06:00:00,10.99733333333334,63.77933333333332,102.30050000000006,23.0,0.2751101374411954,16.042294919424265,27.327822290514415,3,1.0,6.123233995736766e-17,-0.651372482722222,-0.7587581226927911,1.0,6.123233995736766e-17,51.243999,-0.571478,36
2019-03-19 07:00:00,11.205166666666663,63.923000000000016,102.35350000000001,22.4,0.3163100766051278,23.928463171711755,48.55476789144166,3,0.9659258262890683,-0.25881904510252063,-0.651372482722222,-0.7587581226927911,1.0,6.123233995736766e-17,51.243999,-0.571478,36
2019-03-19 08:00:00,11.881666666666664,64.22366666666672,102.39183333333328,22.8,0.4197914236518331,32.290936307789046,58.69375441300151,3,0.8660254037844387,-0.4999999999999998,-0.651372482722222,-0.7587581226927911,1.0,6.123233995736766e-17,51.243999,-0.571478,36
2019-03-19 09:00:00,13.069,64.54650000000001,102.43983333333334,25.483333333333334,0.4225330837297562,30.76188658395055,63.517191501394045,3,0.7071067811865476,-0.7071067811865475,-0.651372482722222,-0.7587581226927911,1.0,6.123233995736766e-17,51.243999,-0.571478,36
2019-03-19 10:00:00,14.670999999999994,64.35683333333333,102.47949999999994,19.5,0.3237880117806739,21.478558714982746,45.45982657471369,3,0.49999999999999994,-0.8660254037844387,-0.651372482722222,-0.7587581226927911,1.0,6.123233995736766e-17,51.243999,-0.571478,36
2019-03-19 11:00:00,15.402166666666664,63.92300000000001,102.51550000000005,19.15,0.3043202237098142,24.43585101205273,41.07119961374836,3,0.258819045102521,-0.9659258262890682,-0.651372482722222,-0.7587581226927911,1.0,6.123233995736766e-17,51.243999,-0.571478,36
2019-03-19 12:00:00,17.040333333333333,64.29666666666667,102.52299999999998,353.85,0.29174735824317716,26.402369797397544,32.510892101080124,3,1.2246467991473532e-16,-1.0,-0.651372482722222,-0.7587581226927911,1.0,6.123233995736766e-17,51.243999,-0.571478,36
2019-03-19 13:00:00,18.42783333333334,63.50700000000003,102.52550000000014,1129.8166666666666,0.304842178062997,27.52414401879963,24.69959861374673,3,-0.2588190451025208,-0.9659258262890683,-0.651372482722222,-0.7587581226927911,1.0,6.123233995736766e-17,51.243999,-0.571478,36
2019-03-19 14:00:00,19.296,62.95816666666669,102.50666666666675,1517.9833333333333,0.2892008330368398,28.658186137892447,24.835184411376122,3,-0.4999999999999997,-0.8660254037844388,-0.651372482722222,-0.7587581226927911,1.0,6.123233995736766e-17,51.243999,-0.571478,36
2019-03-19 15:00:00,18.979000000000003,62.56899999999997,102.49833333333329,368.6666666666667,0.2980463652096759,25.467717163618836,26.034955800413158,3,-0.7071067811865471,-0.7071067811865479,-0.651372482722222,-0.7587581226927911,1.0,6.123233995736766e-17,51.243999,-0.571478,36
2019-03-19 16:00:00,17.979500000000005,62.3805,102.51733333333344,1759.9833333333333,0.3182097955952052,20.274948286581346,27.73172799752105,3,-0.8660254037844385,-0.5000000000000004,-0.651372482722222,-0.7587581226927911,1.0,6.123233995736766e-17,51.243999,-0.571478,36
2019-03-19 17:00:00,17.175333333333338,62.65783333333335,102.52616666666671,3416.733333333333,0.36334080496879123,20.871791876139092,39.22256001056274,3,-0.9659258262890683,-0.25881904510252063,-0.651372482722222,-0.7587581226927911,1.0,6.123233995736766e-17,51.243999,-0.571478,36
2019-03-19 18:00:00,16.38283333333333,62.84899999999998,102.55983333333337,3460.7,0.34690870043617483,18.337363515064354,40.96487640820051,3,-1.0,-1.8369701987210297e-16,-0.651372482722222,-0.7587581226927911,1.0,6.123233995736766e-17,51.243999,-0.571478,36
2019-03-19 19:00:00,15.620500000000002,63.00333333333334,102.64300000000004,1411.1833333333334,0.347763212847172,14.593259177530223,33.317539100225744,3,-0.9659258262890684,0.2588190451025203,-0.651372482722222,-0.7587581226927911,1.0,6.123233995736766e-17,51.243999,-0.571478,36
2019-03-19 20:00:00,15.10733333333332,63.35483333333334,102.67933333333325,20.966666666666665,0.31313528206412145,12.941788170391213,33.873084970229804,3,-0.8660254037844386,0.5000000000000001,-0.651372482722222,-0.7587581226927911,1.0,6.123233995736766e-17,51.243999,-0.571478,36
2019-03-19 21:00:00,14.675500000000003,63.24850000000001,102.68700000000004,51.35,0.3448599938065808,15.854023062632915,33.384920759917755,3,-0.7071067811865477,0.7071067811865474,-0.651372482722222,-0.7587581226927911,1.0,6.123233995736766e-17,51.243999,-0.571478,36
2019-03-19 22:00:00,14.38400000000001,63.74083333333335,102.74083333333324,26.3,0.29983362905811717,13.47802762194497,28.58696266165507,3,-0.5000000000000004,0.8660254037844384,-0.651372482722222,-0.7587581226927911,1.0,6.123233995736766e-17,51.243999,-0.571478,36
2019-03-19 23:00:00,14.522833333333322,63.90983333333335,102.7578333333335,18.383333333333333,0.309593044043556,20.065831880714224,31.143095568044203,3,-0.25881904510252157,0.9659258262890681,-0.651372482722222,-0.7587581226927911,1.0,6.123233995736766e-17,51.243999,-0.571478,36
2019-03-20 00:00:00,14.591333333333328,63.860000000000035,102.77766666666669,15.966666666666667,0.2625708187831908,16.882350055459135,23.84771343796343,3,0.0,1.0,-0.7907757369376986,-0.6121059825476627,1.0,6.123233995736766e-17,51.243999,-0.571478,36
2019-03-20 01:00:00,14.582999999999993,63.783333333333324,102.77983333333331,15.45,0.24179847657262335,15.145212062523136,30.46130615472374,3,0.25881904510252074,0.9659258262890683,-0.7907757369376986,-0.6121059825476627,1.0,6.123233995736766e-17,51.243999,-0.571478,36
2019-03-20 02:00:00,14.412,63.696999999999996,102.78366666666668,146.96666666666667,0.23144873320419404,13.9441057002575,27.495231368883204,3,0.49999999999999994,0.8660254037844387,-0.7907757369376986,-0.6121059825476627,1.0,6.123233995736766e-17,51.243999,-0.571478,36
2019-03-20 03:00:00,14.230500000000006,63.83249999999999,102.78266666666666,26.95,0.23483083817605996,13.640993013470853,26.24462505964382,3,0.7071067811865476,0.7071067811865476,-0.7907757369376986,-0.6121059825476627,1.0,6.123233995736766e-17,51.243999,-0.571478,36
2019-03-20 04:00:00,14.323499999999994,63.77300000000001,102.7856666666667,12.833333333333334,0.2267419192351786,15.001424185273521,26.116596800169603,3,0.8660254037844386,0.5000000000000001,-0.7907757369376986,-0.6121059825476627,1.0,6.123233995736766e-17,51.243999,-0.571478,36
2019-03-20 05:00:00,14.113833333333332,63.671666666666695,102.80916666666664,121.81666666666666,0.2405094328848595,14.948568651622894,30.402047024040016,3,0.9659258262890683,0.25881904510252074,-0.7907757369376986,-0.6121059825476627,1.0,6.123233995736766e-17,51.243999,-0.571478,36
2019-03-20 06:00:00,14.175333333333327,63.937,102.843,13.4,0.24499629525917907,14.985050527686248,38.36224156737589,3,1.0,6.123233995736766e-17,-0.7907757369376986,-0.6121059825476627,1.0,6.123233995736766e-17,51.243999,-0.571478,36
2019-03-20 07:00:00,14.251166666666665,64.01233333333337,102.89633333333335,10.066666666666666,0.27003716040516396,16.133586750060655,47.492311472300315,3,0.9659258262890683,-0.25881904510252063,-0.7907757369376986,-0.6121059825476627,1.0,6.123233995736766e-17,51.243999,-0.571478,36
2019-03-20 08:00:00,14.636833333333334,64.262,102.9538333333334,7.266666666666667,0.3108295093362499,33.4397320580553,62.29231157123895,3,0.8660254037844387,-0.4999999999999998,-0.7907757369376986,-0.6121059825476627,1.0,6.123233995736766e-17,51.243999,-0.571478,36
2019-03-20 09:00:00,15.397166666666669,64.26983333333335,103.00183333333335,11.516666666666667,0.34631420489236187,21.73918598788607,44.47569983586515,3,0.7071067811865476,-0.7071067811865475,-0.7907757369376986,-0.6121059825476627,1.0,6.123233995736766e-17,51.243999,-0.571478,36
2019-03-20 10:00:00,15.820833333333333,63.97233333333329,103.06333333333329,6.75,0.24162722721502583,21.654267668187043,42.70300994470894,3,0.49999999999999994,-0.8660254037844387,-0.7907757369376986,-0.6121059825476627,1.0,6.123233995736766e-17,51.243999,-0.571478,36
2019-03-20 11:00:00,16.448666666666668,64.06666666666669,103.06483333333341,10.666666666666666,0.25581456485739756,24.074760852532954,39.54768363909318,3,0.258819045102521,-0.9659258262890682,-0.7907757369376986,-0.6121059825476627,1.0,6.123233995736766e-17,51.243999,-0.571478,36
2019-03-20 12:00:00,17.38783333333333,63.776999999999965,103.05766666666676,54.016666666666666,0.24326657431444104,22.61449368184963,28.097288667066536,3,1.2246467991473532e-16,-1.0,-0.7907757369376986,-0.6121059825476627,1.0,6.123233995736766e-17,51.243999,-0.571478,36
2019-03-20 13:00:00,17.941166666666668,63.429499999999976,103.04750000000003,20.466666666666665,0.2820793472531526,23.286845580197337,31.582686833572073,3,-0.2588190451025208,-0.9659258262890683,-0.7907757369376986,-0.6121059825476627,1.0,6.123233995736766e-17,51.243999,-0.571478,36
2019-03-20 14:00:00,18.465333333333326,63.31633333333334,103.02700000000011,30.3,0.28870737950285724,26.876961351259784,36.43165224621999,3,-0.4999999999999997,-0.8660254037844388,-0.7907757369376986,-0.6121059825476627,1.0,6.123233995736766e-17,51.243999,-0.571478,36
2019-03-20 15:00:00,18.60866666666666,63.0275,102.98966666666655,22.666666666666668,0.28203146564409365,25.771062052334084,30.539677740667663,3,-0.7071067811865471,-0.7071067811865479,-0.7907757369376986,-0.6121059825476627,1.0,6.123233995736766e-17,51.243999,-0.571478,36
2019-03-20 16:00:00,18.601166666666664,62.86666666666667,102.98166666666663,43.65,0.2641713519223758,23.466145044292393,31.30471953957977,3,-0.8660254037844385,-0.5000000000000004,-0.7907757369376986,-0.6121059825476627,1.0,6.123233995736766e-17,51.243999,-0.571478,36
2019-03-20 17:00:00,18.525333333333336,62.808000000000014,102.96949999999995,13.4,0.3021797522412709,21.179114882508348,31.783239023809895,3,-0.9659258262890683,-0.25881904510252063,-0.7907757369376986,-0.6121059825476627,1.0,6.123233995736766e-17,51.243999,-0.571478,36
2019-03-20 18:00:00,17.7725,62.589666666666666,103.0123333333333,9.083333333333334,0.31561061633305665,21.362788350428364,38.231161147748644,3,-1.0,-1.8369701987210297e-16,-0.7907757369376986,-0.6121059825476627,1.0,6.123233995736766e-17,51.243999,-0.571478,36
2019-03-20 19:00:00,17.235666666666663,62.81749999999999,103.03799999999998,15.233333333333333,0.3600547425777801,18.626850003947627,44.7931620443858,3,-0.9659258262890684,0.2588190451025203,-0.7907757369376986,-0.6121059825476627,1.0,6.123233995736766e-17,51.243999,-0.571478,36
2019-03-20 20:00:00,16.75116666666667,62.90533333333335,103.05050000000004,15.966666666666667,0.3093652411919477,13.480097034070525,38.03344425588103,3,-0.8660254037844386,0.5000000000000001,-0.7907757369376986,-0.6121059825476627,1.0,6.123233995736766e-17,51.243999,-0.571478,36
2019-03-20 21:00:00,16.20083333333333,62.98799999999999,103.08916666666677,17.716666666666665,0.26906716060282615,13.464661249703681,31.830115350104542,3,-0.7071067811865477,0.7071067811865474,-0.7907757369376986,-0.6121059825476627,1.0,6.123233995736766e-17,51.243999,-0.571478,36
2019-03-20 22:00:00,15.651166666666667,63.134,103.08750000000003,17.366666666666667,0.23890835266031515,14.140466752994682,27.14546383393631,3,-0.5000000000000004,0.8660254037844384,-0.7907757369376986,-0.6121059825476627,1.0,6.123233995736766e-17,51.243999,-0.571478,36
2019-03-20 23:00:00,15.152333333333338,63.19633333333334,103.08783333333336,17.816666666666666,0.22008529886541833,13.13289057992394,25.545678997915267,3,-0.25881904510252157,0.9659258262890681,-0.7907757369376986,-0.6121059825476627,1.0,6.123233995736766e-17,51.243999,-0.571478,36
2019-03-21 00:00:00,14.535166666666669,63.25816666666669,103.08916666666671,18.733333333333334,0.18240832751327626,12.835633349744453,23.520452181383053,3,0.0,1.0,-0.8978045395707417,-0.44039415155763423,1.0,6.123233995736766e-17,51.243999,-0.571478,36
2019-03-21 01:00:00,14.336500000000001,63.487666666666655,103.07016666666672,20.3,0.1836545181212416,13.531323621935714,25.220314603934828,3,0.25881904510252074,0.9659258262890683,-0.8978045395707417,-0.44039415155763423,1.0,6.123233995736766e-17,51.243999,-0.571478,36
2019-03-21 02:00:00,14.256333333333338,63.49366666666669,103.044,19.783333333333335,0.17108463834385332,13.52854864273263,23.78437706516921,3,0.49999999999999994,0.8660254037844387,-0.8978045395707417,-0.44039415155763423,1.0,6.123233995736766e-17,51.243999,-0.571478,36
2019-03-21 03:00:00,14.251833333333327,63.59416666666666,103.01400000000011,19.483333333333334,0.17685701163132894,13.788677576209473,22.594736922540985,3,0.7071067811865476,0.7071067811865476,-0.8978045395707417,-0.44039415155763423,1.0,6.123233995736766e-17,51.243999,-0.571478,36
2019-03-21 04:00:00,14.408333333333337,63.47199999999998,102.99283333333324,22.366666666666667,0.17915015483547905,13.565079729897707,24.447729941724063,3,0.8660254037844386,0.5000000000000001,-0.8978045395707417,-0.44039415155763423,1.0,6.123233995736766e-17,51.243999,-0.571478,36
2019-03-21 05:00:00,14.48300000000001,63.58133333333334,102.99933333333338,17.166666666666668,0.16973143434756052,15.659369018812736,24.837879679822397,3,0.9659258262890683,0.25881904510252074,-0.8978045395707417,-0.44039415155763423,1.0,6.123233995736766e-17,51.243999,-0.571478,36
2019-03-21 06:00:00,14.480166666666669,63.58183333333334,103.03500000000007,8.483333333333333,0.1693378413518345,14.35529895867037,26.300888805411194,3,1.0,6.123233995736766e-17,-0.8978045395707417,-0.44039415155763423,1.0,6.123233995736766e-17,51.243999,-0.571478,36
2019-03-21 07:00:00,14.423833333333341,63.576333333333324,103.08433333333342,10.466666666666667,0.21593634318130914,18.12870646245067,49.27702163098723,3,0.9659258262890683,-0.25881904510252063,-0.8978045395707417,-0.44039415155763423,1.0,6.123233995736766e-17,51.243999,-0.571478,36
2019-03-21 08:00:00,14.764833333333327,63.989666666666686,103.1024999999999,12.55,0.3336697585445025,31.633375998942537,71.08173289356955,3,0.8660254037844387,-0.4999999999999998,-0.8978045395707417,-0.44039415155763423,1.0,6.123233995736766e-17,51.243999,-0.571478,36
2019-03-21 09:00:00,15.851500000000003,64.42966666666669,103.13283333333332,8.483333333333333,0.29971544698037866,20.752028947232663,51.12965778835221,3,0.7071067811865476,-0.7071067811865475,-0.8978045395707417,-0.44039415155763423,1.0,6.123233995736766e-17,51.243999,-0.571478,36
2019-03-21 10:00:00,17.321833333333327,63.94516666666667,103.15449999999996,5.95,0.23905101971791382,26.497610223942548,41.80012156710952,3,0.49999999999999994,-0.8660254037844387,-0.8978045395707417,-0.44039415155763423,1.0,6.123233995736766e-17,51.243999,-0.571478,36
2019-03-21 11:00:00,18.085833333333333,63.35166666666668,103.17000000000004,5.216666666666667,0.2127149532638441,28.944410589796355,39.92041099123768,3,0.258819045102521,-0.9659258262890682,-0.8978045395707417,-0.44039415155763423,1.0,6.123233995736766e-17,51.243999,-0.571478,36
2019-03-21 12:00:00,18.6165,63.16633333333334,103.16299999999993,5.0,0.2152679561936388,26.035258218965154,39.41379717375946,3,1.2246467991473532e-16,-1.0,-0.8978045395707417,-0.44039415155763423,1.0,6.123233995736766e-17,51.243999,-0.571478,36
2019-03-21 13:00:00,19.38783333333333,62.973166666666664,103.12833333333326,4.8,0.23867588212298096,28.8603736363275,38.44994686316311,3,-0.2588190451025208,-0.9659258262890683,-0.8978045395707417,-0.44039415155763423,1.0,6.123233995736766e-17,51.243999,-0.571478,36
2019-03-21 14:00:00,20.454666666666657,62.640333333333345,103.08216666666668,6.483333333333333,0.22487007831820122,29.357665300225015,35.38222604700546,3,-0.4999999999999997,-0.8660254037844388,-0.8978045395707417,-0.44039415155763423,1.0,6.123233995736766e-17,51.243999,-0.571478,36
2019-03-21 15:00:00,20.782499999999995,62.09116666666667,103.00999999999995,7.066666666666666,0.2620523972046156,29.430819893433085,39.40583793982405,3,-0.7071067811865471,-0.7071067811865479,-0.8978045395707417,-0.44039415155763423,1.0,6.123233995736766e-17,51.243999,-0.571478,36
2019-03-21 16:00:00,20.49449999999999,61.78716666666665,102.95283333333322,14.666666666666666,0.3033841431997576,33.56206491144492,43.56161559357563,3,-0.8660254037844385,-0.5000000000000004,-0.8978045395707417,-0.44039415155763423,1.0,6.123233995736766e-17,51.243999,-0.571478,36
2019-03-21 17:00:00,19.975500000000004,61.80950000000001,102.94249999999991,16.55,0.22185521312389897,19.015002693513892,27.776565839895852,3,-0.9659258262890683,-0.25881904510252063,-0.8978045395707417,-0.44039415155763423,1.0,6.123233995736766e-17,51.243999,-0.571478,36
2019-03-21 18:00:00,19.144166666666663,61.97500000000003,102.93783333333333,14.416666666666666,0.23702284624946734,21.890451164434822,34.23959884766666,3,-1.0,-1.8369701987210297e-16,-0.8978045395707417,-0.44039415155763423,1.0,6.123233995736766e-17,51.243999,-0.571478,36
2019-03-21 19:00:00,18.399500000000003,62.27499999999999,102.9336666666666,22.85,0.27337191921321613,15.940875251399593,33.202502951476184,3,-0.9659258262890684,0.2588190451025203,-0.8978045395707417,-0.44039415155763423,1.0,6.123233995736766e-17,51.243999,-0.571478,36
2019-03-21 20:00:00,17.927833333333336,62.51133333333336,102.95166666666661,13.95,0.21231850262012364,14.862573307759646,29.471714855434925,3,-0.8660254037844386,0.5000000000000001,-0.8978045395707417,-0.44039415155763423,1.0,6.123233995736766e-17,51.243999,-0.571478,36
2019-03-21 21:00:00,17.579999999999995,62.55116666666668,102.96466666666664,16.933333333333334,0.21571628682558713,13.781819281630499,26.254809107140552,3,-0.7071067811865477,0.7071067811865474,-0.8978045395707417,-0.44039415155763423,1.0,6.123233995736766e-17,51.243999,-0.571478,36
2019-03-21 22:00:00,17.114666666666675,62.55183333333332,102.94250000000011,26.416666666666668,0.23305409699070098,12.214753467183053,30.246404080652496,3,-0.5000000000000004,0.8660254037844384,-0.8978045395707417,-0.44039415155763423,1.0,6.123233995736766e-17,51.243999,-0.571478,36
2019-03-21 23:00:00,16.787833333333328,62.587,102.8831666666666,26.966666666666665,0.23270495759045237,12.211471584724169,29.560220505189363,3,-0.25881904510252157,0.9659258262890681,-0.8978045395707417,-0.44039415155763423,1.0,6.123233995736766e-17,51.243999,-0.571478,36
2019-03-22 00:00:00,16.406000000000006,62.64283333333334,102.82550000000002,28.516666666666666,0.21253298336122578,11.747033557397264,28.641023155705355,3,0.0,1.0,-0.9680771188662041,-0.2506525322587213,1.0,6.123233995736766e-17,51.243999,-0.571478,36
2019-03-22 01:00:00,16.008999999999997,62.713833333333326,102.77400000000011,29.566666666666666,0.21320706236465614,13.323317118946715,30.973495366155706,3,0.25881904510252074,0.9659258262890683,-0.9680771188662041,-0.2506525322587213,1.0,6.123233995736766e-17,51.243999,-0.571478,36
2019-03-22 02:00:00,15.648166666666667,62.8345,102.7603333333334,25.233333333333334,0.18559731135328403,15.74079516348171,24.891950246281414,3,0.49999999999999994,0.8660254037844387,-0.9680771188662041,-0.2506525322587213,1.0,6.123233995736766e-17,51.243999,-0.571478,36
2019-03-22 03:00:00,15.265000000000004,62.78499999999997,102.73716666666651,18.816666666666666,0.1627671832241798,17.07081874961265,18.48869512427353,3,0.7071067811865476,0.7071067811865476,-0.9680771188662041,-0.2506525322587213,1.0,6.123233995736766e-17,51.243999,-0.571478,36
2019-03-22 04:00:00,14.90333333333333,62.62533333333333,102.71349999999993,18.916666666666668,0.1477469837829052,16.14023768492152,19.28188461567265,3,0.8660254037844386,0.5000000000000001,-0.9680771188662041,-0.2506525322587213,1.0,6.123233995736766e-17,51.243999,-0.571478,36
2019-03-22 05:00:00,14.391666666666673,62.78849999999999,102.67499999999995,14.1,0.14546314102986455,15.046989169786917,21.518819851642846,3,0.9659258262890683,0.25881904510252074,-0.9680771188662041,-0.2506525322587213,1.0,6.123233995736766e-17,51.243999,-0.571478,36
2019-03-22 06:00:00,14.173000000000005,62.885833333333316,102.65249999999997,13.433333333333334,0.1478770562371244,14.841238670278317,24.873373958854128,3,1.0,6.123233995736766e-17,-0.9680771188662041,-0.2506525322587213,1.0,6.123233995736766e-17,51.243999,-0.571478,36
2019-03-22 07:00:00,14.011000000000005,62.95466666666666,102.6676666666667,12.183333333333334,0.1602744237045431,16.347600280289935,31.764088667823934,3,0.9659258262890683,-0.25881904510252063,-0.9680771188662041,-0.2506525322587213,1.0,6.123233995736766e-17,51.243999,-0.571478,36
2019-03-22 08:00:00,14.175833333333332,63.03783333333333,102.67116666666675,21.116666666666667,0.2008206133241969,17.734646682299868,41.23898034203356,3,0.8660254037844387,-0.4999999999999998,-0.9680771188662041,-0.2506525322587213,1.0,6.123233995736766e-17,51.243999,-0.571478,36
2019-03-22 09:00:00,14.441833333333335,63.02700000000004,102.67866666666671,19.45,0.2234135275695003,17.888033134542525,41.295802277518284,3,0.7071067811865476,-0.7071067811865475,-0.9680771188662041,-0.2506525322587213,1.0,6.123233995736766e-17,51.243999,-0.571478,36
2019-03-22 10:00:00,14.697833333333334,62.93766666666668,102.67083333333336,18.733333333333334,0.2264425238622337,19.805178695860704,37.60802379661649,3,0.49999999999999994,-0.8660254037844387,-0.9680771188662041,-0.2506525322587213,1.0,6.123233995736766e-17,51.243999,-0.571478,36
2019-03-22 11:00:00,14.871833333333333,62.88816666666667,102.64683333333342,13.016666666666667,0.18919957162184117,21.93381344376508,33.59329504369325,3,0.258819045102521,-0.9659258262890682,-0.9680771188662041,-0.2506525322587213,1.0,6.123233995736766e-17,51.243999,-0.571478,36
2019-03-22 12:00:00,15.512999999999998,62.92583333333336,102.61716666666653,19.916666666666668,0.21418177641317568,20.902944799343818,32.48959896238763,3,1.2246467991473532e-16,-1.0,-0.9680771188662041,-0.2506525322587213,1.0,6.123233995736766e-17,51.243999,-0.571478,36
2019-03-22 13:00:00,15.947500000000003,62.55766666666666,102.58366666666659,23.8,0.23194519570765312,23.450723771474898,31.33907585726706,3,-0.2588190451025208,-0.9659258262890683,-0.9680771188662041,-0.2506525322587213,1.0,6.123233995736766e-17,51.243999,-0.571478,36
2019-03-22 14:00:00,16.1485,62.38699999999998,102.53466666666681,27.35,0.2252666977435748,23.895588465458825,32.76765016082883,3,-0.4999999999999997,-0.8660254037844388,-0.9680771188662041,-0.2506525322587213,1.0,6.123233995736766e-17,51.243999,-0.571478,36
2019-03-22 15:00:00,16.1355,62.18916666666666,102.50733333333338,30.4,0.23029967352774514,18.5251598839477,31.075968558533457,3,-0.7071067811865471,-0.7071067811865479,-0.9680771188662041,-0.2506525322587213,1.0,6.123233995736766e-17,51.243999,-0.571478,36
2019-03-22 16:00:00,16.099666666666664,62.246,102.46766666666664,32.4,0.2976804524051111,22.817311359656813,33.112800095586195,3,-0.8660254037844385,-0.5000000000000004,-0.9680771188662041,-0.2506525322587213,1.0,6.123233995736766e-17,51.243999,-0.571478,36
2019-03-22 17:00:00,15.970833333333333,62.127,102.45816666666668,29.183333333333334,0.30491698907586273,22.418593068667708,38.33902574338738,3,-0.9659258262890683,-0.25881904510252063,-0.9680771188662041,-0.2506525322587213,1.0,6.123233995736766e-17,51.243999,-0.571478,36
2019-03-22 18:00:00,15.572333333333331,62.21683333333335,102.48149999999993,28.083333333333332,0.33096459604411826,25.868613857630148,46.83910505469854,3,-1.0,-1.8369701987210297e-16,-0.9680771188662041,-0.2506525322587213,1.0,6.123233995736766e-17,51.243999,-0.571478,36
2019-03-22 19:00:00,15.420666666666657,62.309499999999986,102.52783333333346,22.95,0.320602182411568,20.22424499613612,43.97135970835015,3,-0.9659258262890684,0.2588190451025203,-0.9680771188662041,-0.2506525322587213,1.0,6.123233995736766e-17,51.243999,-0.571478,36
2019-03-22 20:00:00,15.37583333333333,62.48016666666665,102.5451666666667,24.766666666666666,0.34582789838839323,25.677871900357516,46.35451336282429,3,-0.8660254037844386,0.5000000000000001,-0.9680771188662041,-0.2506525322587213,1.0,6.123233995736766e-17,51.243999,-0.571478,36
2019-03-22 21:00:00,15.413666666666655,62.53333333333332,102.56633333333325,28.25,0.30411226725262563,21.28273980100893,43.34953471354844,3,-0.7071067811865477,0.7071067811865474,-0.9680771188662041,-0.2506525322587213,1.0,6.123233995736766e-17,51.243999,-0.571478,36
2019-03-22 22:00:00,15.317999999999984,62.487500000000004,102.56833333333338,30.65,0.2914083981226473,14.521483632217477,33.48702040982165,3,-0.5000000000000004,0.8660254037844384,-0.9680771188662041,-0.2506525322587213,1.0,6.123233995736766e-17,51.243999,-0.571478,36
2019-03-22 23:00:00,15.231500000000008,62.52700000000003,102.576,37.266666666666666,0.2999637306126213,13.78351283663501,34.46893284497332,3,-0.25881904510252157,0.9659258262890681,-0.9680771188662041,-0.2506525322587213,1.0,6.123233995736766e-17,51.243999,-0.571478,36
2019-03-23 00:00:00,14.543166666666668,61.936833333333304,102.55266666666672,43.61666666666667,0.26933227001989796,10.404511375162768,35.84160397732434,3,0.0,1.0,-0.9987165071710528,-0.05064916883871355,1.0,6.123233995736766e-17,51.243999,-0.571478,36
2019-03-23 01:00:00,13.618000000000002,62.224500000000006,102.57666666666664,43.916666666666664,0.24173464800734426,12.60006746414803,27.62100552657442,3,0.25881904510252074,0.9659258262890683,-0.9987165071710528,-0.05064916883871355,1.0,6.123233995736766e-17,51.243999,-0.571478,36
2019-03-23 02:00:00,13.409833333333337,63.00833333333333,102.59450000000008,43.5,0.23426954605751532,13.635446603605992,25.17512185468867,3,0.49999999999999994,0.8660254037844387,-0.9987165071710528,-0.05064916883871355,1.0,6.123233995736766e-17,51.243999,-0.571478,36
2019-03-23 03:00:00,13.673000000000005,63.1736666666667,102.60966666666663,43.266666666666666,0.2223333249875912,15.07541070445104,23.38043081421227,3,0.7071067811865476,0.7071067811865476,-0.9987165071710528,-0.05064916883871355,1.0,6.123233995736766e-17,51.243999,-0.571478,36
2019-03-23 04:00:00,13.875999999999998,63.011666666666684,102.64799999999997,46.46666666666667,0.22415383882175702,15.61947929609683,24.131049997351695,3,0.8660254037844386,0.5000000000000001,-0.9987165071710528,-0.05064916883871355,1.0,6.123233995736766e-17,51.243999,-0.571478,36
2019-03-23 05:00:00,14.02433333333333,63.04133333333336,102.6666666666667,45.68333333333333,0.22889908844729667,15.577779602152713,25.79387780033993,3,0.9659258262890683,0.25881904510252074,-0.9987165071710528,-0.05064916883871355,1.0,6.123233995736766e-17,51.243999,-0.571478,36
2019-03-23 06:00:00,14.09816666666667,62.86016666666665,102.72033333333317,43.733333333333334,0.21136770318587728,15.950476826170926,26.594180221885942,3,1.0,6.123233995736766e-17,-0.9987165071710528,-0.05064916883871355,1.0,6.123233995736766e-17,51.243999,-0.571478,36
2019-03-23 07:00:00,14.013833333333334,63.012000000000015,102.77833333333342,41.61666666666667,0.23201927339333484,21.403804337864177,37.160073816316256,3,0.9659258262890683,-0.25881904510252063,-0.9987165071710528,-0.05064916883871355,1.0,6.123233995736766e-17,51.243999,-0.571478,36
2019-03-23 08:00:00,14.449333333333335,63.275333333333336,102.8243333333334,38.5,0.2556228754595649,16.334190428055464,41.45040475291414,3,0.8660254037844387,-0.4999999999999998,-0.9987165071710528,-0.05064916883871355,1.0,6.123233995736766e-17,51.243999,-0.571478,36
2019-03-23 09:00:00,15.526500000000002,63.620000000000005,102.87766666666667,32.61666666666667,0.26655761021870233,20.628870189757432,36.684930135566766,3,0.7071067811865476,-0.7071067811865475,-0.9987165071710528,-0.05064916883871355,1.0,6.123233995736766e-17,51.243999,-0.571478,36
2019-03-23 10:00:00,16.47266666666666,63.038666666666664,102.92199999999995,19.733333333333334,0.26216004497915757,24.30468307406625,34.29944274265815,3,0.49999999999999994,-0.8660254037844387,-0.9987165071710528,-0.05064916883871355,1.0,6.123233995736766e-17,51.243999,-0.571478,36
2019-03-23 11:00:00,16.691666666666666,62.33116666666669,102.96416666666671,9.583333333333334,0.2386425681166296,24.213341641091322,30.118349111097658,3,0.258819045102521,-0.9659258262890682,-0.9987165071710528,-0.05064916883871355,1.0,6.123233995736766e-17,51.243999,-0.571478,36
2019-03-23 12:00:00,17.370833333333334,62.24566666666666,102.97283333333331,7.166666666666667,0.2545099117767206,22.10548394645345,33.051872390439094,3,1.2246467991473532e-16,-1.0,-0.9987165071710528,-0.05064916883871355,1.0,6.123233995736766e-17,51.243999,-0.571478,36
2019-03-23 13:00:00,19.508333333333333,61.81383333333333,102.96300000000004,5.1,0.2159995897408867,24.747899062908296,22.45125247307409,3,-0.2588190451025208,-0.9659258262890683,-0.9987165071710528,-0.05064916883871355,1.0,6.123233995736766e-17,51.243999,-0.571478,36
2019-03-23 14:00:00,21.65983333333333,60.53666666666666,102.93466666666673,4.683333333333334,0.23535611578179833,24.37977342728431,27.05431895257355,3,-0.4999999999999997,-0.8660254037844388,-0.9987165071710528,-0.05064916883871355,1.0,6.123233995736766e-17,51.243999,-0.571478,36
2019-03-23 15:00:00,22.711166666666678,59.33266666666666,102.90533333333329,5.4,0.2538990735128107,23.74112510496881,28.78433051945662,3,-0.7071067811865471,-0.7071067811865479,-0.9987165071710528,-0.05064916883871355,1.0,6.123233995736766e-17,51.243999,-0.571478,36
2019-03-23 16:00:00,22.297833333333337,58.58116666666665,102.89816666666677,5.65,0.23740384464181397,20.342389979572783,28.8937443129071,3,-0.8660254037844385,-0.5000000000000004,-0.9987165071710528,-0.05064916883871355,1.0,6.123233995736766e-17,51.243999,-0.571478,36
2019-03-23 17:00:00,20.704499999999996,58.365666666666655,102.88350000000008,9.116666666666667,0.25900170373933173,16.46120841120791,33.34278331969996,3,-0.9659258262890683,-0.25881904510252063,-0.9987165071710528,-0.05064916883871355,1.0,6.123233995736766e-17,51.243999,-0.571478,36
2019-03-23 18:00:00,19.136333333333337,58.637500000000024,102.89400000000002,17.116666666666667,0.22878109843143965,10.109972766730213,27.190823326164534,3,-1.0,-1.8369701987210297e-16,-0.9987165071710528,-0.05064916883871355,1.0,6.123233995736766e-17,51.243999,-0.571478,36
2019-03-23 19:00:00,17.10466666666667,59.002166666666696,102.92283333333332,33.4,0.2481778352462654,10.583800910939543,28.971522088908387,3,-0.9659258262890684,0.2588190451025203,-0.9987165071710528,-0.05064916883871355,1.0,6.123233995736766e-17,51.243999,-0.571478,36
2019-03-23 20:00:00,15.843333333333332,59.69600000000002,102.94733333333335,28.616666666666667,0.23909400083896665,13.24075918603926,27.597893144941153,3,-0.8660254037844386,0.5000000000000001,-0.9987165071710528,-0.05064916883871355,1.0,6.123233995736766e-17,51.243999,-0.571478,36
2019-03-23 21:00:00,14.73066666666667,59.846333333333355,102.97083333333325,20.4,0.247989573862014,14.49457447764759,31.034378528061026,3,-0.7071067811865477,0.7071067811865474,-0.9987165071710528,-0.05064916883871355,1.0,6.123233995736766e-17,51.243999,-0.571478,36
2019-03-23 22:00:00,13.50066666666667,60.04533333333333,103.00083333333335,23.266666666666666,0.2522264007669298,9.09166484295628,30.3020101052769,3,-0.5000000000000004,0.8660254037844384,-0.9987165071710528,-0.05064916883871355,1.0,6.123233995736766e-17,51.243999,-0.571478,36
2019-03-23 23:00:00,12.680833333333332,60.110833333333325,102.98516666666657,23.516666666666666,0.2550904217235275,13.494873626059341,32.48547771043601,3,-0.25881904510252157,0.9659258262890681,-0.9987165071710528,-0.05064916883871355,1.0,6.123233995736766e-17,51.243999,-0.571478,36
2019-03-24 00:00:00,11.05,59.71850000000002,102.99066666666671,23.033333333333335,0.30960819947202206,10.641948639396183,33.34097766527127,3,0.0,1.0,-0.9884683243281114,0.15142777750457667,1.0,6.123233995736766e-17,51.243999,-0.571478,36
2019-03-24 01:00:00,9.65066666666667,59.95166666666668,102.98633333333335,20.15,0.26791256605215646,10.235612507697756,31.575526882457293,3,0.25881904510252074,0.9659258262890683,-0.9884683243281114,0.15142777750457667,1.0,6.123233995736766e-17,51.243999,-0.571478,36
2019-03-24 02:00:00,8.60766666666667,60.20816666666665,102.9511666666666,18.183333333333334,0.28084636817461045,10.973771140956776,38.78724161058789,3,0.49999999999999994,0.8660254037844387,-0.9884683243281114,0.15142777750457667,1.0,6.123233995736766e-17,51.243999,-0.571478,36
2019-03-24 03:00:00,7.6828333333333365,60.2616666666667,102.89383333333333,17.416666666666668,0.2520808935215078,11.440310817393396,29.477202154867573,3,0.7071067811865476,0.7071067811865476,-0.9884683243281114,0.15142777750457667,1.0,6.123233995736766e-17,51.243999,-0.571478,36
2019-03-24 04:00:00,7.1258333333333335,60.473666666666645,102.87433333333338,14.95,0.25459387191921323,10.119244161155438,33.44746264083261,3,0.8660254037844386,0.5000000000000001,-0.9884683243281114,0.15142777750457667,1.0,6.123233995736766e-17,51.243999,-0.571478,36
2019-03-24 05:00:00,7.134666666666664,61.12466666666666,102.80433333333328,13.95,0.26597003472267977,11.160841861922501,31.68933339274033,3,0.9659258262890683,0.25881904510252074,-0.9884683243281114,0.15142777750457667,1.0,6.123233995736766e-17,51.243999,-0.571478,36
2019-03-24 06:00:00,7.336000000000004,60.94433333333332,102.84433333333332,12.833333333333334,0.25035507201496954,13.071888252141548,30.53243562865491,3,1.0,6.123233995736766e-17,-0.9884683243281114,0.15142777750457667,1.0,6.123233995736766e-17,51.243999,-0.571478,36
2019-03-24 07:00:00,7.437666666666663,60.80466666666663,102.89749999999994,14.633333333333333,0.26051412121531575,13.841066341886005,34.372814330984816,3,0.9659258262890683,-0.25881904510252063,-0.9884683243281114,0.15142777750457667,1.0,6.123233995736766e-17,51.243999,-0.571478,36
2019-03-24 08:00:00,7.624000000000001,61.14249999999999,102.90166666666667,23.516666666666666,0.2977045998216647,16.690787661380323,37.484930901918034,3,0.8660254037844387,-0.4999999999999998,-0.9884683243281114,0.15142777750457667,1.0,6.123233995736766e-17,51.243999,-0.571478,36
2019-03-24 09:00:00,9.094166666666665,62.02933333333335,102.92849999999989,29.133333333333333,0.3286637354443668,17.162141795419398,36.68118998376314,3,0.7071067811865476,-0.7071067811865475,-0.9884683243281114,0.15142777750457667,1.0,6.123233995736766e-17,51.243999,-0.571478,36
2019-03-24 10:00:00,11.435,62.2753333333333,102.90183333333343,16.1,0.26942718932974896,19.256277474169977,30.725979385354073,3,0.49999999999999994,-0.8660254037844387,-0.9884683243281114,0.15142777750457667,1.0,6.123233995736766e-17,51.243999,-0.571478,36
2019-03-24 11:00:00,14.031666666666666,61.872333333333316,102.86616666666674,13.25,0.26391874398777126,24.48719408075867,26.668613071052437,3,0.258819045102521,-0.9659258262890682,-0.9884683243281114,0.15142777750457667,1.0,6.123233995736766e-17,51.243999,-0.571478,36
2019-03-24 12:00:00,16.80366666666667,60.72133333333333,102.82216666666675,11.666666666666666,0.25002473139887815,26.672027496728003,22.718084244398312,3,1.2246467991473532e-16,-1.0,-0.9884683243281114,0.15142777750457667,1.0,6.123233995736766e-17,51.243999,-0.571478,36
2019-03-24 13:00:00,18.029999999999998,59.658666666666655,102.75933333333332,8.666666666666666,0.267417127878732,26.502156492512782,22.747948201165187,3,-0.2588190451025208,-0.9659258262890683,-0.9884683243281114,0.15142777750457667,1.0,6.123233995736766e-17,51.243999,-0.571478,36
2019-03-24 14:00:00,21.280666666666658,58.69600000000003,102.6885,6.316666666666666,0.2560487581316079,27.31346138666488,26.10963849864113,3,-0.4999999999999997,-0.8660254037844388,-0.9884683243281114,0.15142777750457667,1.0,6.123233995736766e-17,51.243999,-0.571478,36
2019-03-24 15:00:00,23.467999999999993,56.903833333333324,102.62716666666668,4.633333333333334,0.27312171496215865,26.16033539818481,31.537541991073933,3,-0.7071067811865471,-0.7071067811865479,-0.9884683243281114,0.15142777750457667,1.0,6.123233995736766e-17,51.243999,-0.571478,36
2019-03-24 16:00:00,24.355666666666664,55.848499999999994,102.61266666666663,4.016666666666667,0.26909338577973385,25.612955494663307,31.62510166802659,3,-0.8660254037844385,-0.5000000000000004,-0.9884683243281114,0.15142777750457667,1.0,6.123233995736766e-17,51.243999,-0.571478,36
2019-03-24 17:00:00,24.463000000000005,55.396166666666666,102.60049999999993,4.683333333333334,0.29472768139909766,23.9547801922312,29.867867934391768,3,-0.9659258262890683,-0.25881904510252063,-0.9884683243281114,0.15142777750457667,1.0,6.123233995736766e-17,51.243999,-0.571478,36
2019-03-24 18:00:00,21.888666666666666,54.42283333333334,102.61366666666665,8.55,0.27572014925700933,13.850805274751893,32.353614904537885,3,-1.0,-1.8369701987210297e-16,-0.9884683243281114,0.15142777750457667,1.0,6.123233995736766e-17,51.243999,-0.571478,36
2019-03-24 19:00:00,17.724333333333334,55.27233333333333,102.62916666666673,9.233333333333333,0.37419649753361345,16.042878985873312,38.828165727632495,3,-0.9659258262890684,0.2588190451025203,-0.9884683243281114,0.15142777750457667,1.0,6.123233995736766e-17,51.243999,-0.571478,36
2019-03-24 20:00:00,15.407833333333336,56.01849999999999,102.65049999999994,8.05,0.33148943714558043,9.607666503855535,36.96954957456571,3,-0.8660254037844386,0.5000000000000001,-0.9884683243281114,0.15142777750457667,1.0,6.123233995736766e-17,51.243999,-0.571478,36
2019-03-24 21:00:00,13.833666666666668,56.40516666666665,102.68499999999986,4.65,0.3199474259974259,9.130279809008414,31.90977110358396,3,-0.7071067811865477,0.7071067811865474,-0.9884683243281114,0.15142777750457667,1.0,6.123233995736766e-17,51.243999,-0.571478,36
2019-03-24 22:00:00,12.730333333333334,56.62883333333334,102.68433333333327,3.3833333333333333,0.26244674680775354,9.513487821303476,28.628704260227646,3,-0.5000000000000004,0.8660254037844384,-0.9884683243281114,0.15142777750457667,1.0,6.123233995736766e-17,51.243999,-0.571478,36
2019-03-24 23:00:00,11.773166666666665,56.59433333333333,102.6651666666667,4.35,0.25178691662164354,10.5259481057704,29.16980585263207,3,-0.25881904510252157,0.9659258262890681,-0.9884683243281114,0.15142777750457667,1.0,6.123233995736766e-17,51.243999,-0.571478,36
2019-03-25 00:00:00,10.802666666666665,56.74866666666669,102.6385000000001,5.35,0.3220875890029474,10.637575222454007,23.234342626036366,3,0.0,1.0,-0.9377521321470804,0.3473052528448203,1.0,6.123233995736766e-17,51.243999,-0.571478,36
2019-03-25 01:00:00,10.326666666666664,57.321500000000015,102.61683333333323,4.783333333333333,0.21214046707604728,12.05014937223015,20.67889100769857,3,0.25881904510252074,0.9659258262890683,-0.9377521321470804,0.3473052528448203,1.0,6.123233995736766e-17,51.243999,-0.571478,36
2019-03-25 02:00:00,10.876500000000009,57.8415,102.60883333333331,3.9166666666666665,0.19168559151545495,14.531568327822384,19.285922228603507,3,0.49999999999999994,0.8660254037844387,-0.9377521321470804,0.3473052528448203,1.0,6.123233995736766e-17,51.243999,-0.571478,36
2019-03-25 03:00:00,11.194499999999994,57.84083333333336,102.59833333333334,3.683333333333333,0.18257503140634534,15.672308062187378,17.41326649463603,3,0.7071067811865476,0.7071067811865476,-0.9377521321470804,0.3473052528448203,1.0,6.123233995736766e-17,51.243999,-0.571478,36
2019-03-25 04:00:00,11.321666666666665,57.38499999999997,102.59533333333339,2.1666666666666665,0.17763364003935683,17.14407559425151,11.639335849790479,3,0.8660254037844386,0.5000000000000001,-0.9377521321470804,0.3473052528448203,1.0,6.123233995736766e-17,51.243999,-0.571478,36
2019-03-25 05:00:00,10.802333333333332,57.21349999999996,102.61383333333336,1.5833333333333333,0.17363687884617918,18.074656077357098,8.017523681908674,3,0.9659258262890683,0.25881904510252074,-0.9377521321470804,0.3473052528448203,1.0,6.123233995736766e-17,51.243999,-0.571478,36
2019-03-25 06:00:00,10.312999999999995,57.24483333333337,102.6548333333333,1.3333333333333333,0.17324483398561902,18.614499607051542,9.171587433642468,3,1.0,6.123233995736766e-17,-0.9377521321470804,0.3473052528448203,1.0,6.123233995736766e-17,51.243999,-0.571478,36
2019-03-25 07:00:00,10.115166666666664,57.41216666666665,102.73166666666665,1.9666666666666666,0.20151867096252749,19.02343065512698,19.974634601851623,3,0.9659258262890683,-0.25881904510252063,-0.9377521321470804,0.3473052528448203,1.0,6.123233995736766e-17,51.243999,-0.571478,36
2019-03-25 08:00:00,10.54883333333333,57.72183333333338,102.7941666666667,2.35,0.22944822828679487,20.914314385590924,26.81569387926763,3,0.8660254037844387,-0.4999999999999998,-0.9377521321470804,0.3473052528448203,1.0,6.123233995736766e-17,51.243999,-0.571478,36
2019-03-25 09:00:00,11.663999999999998,57.736833333333315,102.87999999999992,2.2666666666666666,0.24143039288679205,22.79433092789454,26.137498692219417,3,0.7071067811865476,-0.7071067811865475,-0.9377521321470804,0.3473052528448203,1.0,6.123233995736766e-17,51.243999,-0.571478,36
2019-03-25 10:00:00,13.021666666666668,57.431333333333335,102.94149999999999,1.3666666666666667,0.20361282641734857,22.053315999559786,24.82788293913328,3,0.49999999999999994,-0.8660254037844387,-0.9377521321470804,0.3473052528448203,1.0,6.123233995736766e-17,51.243999,-0.571478,36
2019-03-25 11:00:00,14.888833333333332,57.01966666666668,102.9589999999999,0.8833333333333333,0.1881196076622698,23.53079495023322,18.835083746408365,3,0.258819045102521,-0.9659258262890682,-0.9377521321470804,0.3473052528448203,1.0,6.123233995736766e-17,51.243999,-0.571478,36
2019-03-25 12:00:00,16.831666666666663,55.96483333333331,102.98866666666656,1.0,0.20352383774559543,23.954690320451885,22.315829044428092,3,1.2246467991473532e-16,-1.0,-0.9377521321470804,0.3473052528448203,1.0,6.123233995736766e-17,51.243999,-0.571478,36
2019-03-25 13:00:00,17.257166666666663,54.91749999999999,102.99966666666673,10.4,0.24208855403428775,27.05079459037436,23.773465127215623,3,-0.2588190451025208,-0.9659258262890683,-0.9377521321470804,0.3473052528448203,1.0,6.123233995736766e-17,51.243999,-0.571478,36
2019-03-25 14:00:00,19.87883333333333,54.3475,102.97483333333327,13.466666666666667,0.2281323250359087,24.413180031130693,23.682645120802924,3,-0.4999999999999997,-0.8660254037844388,-0.9377521321470804,0.3473052528448203,1.0,6.123233995736766e-17,51.243999,-0.571478,36
2019-03-25 15:00:00,22.08883333333334,52.98199999999999,102.96699999999996,14.95,0.25109413777502504,21.918371969368213,29.450160811646743,3,-0.7071067811865471,-0.7071067811865479,-0.9377521321470804,0.3473052528448203,1.0,6.123233995736766e-17,51.243999,-0.571478,36
2019-03-25 16:00:00,23.656166666666675,52.337999999999994,102.9641666666667,7.783333333333333,0.2583121084639001,23.677902718136213,37.75612583130273,3,-0.8660254037844385,-0.5000000000000004,-0.9377521321470804,0.3473052528448203,1.0,6.123233995736766e-17,51.243999,-0.571478,36
2019-03-25 17:00:00,23.86466666666666,51.86883333333335,102.98233333333329,3.8333333333333335,0.26233350013836365,23.768083168273918,32.77439594563156,3,-0.9659258262890683,-0.25881904510252063,-0.9377521321470804,0.3473052528448203,1.0,6.123233995736766e-17,51.243999,-0.571478,36
2019-03-25 18:00:00,22.2765,51.351666666666674,103.01933333333335,5.9,0.2898924013115992,16.559389262333717,33.837566647039345,3,-1.0,-1.8369701987210297e-16,-0.9377521321470804,0.3473052528448203,1.0,6.123233995736766e-17,51.243999,-0.571478,36
2019-03-25 19:00:00,17.884833333333333,52.22949999999999,103.05799999999995,6.833333333333333,0.34496636116857965,16.14334503188902,41.18844116948703,3,-0.9659258262890684,0.2588190451025203,-0.9377521321470804,0.3473052528448203,1.0,6.123233995736766e-17,51.243999,-0.571478,36
2019-03-25 20:00:00,14.869333333333337,52.99700000000001,103.11166666666666,8.966666666666667,0.3218135457983581,10.01821915135375,39.78672995091027,3,-0.8660254037844386,0.5000000000000001,-0.9377521321470804,0.3473052528448203,1.0,6.123233995736766e-17,51.243999,-0.571478,36
2019-03-25 21:00:00,12.779166666666667,53.52,103.15166666666667,25.9,0.5279546631834175,15.088077220399759,52.788971434608825,3,-0.7071067811865477,0.7071067811865474,-0.9377521321470804,0.3473052528448203,1.0,6.123233995736766e-17,51.243999,-0.571478,36
2019-03-25 22:00:00,11.264333333333331,53.8351666666667,103.22983333333319,31.733333333333334,0.5794056317287546,13.8970375952557,55.717189271744665,3,-0.5000000000000004,0.8660254037844384,-0.9377521321470804,0.3473052528448203,1.0,6.123233995736766e-17,51.243999,-0.571478,36
2019-03-25 23:00:00,9.973166666666666,54.10916666666666,103.2413333333333,21.166666666666668,0.41749165722280057,9.734495366396363,44.35701893405222,3,-0.25881904510252157,0.9659258262890681,-0.9377521321470804,0.3473052528448203,1.0,6.123233995736766e-17,51.243999,-0.571478,36
2019-03-26 00:00:00,9.189333333333332,54.33650000000004,103.26933333333336,24.116666666666667,0.38750124680994985,10.091288209317046,37.08482779449312,3,0.0,1.0,-0.8486442574947509,0.5289640103269624,1.0,6.123233995736766e-17,51.243999,-0.571478,36
2019-03-26 01:00:00,8.366500000000002,54.256499999999996,103.27833333333338,22.733333333333334,0.33757775804815054,9.040893022932828,32.63307299374761,3,0.25881904510252074,0.9659258262890683,-0.8486442574947509,0.5289640103269624,1.0,6.123233995736766e-17,51.243999,-0.571478,36
2019-03-26 02:00:00,7.527666666666671,54.358166666666676,103.25866666666671,23.833333333333332,0.33041858157523674,9.065358017807052,31.37609887775843,3,0.49999999999999994,0.8660254037844387,-0.8486442574947509,0.5289640103269624,1.0,6.123233995736766e-17,51.243999,-0.571478,36
2019-03-26 03:00:00,7.106333333333334,54.45366666666667,103.2131666666666,18.166666666666668,0.2872550191952069,11.632125906585788,28.762084002462302,3,0.7071067811865476,0.7071067811865476,-0.8486442574947509,0.5289640103269624,1.0,6.123233995736766e-17,51.243999,-0.571478,36
2019-03-26 04:00:00,6.464166666666665,54.36783333333333,103.19699999999996,15.816666666666666,0.2789207964912742,10.820932610868022,26.66477913848923,3,0.8660254037844386,0.5000000000000001,-0.8486442574947509,0.5289640103269624,1.0,6.123233995736766e-17,51.243999,-0.571478,36
2019-03-26 05:00:00,5.959666666666666,54.45433333333331,103.20349999999993,17.283333333333335,0.333583033874928,11.65598024968093,32.15347285293162,3,0.9659258262890683,0.25881904510252074,-0.8486442574947509,0.5289640103269624,1.0,6.123233995736766e-17,51.243999,-0.571478,36
2019-03-26 06:00:00,5.614333333333334,54.49049999999999,103.19983333333332,19.7,0.30713331916753434,11.38396453133965,33.90548893682281,3,1.0,6.123233995736766e-17,-0.8486442574947509,0.5289640103269624,1.0,6.123233995736766e-17,51.243999,-0.571478,36
2019-03-26 07:00:00,5.7246666666666695,54.93066666666667,103.23999999999997,20.283333333333335,0.47349818809545763,30.96660614303992,49.10628277499202,3,0.9659258262890683,-0.25881904510252063,-0.8486442574947509,0.5289640103269624,1.0,6.123233995736766e-17,51.243999,-0.571478,36
2019-03-26 08:00:00,7.2065,55.907499999999985,103.24316666666664,20.45,0.47035313986585314,29.224521702179164,56.02796785261564,3,0.8660254037844387,-0.4999999999999998,-0.8486442574947509,0.5289640103269624,1.0,6.123233995736766e-17,51.243999,-0.571478,36
2019-03-26 09:00:00,9.918166666666668,56.33400000000002,103.23816666666659,11.183333333333334,0.4720789439122203,25.13581312696035,39.402834289212315,3,0.7071067811865476,-0.7071067811865475,-0.8486442574947509,0.5289640103269624,1.0,6.123233995736766e-17,51.243999,-0.571478,36
2019-03-26 10:00:00,12.221000000000004,55.85850000000001,103.23899999999995,7.816666666666666,0.2811478471279664,21.627905835281425,23.925600383143436,3,0.49999999999999994,-0.8660254037844387,-0.8486442574947509,0.5289640103269624,1.0,6.123233995736766e-17,51.243999,-0.571478,36
2019-03-26 11:00:00,14.574833333333338,55.13649999999998,103.20849999999997,3.9833333333333334,0.2554753777546439,24.124457502815257,17.323170699302104,3,0.258819045102521,-0.9659258262890682,-0.8486442574947509,0.5289640103269624,1.0,6.123233995736766e-17,51.243999,-0.571478,36
2019-03-26 12:00:00,16.507666666666665,54.622499999999995,103.16116666666672,5.233333333333333,0.26134519625671504,29.07700735384815,13.923229643014198,3,1.2246467991473532e-16,-1.0,-0.8486442574947509,0.5289640103269624,1.0,6.123233995736766e-17,51.243999,-0.571478,36
2019-03-26 13:00:00,18.04233333333332,53.7385,103.13066666666667,4.5,0.2990377595415991,33.02490655416507,19.522776934812956,3,-0.2588190451025208,-0.9659258262890683,-0.8486442574947509,0.5289640103269624,1.0,6.123233995736766e-17,51.243999,-0.571478,36
2019-03-26 14:00:00,20.991999999999994,52.877500000000005,103.08233333333337,4.316666666666666,0.2681856314871673,31.512673752429315,19.035621766235362,3,-0.4999999999999997,-0.8660254037844388,-0.8486442574947509,0.5289640103269624,1.0,6.123233995736766e-17,51.243999,-0.571478,36
2019-03-26 15:00:00,23.74883333333334,51.24966666666667,103.0201666666667,7.1,0.29903564686090284,30.95095474288025,21.12613252229186,3,-0.7071067811865471,-0.7071067811865479,-0.8486442574947509,0.5289640103269624,1.0,6.123233995736766e-17,51.243999,-0.571478,36
2019-03-26 16:00:00,23.302000000000003,50.84433333333332,102.99116666666654,6.616666666666666,0.3472675127711817,31.884034559050423,28.22960766689531,3,-0.8660254037844385,-0.5000000000000004,-0.8486442574947509,0.5289640103269624,1.0,6.123233995736766e-17,51.243999,-0.571478,36
2019-03-26 17:00:00,24.39366666666667,50.72066666666668,102.97166666666665,6.983333333333333,0.3751752041412451,27.627115595625074,26.04973357524268,3,-0.9659258262890683,-0.25881904510252063,-0.8486442574947509,0.5289640103269624,1.0,6.123233995736766e-17,51.243999,-0.571478,36
2019-03-26 18:00:00,23.091333333333335,49.82050000000001,103.00583333333346,7.5,0.4363662709027896,23.18687352347338,33.08171433647821,3,-1.0,-1.8369701987210297e-16,-0.8486442574947509,0.5289640103269624,1.0,6.123233995736766e-17,51.243999,-0.571478,36
2019-03-26 19:00:00,19.025333333333332,50.79783333333335,103.04016666666679,10.0,0.46436487738347815,16.399481983690933,42.91776628110168,3,-0.9659258262890684,0.2588190451025203,-0.8486442574947509,0.5289640103269624,1.0,6.123233995736766e-17,51.243999,-0.571478,36
2019-03-26 20:00:00,16.289333333333328,51.785333333333334,103.07466666666666,15.6,0.5618671925582336,14.89347091369522,49.16419775138066,3,-0.8660254037844386,0.5000000000000001,-0.8486442574947509,0.5289640103269624,1.0,6.123233995736766e-17,51.243999,-0.571478,36
2019-03-26 21:00:00,14.784666666666663,52.52083333333335,103.0718333333334,28.75,0.6092688447955509,13.435357058534136,50.20531730880705,3,-0.7071067811865477,0.7071067811865474,-0.8486442574947509,0.5289640103269624,1.0,6.123233995736766e-17,51.243999,-0.571478,36
2019-03-26 22:00:00,13.50616666666667,52.6638333333333,103.0636666666668,24.716666666666665,0.5141012571323152,13.304395013938578,39.47187739188523,3,-0.5000000000000004,0.8660254037844384,-0.8486442574947509,0.5289640103269624,1.0,6.123233995736766e-17,51.243999,-0.571478,36
2019-03-26 23:00:00,12.682166666666664,52.88183333333336,103.07150000000004,25.566666666666666,0.4557113779918388,11.954608457983182,36.26672131995358,3,-0.25881904510252157,0.9659258262890681,-0.8486442574947509,0.5289640103269624,1.0,6.123233995736766e-17,51.243999,-0.571478,36
2019-03-27 00:00:00,11.71833333333333,52.76999999999995,103.12433333333335,21.483333333333334,0.4095109622421056,9.536037207082005,31.65786564637058,3,0.0,1.0,-0.72479278722912,0.6889669190756865,1.0,6.123233995736766e-17,51.243999,-0.571478,36
2019-03-27 01:00:00,10.776,52.825333333333354,103.15616666666658,19.016666666666666,0.32558819615568757,11.966407953912755,28.137104776671443,3,0.25881904510252074,0.9659258262890683,-0.72479278722912,0.6889669190756865,1.0,6.123233995736766e-17,51.243999,-0.571478,36
2019-03-27 02:00:00,10.908166666666672,53.722500000000004,103.15383333333325,15.383333333333333,0.2712101637961706,14.633385417535818,23.086374321827247,3,0.49999999999999994,0.8660254037844387,-0.72479278722912,0.6889669190756865,1.0,6.123233995736766e-17,51.243999,-0.571478,36
2019-03-27 03:00:00,10.888166666666669,53.13266666666665,103.13700000000001,11.133333333333333,0.23106299728543742,17.234839999720332,20.379157043707117,3,0.7071067811865476,0.7071067811865476,-0.72479278722912,0.6889669190756865,1.0,6.123233995736766e-17,51.243999,-0.571478,36
2019-03-27 04:00:00,10.830166666666667,53.33383333333337,103.13200000000003,11.65,0.2334307943609138,18.94247955815219,16.432740907897387,3,0.8660254037844386,0.5000000000000001,-0.72479278722912,0.6889669190756865,1.0,6.123233995736766e-17,51.243999,-0.571478,36
2019-03-27 05:00:00,10.434499999999995,53.03900000000002,103.1413333333333,10.6,0.23365650781205388,18.47701763486994,18.752988886570716,3,0.9659258262890683,0.25881904510252074,-0.72479278722912,0.6889669190756865,1.0,6.123233995736766e-17,51.243999,-0.571478,36
2019-03-27 06:00:00,10.28866666666666,53.37950000000001,103.16133333333339,14.133333333333333,0.24777213071189175,17.551920305807624,26.704575727244325,3,1.0,6.123233995736766e-17,-0.72479278722912,0.6889669190756865,1.0,6.123233995736766e-17,51.243999,-0.571478,36
2019-03-27 07:00:00,10.436500000000002,53.463,103.18916666666658,15.816666666666666,0.2888978001282609,24.096757910619424,43.323568606928525,3,0.9659258262890683,-0.25881904510252063,-0.72479278722912,0.6889669190756865,1.0,6.123233995736766e-17,51.243999,-0.571478,36
2019-03-27 08:00:00,11.251,53.93816666666668,103.23266666666662,17.95,0.3375942055292738,27.48218732431258,45.857944316676786,3,0.8660254037844387,-0.4999999999999998,-0.72479278722912,0.6889669190756865,1.0,6.123233995736766e-17,51.243999,-0.571478,36
2019-03-27 09:00:00,13.257666666666667,54.11649999999998,103.24416666666666,17.466666666666665,0.3756451388248315,28.056060336014657,42.33754700569541,3,0.7071067811865476,-0.7071067811865475,-0.72479278722912,0.6889669190756865,1.0,6.123233995736766e-17,51.243999,-0.571478,36
2019-03-27 10:00:00,15.6435,53.81216666666669,103.25833333333341,17.383333333333333,0.27455000933405377,25.088051619497712,32.147883445484595,3,0.49999999999999994,-0.8660254037844387,-0.72479278722912,0.6889669190756865,1.0,6.123233995736766e-17,51.243999,-0.571478,36
2019-03-27 11:00:00,17.885166666666667,52.84133333333331,103.26500000000016,10.166666666666666,0.2691487927225128,26.981987818276707,27.996612762125174,3,0.258819045102521,-0.9659258262890682,-0.72479278722912,0.6889669190756865,1.0,6.123233995736766e-17,51.243999,-0.571478,36
2019-03-27 12:00:00,18.695166666666655,51.723166666666664,103.28733333333341,4.316666666666666,0.255904443997874,26.938148965468695,23.771380797388936,3,1.2246467991473532e-16,-1.0,-0.72479278722912,0.6889669190756865,1.0,6.123233995736766e-17,51.243999,-0.571478,36
2019-03-27 13:00:00,18.487666666666666,51.44783333333336,103.30400000000009,8.866666666666667,0.2972598776250654,25.292592804892347,27.280437276426376,3,-0.2588190451025208,-0.9659258262890683,-0.72479278722912,0.6889669190756865,1.0,6.123233995736766e-17,51.243999,-0.571478,36
2019-03-27 14:00:00,19.602166666666662,51.706999999999994,103.2876666666667,9.733333333333333,0.2569458558997808,23.595867470903656,17.675720902751955,3,-0.4999999999999997,-0.8660254037844388,-0.72479278722912,0.6889669190756865,1.0,6.123233995736766e-17,51.243999,-0.571478,36
2019-03-27 15:00:00,20.623166666666666,50.929999999999986,103.25266666666663,11.483333333333333,0.29004564923285064,25.44517289040804,22.52670588990891,3,-0.7071067811865471,-0.7071067811865479,-0.72479278722912,0.6889669190756865,1.0,6.123233995736766e-17,51.243999,-0.571478,36
2019-03-27 16:00:00,23.09616666666667,50.46750000000001,103.24149999999993,13.883333333333333,0.27769476656080755,24.43565672980653,32.61394569933878,3,-0.8660254037844385,-0.5000000000000004,-0.72479278722912,0.6889669190756865,1.0,6.123233995736766e-17,51.243999,-0.571478,36
2019-03-27 17:00:00,24.955499999999997,49.209833333333336,103.2511666666667,15.866666666666667,0.28411671641168224,27.21004306319273,25.749373357909896,3,-0.9659258262890683,-0.25881904510252063,-0.72479278722912,0.6889669190756865,1.0,6.123233995736766e-17,51.243999,-0.571478,36
2019-03-27 18:00:00,23.508,48.74616666666666,103.26866666666673,16.333333333333332,0.34241561642090645,23.115837516290252,31.082559535844595,3,-1.0,-1.8369701987210297e-16,-0.72479278722912,0.6889669190756865,1.0,6.123233995736766e-17,51.243999,-0.571478,36
2019-03-27 19:00:00,19.1505,49.91716666666668,103.27849999999998,19.583333333333332,0.3682743683590954,15.876221491455059,33.42858500188765,3,-0.9659258262890684,0.2588190451025203,-0.72479278722912,0.6889669190756865,1.0,6.123233995736766e-17,51.243999,-0.571478,36
2019-03-27 20:00:00,16.700499999999998,50.989,103.31166666666658,32.983333333333334,0.4369812006667807,10.979327297866403,37.59609937166909,3,-0.8660254037844386,0.5000000000000001,-0.72479278722912,0.6889669190756865,1.0,6.123233995736766e-17,51.243999,-0.571478,36
2019-03-27 21:00:00,14.635666666666667,51.178333333333356,103.32966666666665,31.516666666666666,0.5843332470207895,14.599945262193454,45.228557433832,3,-0.7071067811865477,0.7071067811865474,-0.72479278722912,0.6889669190756865,1.0,6.123233995736766e-17,51.243999,-0.571478,36
2019-03-27 22:00:00,13.051666666666666,51.62633333333333,103.33833333333342,34.56666666666667,0.5215808219238254,13.919344503035818,40.467803754606926,3,-0.5000000000000004,0.8660254037844384,-0.72479278722912,0.6889669190756865,1.0,6.123233995736766e-17,51.243999,-0.571478,36
2019-03-27 23:00:00,11.799166666666663,51.76133333333335,103.39166666666665,34.28333333333333,0.4181927820311779,11.642980550387316,34.702028273543334,3,-0.25881904510252157,0.9659258262890681,-0.72479278722912,0.6889669190756865,1.0,6.123233995736766e-17,51.243999,-0.571478,36
2019-03-28 00:00:00,11.441499999999998,52.36366666666668,103.40166666666656,36.9,0.38220409281783,12.16622692794145,30.92837123288301,3,0.0,1.0,-0.5712682150947924,0.8207634412072763,1.0,6.123233995736766e-17,51.243999,-0.571478,36
2019-03-28 01:00:00,11.004333333333333,52.164,103.398,33.11666666666667,0.35676991403885594,11.967476599345158,26.37031195449164,3,0.25881904510252074,0.9659258262890683,-0.5712682150947924,0.8207634412072763,1.0,6.123233995736766e-17,51.243999,-0.571478,36
2019-03-28 02:00:00,10.600666666666658,52.20866666666668,103.36733333333328,35.25,0.33264871102208976,11.84295742875194,25.884332978005066,3,0.49999999999999994,0.8660254037844387,-0.5712682150947924,0.8207634412072763,1.0,6.123233995736766e-17,51.243999,-0.571478,36
2019-03-28 03:00:00,10.343666666666662,52.1931666666667,103.32750000000001,38.266666666666666,0.31803007223459445,12.663590295779398,24.859266949195966,3,0.7071067811865476,0.7071067811865476,-0.5712682150947924,0.8207634412072763,1.0,6.123233995736766e-17,51.243999,-0.571478,36
2019-03-28 04:00:00,10.01283333333334,52.20933333333334,103.31166666666664,39.666666666666664,0.3134882801621709,12.845493270445086,24.79429371588123,3,0.8660254037844386,0.5000000000000001,-0.5712682150947924,0.8207634412072763,1.0,6.123233995736766e-17,51.243999,-0.571478,36
2019-03-28 05:00:00,9.929499999999997,52.382999999999974,103.34399999999997,41.21666666666667,0.3079667047715683,16.436080376145735,25.811067684844556,3,0.9659258262890683,0.25881904510252074,-0.5712682150947924,0.8207634412072763,1.0,6.123233995736766e-17,51.243999,-0.571478,36
2019-03-28 06:00:00,10.284166666666664,52.68383333333332,103.38533333333335,38.65,0.32844589071031044,18.081660458543848,32.19153334883059,3,1.0,6.123233995736766e-17,-0.5712682150947924,0.8207634412072763,1.0,6.123233995736766e-17,51.243999,-0.571478,36
2019-03-28 07:00:00,10.867166666666664,52.828333333333305,103.44183333333332,41.06666666666667,0.38002012224315984,29.532609504733685,39.97515727160112,3,0.9659258262890683,-0.25881904510252063,-0.5712682150947924,0.8207634412072763,1.0,6.123233995736766e-17,51.243999,-0.571478,36
2019-03-28 08:00:00,12.045166666666667,53.07249999999999,103.45483333333326,46.8,0.4536949959589038,45.02775559263835,61.41985434435272,3,0.8660254037844387,-0.4999999999999998,-0.5712682150947924,0.8207634412072763,1.0,6.123233995736766e-17,51.243999,-0.571478,36
2019-03-28 09:00:00,14.005500000000005,53.19316666666669,103.4293333333334,50.61666666666667,0.5326494820149256,35.005106717974655,57.97186460645036,3,0.7071067811865476,-0.7071067811865475,-0.5712682150947924,0.8207634412072763,1.0,6.123233995736766e-17,51.243999,-0.571478,36
2019-03-28 10:00:00,16.61083333333333,52.971000000000004,103.42533333333336,38.833333333333336,0.37033455214112204,20.327105780579597,41.29280552220754,3,0.49999999999999994,-0.8660254037844387,-0.5712682150947924,0.8207634412072763,1.0,6.123233995736766e-17,51.243999,-0.571478,36
2019-03-28 11:00:00,19.04199999999999,52.02833333333336,103.4148333333333,35.13333333333333,0.3130446870566325,30.8116634536268,33.58560359627143,3,0.258819045102521,-0.9659258262890682,-0.5712682150947924,0.8207634412072763,1.0,6.123233995736766e-17,51.243999,-0.571478,36
2019-03-28 12:00:00,20.734833333333345,51.10699999999997,103.37166666666671,31.566666666666666,0.27037383324328723,28.991492406853435,16.719532831911327,3,1.2246467991473532e-16,-1.0,-0.5712682150947924,0.8207634412072763,1.0,6.123233995736766e-17,51.243999,-0.571478,36
2019-03-28 13:00:00,21.141666666666666,50.318000000000005,103.32649999999998,35.68333333333333,0.3170938986036257,27.6055200778531,24.810900605693565,3,-0.2588190451025208,-0.9659258262890683,-0.5712682150947924,0.8207634412072763,1.0,6.123233995736766e-17,51.243999,-0.571478,36
2019-03-28 14:00:00,22.5185,49.88216666666667,103.2673333333333,38.38333333333333,0.29717850740794416,26.40433141944467,28.549200639544047,3,-0.4999999999999997,-0.8660254037844388,-0.5712682150947924,0.8207634412072763,1.0,6.123233995736766e-17,51.243999,-0.571478,36
2019-03-28 15:00:00,22.47583333333332,49.501999999999974,103.19066666666663,41.416666666666664,0.29265645696891424,20.842147303365596,26.021836809270738,3,-0.7071067811865471,-0.7071067811865479,-0.5712682150947924,0.8207634412072763,1.0,6.123233995736766e-17,51.243999,-0.571478,36
2019-03-28 16:00:00,25.33233333333333,49.62116666666664,103.11900000000004,40.96666666666667,0.2939393779566988,20.665445880263643,33.62424213343872,3,-0.8660254037844385,-0.5000000000000004,-0.5712682150947924,0.8207634412072763,1.0,6.123233995736766e-17,51.243999,-0.571478,36
2019-03-28 17:00:00,27.073000000000015,48.501833333333344,103.0928333333334,40.93333333333333,0.3061798948875741,22.254468919552878,24.07991229576854,3,-0.9659258262890683,-0.25881904510252063,-0.5712682150947924,0.8207634412072763,1.0,6.123233995736766e-17,51.243999,-0.571478,36
2019-03-28 18:00:00,24.81483333333333,48.14849999999997,103.09666666666674,35.21666666666667,0.36190784873122744,24.603937672333362,23.71794705623038,3,-1.0,-1.8369701987210297e-16,-0.5712682150947924,0.8207634412072763,1.0,6.123233995736766e-17,51.243999,-0.571478,36
2019-03-28 19:00:00,20.242000000000008,48.76883333333337,103.10183333333325,35.7,0.3942837317327081,12.151205158346022,24.016825990258294,3,-0.9659258262890684,0.2588190451025203,-0.5712682150947924,0.8207634412072763,1.0,6.123233995736766e-17,51.243999,-0.571478,36
2019-03-28 20:00:00,16.797000000000004,49.65816666666665,103.11716666666668,44.38333333333333,0.3574516813376028,9.33664374524273,27.383310556597912,3,-0.8660254037844386,0.5000000000000001,-0.5712682150947924,0.8207634412072763,1.0,6.123233995736766e-17,51.243999,-0.571478,36
2019-03-28 21:00:00,14.740000000000002,50.38816666666667,103.13000000000008,55.9,0.39805210806857566,11.060195287766037,28.19759527270553,3,-0.7071067811865477,0.7071067811865474,-0.5712682150947924,0.8207634412072763,1.0,6.123233995736766e-17,51.243999,-0.571478,36
2019-03-28 22:00:00,13.411333333333337,50.770166666666675,103.12866666666672,57.03333333333333,0.32895233461154966,10.79578504144086,26.91567936724822,3,-0.5000000000000004,0.8660254037844384,-0.5712682150947924,0.8207634412072763,1.0,6.123233995736766e-17,51.243999,-0.571478,36
2019-03-28 23:00:00,12.44116666666667,50.94116666666667,103.11699999999989,63.983333333333334,0.4067972733581948,12.337038351434325,26.31078543176041,3,-0.25881904510252157,0.9659258262890681,-0.5712682150947924,0.8207634412072763,1.0,6.123233995736766e-17,51.243999,-0.571478,36
2019-03-29 00:00:00,11.497833333333334,50.90683333333333,103.0950000000001,55.55,0.3439501617536601,13.38884140294072,25.667065358110623,3,0.0,1.0,-0.3943558551133187,0.9189578116202306,1.0,6.123233995736766e-17,51.243999,-0.571478,36
2019-03-29 01:00:00,10.588666666666661,51.05233333333332,103.06566666666676,46.0,0.3040395922006843,13.818870964789609,25.486052117002327,3,0.25881904510252074,0.9659258262890683,-0.3943558551133187,0.9189578116202306,1.0,6.123233995736766e-17,51.243999,-0.571478,36
2019-03-29 02:00:00,10.004499999999998,51.22833333333333,103.0255000000001,44.733333333333334,0.2752322422373617,14.829698645487253,20.188356321781303,3,0.49999999999999994,0.8660254037844387,-0.3943558551133187,0.9189578116202306,1.0,6.123233995736766e-17,51.243999,-0.571478,36
2019-03-29 03:00:00,9.185499999999998,51.050666666666665,102.98116666666661,40.61666666666667,0.27848311074360566,15.054919340692,23.796397593817524,3,0.7071067811865476,0.7071067811865476,-0.3943558551133187,0.9189578116202306,1.0,6.123233995736766e-17,51.243999,-0.571478,36
2019-03-29 04:00:00,8.447166666666668,51.115999999999985,102.94433333333339,36.93333333333333,0.278314201048928,16.96207555421614,23.55527982329919,3,0.8660254037844386,0.5000000000000001,-0.3943558551133187,0.9189578116202306,1.0,6.123233995736766e-17,51.243999,-0.571478,36
2019-03-29 05:00:00,7.778166666666668,51.222666666666655,102.94316666666654,30.066666666666666,0.25237483550103,17.55444132258497,25.473156052511438,3,0.9659258262890683,0.25881904510252074,-0.3943558551133187,0.9189578116202306,1.0,6.123233995736766e-17,51.243999,-0.571478,36
2019-03-29 06:00:00,7.238833333333334,51.34166666666667,102.93983333333327,28.766666666666666,0.2459753568902886,19.377757693105192,27.221174928751346,3,1.0,6.123233995736766e-17,-0.3943558551133187,0.9189578116202306,1.0,6.123233995736766e-17,51.243999,-0.571478,36
2019-03-29 07:00:00,7.1765,51.62866666666667,102.92399999999995,27.266666666666666,0.2755871609542258,28.681096324655968,38.2047319641538,3,0.9659258262890683,-0.25881904510252063,-0.3943558551133187,0.9189578116202306,1.0,6.123233995736766e-17,51.243999,-0.571478,36
2019-03-29 08:00:00,8.06166666666667,52.20016666666667,102.87483333333324,32.1,0.42494748200174826,33.727997251812,45.765086726964746,3,0.8660254037844387,-0.4999999999999998,-0.3943558551133187,0.9189578116202306,1.0,6.123233995736766e-17,51.243999,-0.571478,36
2019-03-29 09:00:00,10.394499999999999,52.95433333333331,102.84166666666663,33.88333333333333,0.4474387198510065,30.448967228921425,43.99876923532986,3,0.7071067811865476,-0.7071067811865475,-0.3943558551133187,0.9189578116202306,1.0,6.123233995736766e-17,51.243999,-0.571478,36
2019-03-29 10:00:00,13.687499999999998,52.65466666666667,102.81066666666679,24.283333333333335,0.31660522915650907,27.62788202420535,27.510951992877345,3,0.49999999999999994,-0.8660254037844387,-0.3943558551133187,0.9189578116202306,1.0,6.123233995736766e-17,51.243999,-0.571478,36
2019-03-29 11:00:00,16.9685,51.87066666666666,102.7575,34.7,0.25876370414783373,31.187708412375823,18.927310449278867,3,0.258819045102521,-0.9659258262890682,-0.3943558551133187,0.9189578116202306,1.0,6.123233995736766e-17,51.243999,-0.571478,36
2019-03-29 12:00:00,20.059499999999996,50.653666666666645,102.6723333333333,46.86666666666667,0.2585377287941282,28.079884047601293,18.37472200691827,3,1.2246467991473532e-16,-1.0,-0.3943558551133187,0.9189578116202306,1.0,6.123233995736766e-17,51.243999,-0.571478,36
2019-03-29 13:00:00,20.978833333333338,49.938166666666675,102.5905,46.56666666666667,0.2840420567202991,30.01542121480077,19.753277888351736,3,-0.2588190451025208,-0.9659258262890683,-0.3943558551133187,0.9189578116202306,1.0,6.123233995736766e-17,51.243999,-0.571478,36
2019-03-29 14:00:00,25.080999999999996,49.222666666666676,102.49449999999997,46.56666666666667,0.2951750808219238,26.64995647171091,22.02157067198548,3,-0.4999999999999997,-0.8660254037844388,-0.3943558551133187,0.9189578116202306,1.0,6.123233995736766e-17,51.243999,-0.571478,36
2019-03-29 15:00:00,28.065999999999995,47.72933333333336,102.41850000000001,41.2,0.2986628489288899,27.421963779821656,25.33895770157452,3,-0.7071067811865471,-0.7071067811865479,-0.3943558551133187,0.9189578116202306,1.0,6.123233995736766e-17,51.243999,-0.571478,36
2019-03-29 16:00:00,29.694833333333335,47.25616666666667,102.34400000000007,39.96666666666667,0.31676141620655257,27.177498612920083,36.378164782796176,3,-0.8660254037844385,-0.5000000000000004,-0.3943558551133187,0.9189578116202306,1.0,6.123233995736766e-17,51.243999,-0.571478,36
2019-03-29 17:00:00,29.97650000000001,47.3735,102.30683333333336,39.71666666666667,0.36460603298325134,26.981330427696154,33.33856247933473,3,-0.9659258262890683,-0.25881904510252063,-0.3943558551133187,0.9189578116202306,1.0,6.123233995736766e-17,51.243999,-0.571478,36
2019-03-29 18:00:00,28.16433333333333,47.2725,102.24249999999986,26.666666666666668,0.37119945335389026,19.081752563557732,30.392070203541348,3,-1.0,-1.8369701987210297e-16,-0.3943558551133187,0.9189578116202306,1.0,6.123233995736766e-17,51.243999,-0.571478,36
2019-03-29 19:00:00,23.1005,48.3945,102.22016666666666,33.68333333333333,0.40237258665296216,10.730734227640541,28.70294746294552,3,-0.9659258262890684,0.2588190451025203,-0.3943558551133187,0.9189578116202306,1.0,6.123233995736766e-17,51.243999,-0.571478,36
2019-03-29 20:00:00,19.83683333333333,49.187000000000005,102.20966666666666,43.03333333333333,0.5037716628012703,12.474553691165228,39.591462528566744,3,-0.8660254037844386,0.5000000000000001,-0.3943558551133187,0.9189578116202306,1.0,6.123233995736766e-17,51.243999,-0.571478,36
2019-03-29 21:00:00,17.409166666666668,49.42033333333336,102.2063333333333,42.483333333333334,0.5324563026824972,9.60706762135884,37.86909630703828,3,-0.7071067811865477,0.7071067811865474,-0.3943558551133187,0.9189578116202306,1.0,6.123233995736766e-17,51.243999,-0.571478,36
2019-03-29 22:00:00,15.298666666666666,49.67949999999999,102.18550000000006,32.916666666666664,0.42791272538994385,12.090555148474444,40.33196820878789,3,-0.5000000000000004,0.8660254037844384,-0.3943558551133187,0.9189578116202306,1.0,6.123233995736766e-17,51.243999,-0.571478,36
2019-03-29 23:00:00,13.93466666666667,50.01083333333334,102.15149999999991,34.25,0.48166478733731305,12.303486106508991,35.02817897882959,3,-0.25881904510252157,0.9659258262890681,-0.3943558551133187,0.9189578116202306,1.0,6.123233995736766e-17,51.243999,-0.571478,36
2019-03-30 00:00:00,12.762000000000004,50.063000000000024,102.11200000000002,32.96666666666667,0.4349041678196969,11.191841801796704,33.59475267338604,3,0.0,1.0,-0.20129852008866114,0.9795299412524943,1.0,6.123233995736766e-17,51.243999,-0.571478,36
2019-03-30 01:00:00,11.613333333333333,50.096333333333334,102.07416666666676,33.0,0.41513909123653153,11.001749931453663,28.695342330809158,3,0.25881904510252074,0.9659258262890683,-0.20129852008866114,0.9795299412524943,1.0,6.123233995736766e-17,51.243999,-0.571478,36
2019-03-30 02:00:00,10.817166666666669,50.1535,102.02200000000009,32.56666666666667,0.4097741917807616,10.954556842790252,32.40767839648738,3,0.49999999999999994,0.8660254037844387,-0.20129852008866114,0.9795299412524943,1.0,6.123233995736766e-17,51.243999,-0.571478,36
2019-03-30 03:00:00,9.994333333333335,50.21416666666668,101.96399999999988,33.96666666666667,0.3845342341244219,13.808782767509989,32.36729597450274,3,0.7071067811865476,0.7071067811865476,-0.20129852008866114,0.9795299412524943,1.0,6.123233995736766e-17,51.243999,-0.571478,36
2019-03-30 04:00:00,9.549666666666669,50.33083333333334,101.93000000000005,36.1,0.3770522772894786,12.16871566176649,29.44492598555186,3,0.8660254037844386,0.5000000000000001,-0.20129852008866114,0.9795299412524943,1.0,6.123233995736766e-17,51.243999,-0.571478,36
2019-03-30 05:00:00,9.971833333333336,50.956833333333314,101.904,36.083333333333336,0.36154208142808814,14.597366271962745,28.75912602377885,3,0.9659258262890683,0.25881904510252074,-0.20129852008866114,0.9795299412524943,1.0,6.123233995736766e-17,51.243999,-0.571478,36
2019-03-30 06:00:00,10.10966666666667,50.45283333333334,101.88866666666668,35.36666666666667,0.38510782984349545,16.713885337257306,27.311141522729763,3,1.0,6.123233995736766e-17,-0.20129852008866114,0.9795299412524943,1.0,6.123233995736766e-17,51.243999,-0.571478,36
2019-03-30 07:00:00,9.934,50.507833333333316,101.8721666666666,36.68333333333333,0.4264413334958556,19.33429242157755,29.872344000837302,3,0.9659258262890683,-0.25881904510252063,-0.20129852008866114,0.9795299412524943,1.0,6.123233995736766e-17,51.243999,-0.571478,36
2019-03-30 08:00:00,10.931666666666668,51.06983333333333,101.86833333333328,47.43333333333333,0.4128926539899236,26.218915427168362,35.517382627229246,3,0.8660254037844387,-0.4999999999999998,-0.20129852008866114,0.9795299412524943,1.0,6.123233995736766e-17,51.243999,-0.571478,36
2019-03-30 09:00:00,13.248666666666667,51.50383333333336,101.87366666666662,65.88333333333334,0.4553742046288121,22.335848910133034,37.13616468524767,3,0.7071067811865476,-0.7071067811865475,-0.20129852008866114,0.9795299412524943,1.0,6.123233995736766e-17,51.243999,-0.571478,36
2019-03-30 10:00:00,16.206999999999997,51.128166666666665,101.87499999999997,77.6,0.4416451615559977,25.085123823894545,29.77503648704231,3,0.49999999999999994,-0.8660254037844387,-0.20129852008866114,0.9795299412524943,1.0,6.123233995736766e-17,51.243999,-0.571478,36
2019-03-30 11:00:00,19.525333333333336,50.64150000000002,101.84716666666671,68.18333333333334,0.39883818824919515,28.485961042960856,26.1737630952032,3,0.258819045102521,-0.9659258262890682,-0.20129852008866114,0.9795299412524943,1.0,6.123233995736766e-17,51.243999,-0.571478,36
2019-03-30 12:00:00,22.895999999999976,49.53866666666667,101.80566666666667,45.516666666666666,0.3427900672491115,34.90145837854327,15.82209942212445,3,1.2246467991473532e-16,-1.0,-0.20129852008866114,0.9795299412524943,1.0,6.123233995736766e-17,51.243999,-0.571478,36
2019-03-30 13:00:00,24.08366666666667,48.835499999999996,101.78250000000003,44.31666666666667,0.41449831459933845,37.36960408650508,20.883889068275284,3,-0.2588190451025208,-0.9659258262890683,-0.20129852008866114,0.9795299412524943,1.0,6.123233995736766e-17,51.243999,-0.571478,36
2019-03-30 14:00:00,27.840666666666667,47.80466666666668,101.73083333333332,44.55,0.3803468195035601,34.09069927081477,23.676851029593188,3,-0.4999999999999997,-0.8660254037844388,-0.20129852008866114,0.9795299412524943,1.0,6.123233995736766e-17,51.243999,-0.571478,36
2019-03-30 15:00:00,28.302333333333333,47.051500000000004,101.6963333333333,42.266666666666666,0.38363295755531246,31.91891407384649,26.0037974879784,3,-0.7071067811865471,-0.7071067811865479,-0.20129852008866114,0.9795299412524943,1.0,6.123233995736766e-17,51.243999,-0.571478,36
2019-03-30 16:00:00,27.946999999999996,47.42899999999999,101.67300000000003,38.38333333333333,0.3902891938013099,25.061778875957398,30.927938860289764,3,-0.8660254037844385,-0.5000000000000004,-0.20129852008866114,0.9795299412524943,1.0,6.123233995736766e-17,51.243999,-0.571478,36
2019-03-30 17:00:00,27.064166666666676,47.07199999999999,101.66933333333337,39.1,0.4168784792959708,24.39686027520211,31.948493864117935,3,-0.9659258262890683,-0.25881904510252063,-0.20129852008866114,0.9795299412524943,1.0,6.123233995736766e-17,51.243999,-0.571478,36
2019-03-30 18:00:00,25.531999999999996,47.26250000000004,101.68249999999995,39.61666666666667,0.49132382961947807,22.585580418955374,35.238987244687706,3,-1.0,-1.8369701987210297e-16,-0.20129852008866114,0.9795299412524943,1.0,6.123233995736766e-17,51.243999,-0.571478,36
2019-03-30 19:00:00,22.659000000000002,47.91850000000001,101.71383333333323,70.6,0.5724544117130297,10.200063442482701,36.88369036528685,3,-0.9659258262890684,0.2588190451025203,-0.20129852008866114,0.9795299412524943,1.0,6.123233995736766e-17,51.243999,-0.571478,36
2019-03-30 20:00:00,20.93916666666667,48.57483333333333,101.7801666666668,64.25,0.5540614775916823,11.867168626747038,34.13148081151939,3,-0.8660254037844386,0.5000000000000001,-0.20129852008866114,0.9795299412524943,1.0,6.123233995736766e-17,51.243999,-0.571478,36
2019-03-30 21:00:00,19.457000000000004,48.91549999999999,101.81050000000012,56.45,0.47041891815023207,11.545689156734646,35.76080977406607,3,-0.7071067811865477,0.7071067811865474,-0.20129852008866114,0.9795299412524943,1.0,6.123233995736766e-17,51.243999,-0.571478,36
2019-03-30 22:00:00,18.4095,48.84966666666663,101.84216666666664,64.08333333333333,0.38317690952776284,10.203298809012884,29.114099518714195,3,-0.5000000000000004,0.8660254037844384,-0.20129852008866114,0.9795299412524943,1.0,6.123233995736766e-17,51.243999,-0.571478,36
2019-03-30 23:00:00,16.854166666666668,48.81233333333333,101.8841666666668,66.65,0.39697080549589076,11.18245372948287,30.4876156945645,3,-0.25881904510252157,0.9659258262890681,-0.20129852008866114,0.9795299412524943,1.0,6.123233995736766e-17,51.243999,-0.571478,36
2019-03-31 00:00:00,15.539500000000004,49.10533333333334,101.89416666666664,65.26666666666667,0.3559093487685639,11.952922781511967,29.288349807765858,3,0.0,1.0,-2.4492935982947064e-16,1.0,1.0,6.123233995736766e-17,51.243999,-0.571478,36
2019-03-31 01:00:00,14.3245,49.22049999999999,101.88183333333343,65.85,0.34808733764237193,9.062809025537568,35.1066781985453,3,0.25881904510252074,0.9659258262890683,-2.4492935982947064e-16,1.0,1.0,6.123233995736766e-17,51.243999,-0.571478,36
2019-03-31 02:00:00,13.134833333333335,49.33866666666664,101.90033333333334,65.23333333333333,0.3113180740223402,10.141841893364141,32.20362321867865,3,0.49999999999999994,0.8660254037844387,-2.4492935982947064e-16,1.0,1.0,6.123233995736766e-17,51.243999,-0.571478,36
2019-03-31 03:00:00,12.355833333333338,49.69500000000003,101.91116666666659,67.86666666666666,0.3216667814206209,9.85562965407813,31.1577541913763,3,0.7071067811865476,0.7071067811865476,-2.4492935982947064e-16,1.0,1.0,6.123233995736766e-17,51.243999,-0.571478,36
2019-03-31 04:00:00,11.951499999999994,49.702833333333345,101.90299999999992,82.9,0.2984311408190248,9.981177360420475,31.933180352768133,3,0.8660254037844386,0.5000000000000001,-2.4492935982947064e-16,1.0,1.0,6.123233995736766e-17,51.243999,-0.571478,36
2019-03-31 05:00:00,11.851333333333333,50.2245,101.93166666666662,118.65,0.3011101887235845,9.58673482219819,30.52712468806042,3,0.9659258262890683,0.25881904510252074,-2.4492935982947064e-16,1.0,1.0,6.123233995736766e-17,51.243999,-0.571478,36
2019-03-31 06:00:00,12.563500000000001,50.784999999999975,102.00483333333334,113.65,0.27543916854445866,13.983115566965136,18.473239486494208,3,1.0,6.123233995736766e-17,-2.4492935982947064e-16,1.0,1.0,6.123233995736766e-17,51.243999,-0.571478,36
2019-03-31 07:00:00,13.20116666666667,50.89650000000001,102.07900000000004,84.53333333333333,0.2653439362692775,14.3039321753723,19.17226760195732,3,0.9659258262890683,-0.25881904510252063,-2.4492935982947064e-16,1.0,1.0,6.123233995736766e-17,51.243999,-0.571478,36
2019-03-31 08:00:00,13.550666666666674,50.76716666666666,102.1406666666666,44.43333333333333,0.2291999795748943,19.214685620841983,13.68602957095278,3,0.8660254037844387,-0.4999999999999998,-2.4492935982947064e-16,1.0,1.0,6.123233995736766e-17,51.243999,-0.571478,36
2019-03-31 09:00:00,13.679833333333338,50.887666666666625,102.1915,30.583333333333332,0.21754749792454564,18.22793132089243,13.369026613597606,3,0.7071067811865476,-0.7071067811865475,-2.4492935982947064e-16,1.0,1.0,6.123233995736766e-17,51.243999,-0.571478,36
2019-03-31 10:00:00,14.075666666666667,50.990833333333306,102.23683333333331,26.216666666666665,0.24889960379687331,18.28000517065789,17.3126422458857,3,0.49999999999999994,-0.8660254037844387,-2.4492935982947064e-16,1.0,1.0,6.123233995736766e-17,51.243999,-0.571478,36
2019-03-31 11:00:00,14.522333333333334,50.98183333333332,102.25983333333346,19.883333333333333,0.2352884867192886,18.634701896194592,18.645496484343077,3,0.258819045102521,-0.9659258262890682,-2.4492935982947064e-16,1.0,1.0,6.123233995736766e-17,51.243999,-0.571478,36
2019-03-31 12:00:00,15.372499999999999,51.04583333333334,102.25550000000001,9.366666666666667,0.2279192818488893,18.81949166052162,20.160576168168117,3,1.2246467991473532e-16,-1.0,-2.4492935982947064e-16,1.0,1.0,6.123233995736766e-17,51.243999,-0.571478,36
2019-03-31 13:00:00,16.9845,50.57400000000002,102.25600000000009,6.8,0.259191629659889,21.94831086474153,22.181521441076377,3,-0.2588190451025208,-0.9659258262890683,-2.4492935982947064e-16,1.0,1.0,6.123233995736766e-17,51.243999,-0.571478,36
2019-03-31 14:00:00,18.62516666666667,49.842666666666666,102.2298333333333,5.433333333333334,0.22140164444063765,20.584992898441342,22.555261733816483,3,-0.4999999999999997,-0.8660254037844388,-2.4492935982947064e-16,1.0,1.0,6.123233995736766e-17,51.243999,-0.571478,36
2019-03-31 15:00:00,21.400000000000002,48.433499999999995,102.1835000000001,4.866666666666666,0.2039097773663473,20.557140244395672,23.644085866249263,3,-0.7071067811865471,-0.7071067811865479,-2.4492935982947064e-16,1.0,1.0,6.123233995736766e-17,51.243999,-0.571478,36
2019-03-31 16:00:00,22.40949999999999,47.35566666666668,102.16616666666661,2.8333333333333335,0.2173158771155358,20.093383603023415,26.995523941141624,3,-0.8660254037844385,-0.5000000000000004,-2.4492935982947064e-16,1.0,1.0,6.123233995736766e-17,51.243999,-0.571478,36
2019-03-31 17:00:00,22.260500000000004,46.95433333333334,102.16383333333339,2.033333333333333,0.21180520851177845,19.020430301251928,22.686048283968113,3,-0.9659258262890683,-0.25881904510252063,-2.4492935982947064e-16,1.0,1.0,6.123233995736766e-17,51.243999,-0.571478,36
2019-03-31 18:00:00,19.9245,46.620333333333356,102.17683333333322,2.0166666666666666,0.20523842072203843,16.41541866188681,20.479561468633324,3,-1.0,-1.8369701987210297e-16,-2.4492935982947064e-16,1.0,1.0,6.123233995736766e-17,51.243999,-0.571478,36
2019-03-31 19:00:00,15.934166666666668,47.30216666666667,102.20383333333326,1.75,0.23695348863002447,15.549842684095172,16.06714656453571,3,-0.9659258262890684,0.2588190451025203,-2.4492935982947064e-16,1.0,1.0,6.123233995736766e-17,51.243999,-0.571478,36
2019-03-31 20:00:00,13.413333333333336,48.090666666666685,102.22649999999997,1.8333333333333333,0.2047676246700137,16.181523471153827,13.96182287441587,3,-0.8660254037844386,0.5000000000000001,-2.4492935982947064e-16,1.0,1.0,6.123233995736766e-17,51.243999,-0.571478,36
2019-03-31 21:00:00,11.901,48.47216666666669,102.25566666666676,1.85,0.18017675469228372,14.0974433455649,16.1792093216086,3,-0.7071067811865477,0.7071067811865474,-2.4492935982947064e-16,1.0,1.0,6.123233995736766e-17,51.243999,-0.571478,36
2019-03-31 22:00:00,10.901166666666663,48.73966666666667,102.26666666666668,1.7666666666666666,0.1692314914500068,13.110028775419805,12.946579102298351,3,-0.5000000000000004,0.8660254037844384,-2.4492935982947064e-16,1.0,1.0,6.123233995736766e-17,51.243999,-0.571478,36
2019-03-31 23:00:00,10.215333333333328,49.098333333333315,102.25916666666672,1.9666666666666666,0.16411920574889854,12.506742686368332,11.562124254041011,3,-0.25881904510252157,0.9659258262890681,-2.4492935982947064e-16,1.0,1.0,6.123233995736766e-17,51.243999,-0.571478,36
2019-04-01 00:00:00,9.92666666666666,49.45166666666666,102.2221666666666,1.9166666666666667,0.16409218904423675,15.375388651264954,11.28622444423837,4,0.0,1.0,0.20129852008866006,0.9795299412524945,0.8660254037844387,-0.4999999999999998,51.243999,-0.571478,36
2019-04-01 01:00:00,9.740666666666664,49.609000000000016,102.17633333333329,2.4166666666666665,0.1632654906857125,15.555323167700843,12.842974133009518,4,0.25881904510252074,0.9659258262890683,0.20129852008866006,0.9795299412524945,0.8660254037844387,-0.4999999999999998,51.243999,-0.571478,36
2019-04-01 02:00:00,9.329333333333329,49.48183333333336,102.12749999999998,2.816666666666667,0.1605253438226134,16.844859258409674,12.338313107745403,4,0.49999999999999994,0.8660254037844387,0.20129852008866006,0.9795299412524945,0.8660254037844387,-0.4999999999999998,51.243999,-0.571478,36
2019-04-01 03:00:00,8.755166666666668,49.68733333333337,102.08749999999999,3.0833333333333335,0.15725103794677167,16.316282299261843,14.12598082997119,4,0.7071067811865476,0.7071067811865476,0.20129852008866006,0.9795299412524945,0.8660254037844387,-0.4999999999999998,51.243999,-0.571478,36
2019-04-01 04:00:00,8.367499999999998,49.852,102.05450000000006,2.9833333333333334,0.1825530723312293,15.455017021540263,18.588737935250904,4,0.8660254037844386,0.5000000000000001,0.20129852008866006,0.9795299412524945,0.8660254037844387,-0.4999999999999998,51.243999,-0.571478,36
2019-04-01 05:00:00,7.929999999999999,50.09949999999997,102.03016666666677,4.066666666666666,0.1993796952486372,17.806569272474533,30.493265408973503,4,0.9659258262890683,0.25881904510252074,0.20129852008866006,0.9795299412524945,0.8660254037844387,-0.4999999999999998,51.243999,-0.571478,36
2019-04-01 06:00:00,7.412666666666668,50.068000000000026,102.00316666666673,5.366666666666666,0.22648203622930574,21.556718493140078,40.176707465574594,4,1.0,6.123233995736766e-17,0.20129852008866006,0.9795299412524945,0.8660254037844387,-0.4999999999999998,51.243999,-0.571478,36
2019-04-01 07:00:00,7.069833333333335,50.32366666666666,102.00600000000011,8.066666666666666,0.25693273167121294,26.25284384067318,43.50483758070708,4,0.9659258262890683,-0.25881904510252063,0.20129852008866006,0.9795299412524945,0.8660254037844387,-0.4999999999999998,51.243999,-0.571478,36
2019-04-01 08:00:00,8.255166666666664,51.24500000000002,101.97949999999997,11.616666666666667,0.29569193098510493,28.120358682013453,37.934321537466104,4,0.8660254037844387,-0.4999999999999998,0.20129852008866006,0.9795299412524945,0.8660254037844387,-0.4999999999999998,51.243999,-0.571478,36
2019-04-01 09:00:00,10.591666666666663,51.80566666666665,101.93783333333332,13.533333333333333,0.21616405291200513,19.49258829773579,27.763099481128204,4,0.7071067811865476,-0.7071067811865475,0.20129852008866006,0.9795299412524945,0.8660254037844387,-0.4999999999999998,51.243999,-0.571478,36
2019-04-01 10:00:00,13.076333333333338,51.4611666666667,101.91300000000003,12.283333333333333,0.23085082128691342,22.533481986578533,24.14922213329536,4,0.49999999999999994,-0.8660254037844387,0.20129852008866006,0.9795299412524945,0.8660254037844387,-0.4999999999999998,51.243999,-0.571478,36
2019-04-01 11:00:00,15.833166666666669,50.91366666666666,101.83400000000003,8.766666666666667,0.23447874218684797,22.77939598833631,24.181150252803334,4,0.258819045102521,-0.9659258262890682,0.20129852008866006,0.9795299412524945,0.8660254037844387,-0.4999999999999998,51.243999,-0.571478,36
2019-04-01 12:00:00,18.38783333333333,49.5575,101.73666666666666,6.066666666666666,0.2617127677775288,25.564882221565732,19.597187564685456,4,1.2246467991473532e-16,-1.0,0.20129852008866006,0.9795299412524945,0.8660254037844387,-0.4999999999999998,51.243999,-0.571478,36
2019-04-01 13:00:00,19.13816666666667,48.90500000000001,101.65466666666674,6.416666666666667,0.22341440639810947,24.357271054980977,19.63360814444471,4,-0.2588190451025208,-0.9659258262890683,0.20129852008866006,0.9795299412524945,0.8660254037844387,-0.4999999999999998,51.243999,-0.571478,36
2019-04-01 14:00:00,22.96116666666667,47.98116666666665,101.56333333333336,6.566666666666666,0.24644810848147028,25.930768913793,24.946396838294913,4,-0.4999999999999997,-0.8660254037844388,0.20129852008866006,0.9795299412524945,0.8660254037844387,-0.4999999999999998,51.243999,-0.571478,36
2019-04-01 15:00:00,25.175166666666662,46.3885,101.45433333333335,6.966666666666667,0.2509678425378084,22.53878794861402,28.89310187370344,4,-0.7071067811865471,-0.7071067811865479,0.20129852008866006,0.9795299412524945,0.8660254037844387,-0.4999999999999998,51.243999,-0.571478,36
2019-04-01 16:00:00,26.035666666666668,45.876666666666665,101.37033333333336,6.933333333333334,0.3168236966366659,23.293912238646488,35.40046145632477,4,-0.8660254037844385,-0.5000000000000004,0.20129852008866006,0.9795299412524945,0.8660254037844387,-0.4999999999999998,51.243999,-0.571478,36
2019-04-01 17:00:00,26.240166666666674,45.8271666666667,101.28916666666676,6.766666666666667,0.28260631267542524,23.96235993762193,28.692133037206975,4,-0.9659258262890683,-0.25881904510252063,0.20129852008866006,0.9795299412524945,0.8660254037844387,-0.4999999999999998,51.243999,-0.571478,36
2019-04-01 18:00:00,24.562333333333324,45.51616666666668,101.25566666666664,6.866666666666666,0.2613377582238503,15.663197954080669,25.928522699196062,4,-1.0,-1.8369701987210297e-16,0.20129852008866006,0.9795299412524945,0.8660254037844387,-0.4999999999999998,51.243999,-0.571478,36
2019-04-01 19:00:00,19.59666666666667,46.36666666666667,101.20983333333324,8.533333333333333,0.2899898581663086,11.72764293482271,27.31976126692003,4,-0.9659258262890684,0.2588190451025203,0.20129852008866006,0.9795299412524945,0.8660254037844387,-0.4999999999999998,51.243999,-0.571478,36
2019-04-01 20:00:00,16.19333333333333,47.36983333333334,101.17200000000008,12.3,0.2720826078028296,11.077936091096209,27.83818072123911,4,-0.8660254037844386,0.5000000000000001,0.20129852008866006,0.9795299412524945,0.8660254037844387,-0.4999999999999998,51.243999,-0.571478,36
2019-04-01 21:00:00,13.789999999999996,47.88716666666668,101.14133333333332,12.716666666666667,0.25369291545323963,10.401564370435883,25.293635357309615,4,-0.7071067811865477,0.7071067811865474,0.20129852008866006,0.9795299412524945,0.8660254037844387,-0.4999999999999998,51.243999,-0.571478,36
2019-04-01 22:00:00,12.049166666666666,48.24166666666669,101.06800000000003,14.133333333333333,0.24794244304030993,9.601857589469073,25.237302178957762,4,-0.5000000000000004,0.8660254037844384,0.20129852008866006,0.9795299412524945,0.8660254037844387,-0.4999999999999998,51.243999,-0.571478,36
2019-04-01 23:00:00,10.721333333333336,48.47666666666667,100.95866666666662,16.333333333333332,0.2675037070468811,9.568184378925425,28.514546132297372,4,-0.25881904510252157,0.9659258262890681,0.20129852008866006,0.9795299412524945,0.8660254037844387,-0.4999999999999998,51.243999,-0.571478,36
2019-04-02 00:00:00,9.786333333333333,48.6826666666667,100.85916666666667,20.083333333333332,0.34757869375958117,8.59806321108362,35.117362419184175,4,0.0,1.0,0.39435585511331855,0.9189578116202306,0.8660254037844387,-0.4999999999999998,51.243999,-0.571478,36
2019-04-02 01:00:00,9.109833333333334,48.93316666666668,100.76516666666664,24.116666666666667,0.3146325091912975,8.766832006539365,31.018461194395524,4,0.25881904510252074,0.9659258262890683,0.39435585511331855,0.9189578116202306,0.8660254037844387,-0.4999999999999998,51.243999,-0.571478,36
2019-04-02 02:00:00,8.679999999999998,49.06700000000001,100.66200000000005,26.416666666666668,0.2814892458523858,10.149370578081975,27.63187017748843,4,0.49999999999999994,0.8660254037844387,0.39435585511331855,0.9189578116202306,0.8660254037844387,-0.4999999999999998,51.243999,-0.571478,36
2019-04-02 03:00:00,8.23066666666667,49.11966666666665,100.56649999999999,28.866666666666667,0.28400416232907705,12.20496343533909,27.188013533363677,4,0.7071067811865476,0.7071067811865476,0.39435585511331855,0.9189578116202306,0.8660254037844387,-0.4999999999999998,51.243999,-0.571478,36
2019-04-02 04:00:00,7.761833333333334,49.12749999999999,100.4779999999999,28.216666666666665,0.2686133940376261,12.9641132594949,26.281466190781956,4,0.8660254037844386,0.5000000000000001,0.39435585511331855,0.9189578116202306,0.8660254037844387,-0.4999999999999998,51.243999,-0.571478,36
2019-04-02 05:00:00,7.545833333333335,49.46766666666667,100.40833333333336,30.566666666666666,0.27548088089308226,14.57552362066389,28.17687377767241,4,0.9659258262890683,0.25881904510252074,0.39435585511331855,0.9189578116202306,0.8660254037844387,-0.4999999999999998,51.243999,-0.571478,36
2019-04-02 06:00:00,8.252499999999998,49.957333333333345,100.35016666666677,37.7,0.30828555077505576,23.186652269978037,32.8859566184967,4,1.0,6.123233995736766e-17,0.39435585511331855,0.9189578116202306,0.8660254037844387,-0.4999999999999998,51.243999,-0.571478,36
2019-04-02 07:00:00,9.285833333333334,50.00183333333334,100.28466666666665,43.166666666666664,0.3585733751059691,21.940400409133442,38.19096419448775,4,0.9659258262890683,-0.25881904510252063,0.39435585511331855,0.9189578116202306,0.8660254037844387,-0.4999999999999998,51.243999,-0.571478,36
2019-04-02 08:00:00,10.931166666666666,50.22783333333333,100.17750000000002,56.233333333333334,0.4033528937762726,26.501775597699396,36.79555484850357,4,0.8660254037844387,-0.4999999999999998,0.39435585511331855,0.9189578116202306,0.8660254037844387,-0.4999999999999998,51.243999,-0.571478,36
2019-04-02 09:00:00,12.543000000000001,49.979500000000016,100.105,56.233333333333334,0.7128984461545895,21.72217797034499,37.40669704088223,4,0.7071067811865476,-0.7071067811865475,0.39435585511331855,0.9189578116202306,0.8660254037844387,-0.4999999999999998,51.243999,-0.571478,36
2019-04-02 10:00:00,12.929000000000004,49.38950000000003,100.10766666666663,38.43333333333333,0.3426287701890091,22.16282064786236,31.209725789365777,4,0.49999999999999994,-0.8660254037844387,0.39435585511331855,0.9189578116202306,0.8660254037844387,-0.4999999999999998,51.243999,-0.571478,36
2019-04-02 11:00:00,12.11316666666666,49.61166666666667,100.12099999999992,14.016666666666667,0.30325480989277914,17.809663581611503,25.41200592635893,4,0.258819045102521,-0.9659258262890682,0.39435585511331855,0.9189578116202306,0.8660254037844387,-0.4999999999999998,51.243999,-0.571478,36
2019-04-02 12:00:00,11.913833333333336,50.3625,100.09866666666669,2.1333333333333333,0.2873276244064639,19.688910699128336,22.810228758701783,4,1.2246467991473532e-16,-1.0,0.39435585511331855,0.9189578116202306,0.8660254037844387,-0.4999999999999998,51.243999,-0.571478,36
2019-04-02 13:00:00,13.17283333333334,50.596333333333334,100.07416666666664,3.45,0.23695533940815505,20.445439416275924,18.681301940870014,4,-0.2588190451025208,-0.9659258262890683,0.39435585511331855,0.9189578116202306,0.8660254037844387,-0.4999999999999998,51.243999,-0.571478,36
2019-04-02 14:00:00,14.426833333333336,50.22899999999998,100.04333333333336,1.6833333333333333,0.26486905453722864,23.810051328358032,22.316273962734602,4,-0.4999999999999997,-0.8660254037844388,0.39435585511331855,0.9189578116202306,0.8660254037844387,-0.4999999999999998,51.243999,-0.571478,36
2019-04-02 15:00:00,15.069499999999998,49.132666666666644,100.00133333333332,1.8333333333333333,0.2732181474868334,26.8372002611391,20.533847535591025,4,-0.7071067811865471,-0.7071067811865479,0.39435585511331855,0.9189578116202306,0.8660254037844387,-0.4999999999999998,51.243999,-0.571478,36
2019-04-02 16:00:00,16.420666666666662,48.888833333333324,99.98600000000005,2.1166666666666667,0.29031574643878405,28.38475413049879,24.042381677076825,4,-0.8660254037844385,-0.5000000000000004,0.39435585511331855,0.9189578116202306,0.8660254037844387,-0.4999999999999998,51.243999,-0.571478,36
2019-04-02 17:00:00,18.928166666666655,48.25966666666667,99.9223333333333,2.45,0.2919803351254717,31.72337281512855,28.0828337879452,4,-0.9659258262890683,-0.25881904510252063,0.39435585511331855,0.9189578116202306,0.8660254037844387,-0.4999999999999998,51.243999,-0.571478,36
2019-04-02 18:00:00,16.919499999999996,46.57266666666669,99.92499999999995,1.0333333333333334,0.31272110934679187,24.687036810467937,17.440362370272183,4,-1.0,-1.8369701987210297e-16,0.39435585511331855,0.9189578116202306,0.8660254037844387,-0.4999999999999998,51.243999,-0.571478,36
2019-04-02 19:00:00,13.14916666666667,47.65899999999999,99.92183333333335,1.5833333333333333,0.32199381042427117,13.462764997124351,19.0420224409684,4,-0.9659258262890684,0.2588190451025203,0.39435585511331855,0.9189578116202306,0.8660254037844387,-0.4999999999999998,51.243999,-0.571478,36
2019-04-02 20:00:00,11.121666666666666,48.61166666666666,99.91899999999997,2.45,0.2842803589547617,12.018862575139163,15.7545123823982,4,-0.8660254037844386,0.5000000000000001,0.39435585511331855,0.9189578116202306,0.8660254037844387,-0.4999999999999998,51.243999,-0.571478,36
2019-04-02 21:00:00,10.087999999999997,49.34016666666668,99.92966666666673,8.266666666666667,0.29139926063313426,14.278527918451498,21.945898713424846,4,-0.7071067811865477,0.7071067811865474,0.39435585511331855,0.9189578116202306,0.8660254037844387,-0.4999999999999998,51.243999,-0.571478,36
2019-04-02 22:00:00,9.299666666666669,49.39550000000001,99.92216666666668,5.233333333333333,0.28217635596347196,13.383388775908747,19.177576560502416,4,-0.5000000000000004,0.8660254037844384,0.39435585511331855,0.9189578116202306,0.8660254037844387,-0.4999999999999998,51.243999,-0.571478,36
2019-04-02 23:00:00,8.534166666666666,49.37283333333334,99.90116666666673,11.95,0.2936297218232372,13.857090123738354,21.580779434079293,4,-0.25881904510252157,0.9659258262890681,0.39435585511331855,0.9189578116202306,0.8660254037844387,-0.4999999999999998,51.243999,-0.571478,36
2019-04-03 00:00:00,7.693666666666669,49.45599999999999,99.87250000000004,21.0,0.25086029952429256,14.602420055168512,22.026592318692263,4,0.0,1.0,0.5712682150947923,0.8207634412072763,0.8660254037844387,-0.4999999999999998,51.243999,-0.571478,36
2019-04-03 01:00:00,6.766999999999998,49.64383333333331,99.82566666666662,14.1,0.24279011534694125,13.42598621595396,22.77997159711206,4,0.25881904510252074,0.9659258262890683,0.5712682150947923,0.8207634412072763,0.8660254037844387,-0.4999999999999998,51.243999,-0.571478,36
2019-04-03 02:00:00,6.258333333333331,49.97183333333331,99.79866666666672,8.85,0.2563637454372949,13.916268079307883,21.40114939164143,4,0.49999999999999994,0.8660254037844387,0.5712682150947923,0.8207634412072763,0.8660254037844387,-0.4999999999999998,51.243999,-0.571478,36
2019-04-03 03:00:00,5.5678333333333345,49.7555,99.74099999999997,8.15,0.2249922529550516,13.822111363060381,24.918845392559998,4,0.7071067811865476,0.7071067811865476,0.5712682150947923,0.8207634412072763,0.8660254037844387,-0.4999999999999998,51.243999,-0.571478,36
2019-04-03 04:00:00,4.938999999999998,49.949666666666666,99.70866666666662,11.4,0.23512164314485134,13.35237486904561,28.76775477689282,4,0.8660254037844386,0.5000000000000001,0.5712682150947923,0.8207634412072763,0.8660254037844387,-0.4999999999999998,51.243999,-0.571478,36
2019-04-03 05:00:00,4.418,49.94849999999998,99.68183333333329,12.866666666666667,0.24895689061806822,16.707441308540616,29.77160619829506,4,0.9659258262890683,0.25881904510252074,0.5712682150947923,0.8207634412072763,0.8660254037844387,-0.4999999999999998,51.243999,-0.571478,36
2019-04-03 06:00:00,4.224666666666666,50.28633333333332,99.68849999999993,15.633333333333333,0.3290694865391964,29.20708263832673,36.37592631029176,4,1.0,6.123233995736766e-17,0.5712682150947923,0.8207634412072763,0.8660254037844387,-0.4999999999999998,51.243999,-0.571478,36
2019-04-03 07:00:00,4.296000000000001,50.54166666666667,99.69083333333326,25.033333333333335,0.3843862417146548,38.06659669379274,39.052816092263384,4,0.9659258262890683,-0.25881904510252063,0.5712682150947923,0.8207634412072763,0.8660254037844387,-0.4999999999999998,51.243999,-0.571478,36
2019-04-03 08:00:00,5.412166666666666,51.122166666666686,99.71550000000003,27.283333333333335,0.4660091366110136,35.7635254596135,36.89125253356606,4,0.8660254037844387,-0.4999999999999998,0.5712682150947923,0.8207634412072763,0.8660254037844387,-0.4999999999999998,51.243999,-0.571478,36
2019-04-03 09:00:00,7.260000000000001,51.55383333333332,99.70516666666667,27.216666666666665,0.3133803763051202,24.24847082702737,35.45018828614668,4,0.7071067811865476,-0.7071067811865475,0.5712682150947923,0.8207634412072763,0.8660254037844387,-0.4999999999999998,51.243999,-0.571478,36
2019-04-03 10:00:00,9.163666666666666,51.48266666666665,99.6886666666667,26.066666666666666,0.2915989584294192,24.875360126765692,28.8373418741289,4,0.49999999999999994,-0.8660254037844387,0.5712682150947923,0.8207634412072763,0.8660254037844387,-0.4999999999999998,51.243999,-0.571478,36
2019-04-03 11:00:00,12.023666666666664,51.279666666666664,99.6723333333333,17.733333333333334,0.27293319167534186,26.711160488647433,28.357016784541525,4,0.258819045102521,-0.9659258262890682,0.5712682150947923,0.8207634412072763,0.8660254037844387,-0.4999999999999998,51.243999,-0.571478,36
2019-04-03 12:00:00,12.979499999999993,50.282666666666664,99.6186666666667,13.4,0.29890946802482626,25.73956764715057,26.277198434307046,4,1.2246467991473532e-16,-1.0,0.5712682150947923,0.8207634412072763,0.8660254037844387,-0.4999999999999998,51.243999,-0.571478,36
2019-04-03 13:00:00,14.333666666666668,49.97449999999999,99.56549999999997,8.2,0.23394100383904137,28.338530253967317,21.578406614223567,4,-0.2588190451025208,-0.9659258262890683,0.5712682150947923,0.8207634412072763,0.8660254037844387,-0.4999999999999998,51.243999,-0.571478,36
2019-04-03 14:00:00,15.613499999999998,49.24833333333334,99.52283333333331,6.5,0.2417862893732347,25.843098648113124,24.49589259472526,4,-0.4999999999999997,-0.8660254037844388,0.5712682150947923,0.8207634412072763,0.8660254037844387,-0.4999999999999998,51.243999,-0.571478,36
2019-04-03 15:00:00,16.80083333333333,48.71783333333333,99.48949999999986,7.716666666666667,0.28512143285411207,26.213669689824876,26.67472814040688,4,-0.7071067811865471,-0.7071067811865479,0.5712682150947923,0.8207634412072763,0.8660254037844387,-0.4999999999999998,51.243999,-0.571478,36
2019-04-03 16:00:00,14.723500000000007,47.80633333333336,99.501,8.65,0.31418297962760405,20.924162334003316,22.43286529824563,4,-0.8660254037844385,-0.5000000000000004,0.5712682150947923,0.8207634412072763,0.8660254037844387,-0.4999999999999998,51.243999,-0.571478,36
2019-04-03 17:00:00,14.965333333333332,48.58650000000001,99.47799999999987,8.283333333333333,0.3274553344665973,22.413507705790167,27.77376694673296,4,-0.9659258262890683,-0.25881904510252063,0.5712682150947923,0.8207634412072763,0.8660254037844387,-0.4999999999999998,51.243999,-0.571478,36
2019-04-03 18:00:00,13.109833333333341,48.05449999999999,99.48149999999991,10.866666666666667,0.32978253664439655,16.147269547899803,21.487648601901135,4,-1.0,-1.8369701987210297e-16,0.5712682150947923,0.8207634412072763,0.8660254037844387,-0.4999999999999998,51.243999,-0.571478,36
2019-04-03 19:00:00,11.216000000000003,48.381666666666696,99.47416666666665,14.266666666666667,0.3545348317234836,14.933774371522592,23.737448193662093,4,-0.9659258262890684,0.2588190451025203,0.5712682150947923,0.8207634412072763,0.8660254037844387,-0.4999999999999998,51.243999,-0.571478,36
2019-04-03 20:00:00,9.499999999999998,48.83150000000003,99.47233333333335,21.816666666666666,0.326486702377658,9.71308479267966,25.584747292630286,4,-0.8660254037844386,0.5000000000000001,0.5712682150947923,0.8207634412072763,0.8660254037844387,-0.4999999999999998,51.243999,-0.571478,36
2019-04-03 21:00:00,8.170333333333334,49.306666666666636,99.45416666666664,24.25,0.4439669569008308,13.88033392427598,26.07932385275414,4,-0.7071067811865477,0.7071067811865474,0.5712682150947923,0.8207634412072763,0.8660254037844387,-0.4999999999999998,51.243999,-0.571478,36
2019-04-03 22:00:00,7.2570000000000014,49.75550000000002,99.42533333333331,24.2,0.3464139548495349,10.953559044018169,30.363092367682615,4,-0.5000000000000004,0.8660254037844384,0.5712682150947923,0.8207634412072763,0.8660254037844387,-0.4999999999999998,51.243999,-0.571478,36
2019-04-03 23:00:00,6.989333333333335,50.236833333333344,99.3971666666667,23.466666666666665,0.31225768730700465,11.231232490392388,22.74305329966218,4,-0.25881904510252157,0.9659258262890681,0.5712682150947923,0.8207634412072763,0.8660254037844387,-0.4999999999999998,51.243999,-0.571478,36
2019-04-04 00:00:00,6.941499999999997,50.31500000000001,99.3448333333333,22.033333333333335,0.2660308426783683,9.56973050311118,23.877732008545742,4,0.0,1.0,0.72479278722912,0.6889669190756866,0.8660254037844387,-0.4999999999999998,51.243999,-0.571478,36
2019-04-04 01:00:00,7.033166666666669,50.462166666666654,99.28750000000004,18.733333333333334,0.23088159192834948,10.846633113592073,18.802027613412935,4,0.25881904510252074,0.9659258262890683,0.72479278722912,0.6889669190756866,0.8660254037844387,-0.4999999999999998,51.243999,-0.571478,36
2019-04-04 02:00:00,7.211833333333332,50.570666666666696,99.2156666666667,15.416666666666666,0.21413005356648704,10.565957266035902,16.573142992708817,4,0.49999999999999994,0.8660254037844387,0.72479278722912,0.6889669190756866,0.8660254037844387,-0.4999999999999998,51.243999,-0.571478,36
2019-04-04 03:00:00,7.135833333333335,50.35500000000002,99.1291666666667,9.6,0.19122275148136922,12.649214185260941,11.23624644848592,4,0.7071067811865476,0.7071067811865476,0.72479278722912,0.6889669190756866,0.8660254037844387,-0.4999999999999998,51.243999,-0.571478,36
2019-04-04 04:00:00,6.796666666666675,50.4141666666667,99.06950000000005,8.1,0.18601409727621315,12.354718003981196,11.876888581735686,4,0.8660254037844386,0.5000000000000001,0.72479278722912,0.6889669190756866,0.8660254037844387,-0.4999999999999998,51.243999,-0.571478,36
2019-04-04 05:00:00,6.889833333333334,50.988000000000014,99.03850000000006,6.533333333333333,0.19433447988456515,12.393874111144665,15.198462755351155,4,0.9659258262890683,0.25881904510252074,0.72479278722912,0.6889669190756866,0.8660254037844387,-0.4999999999999998,51.243999,-0.571478,36
2019-04-04 06:00:00,7.193,51.13149999999998,99.0505,5.316666666666666,0.19771514730234863,11.459151380952518,20.354196156094154,4,1.0,6.123233995736766e-17,0.72479278722912,0.6889669190756866,0.8660254037844387,-0.4999999999999998,51.243999,-0.571478,36
2019-04-04 07:00:00,7.583500000000001,51.536500000000025,99.04733333333337,3.3333333333333335,0.20045371110993973,11.235581533792596,16.273721561097553,4,0.9659258262890683,-0.25881904510252063,0.72479278722912,0.6889669190756866,0.8660254037844387,-0.4999999999999998,51.243999,-0.571478,36
2019-04-04 08:00:00,8.0875,52.030333333333346,99.01716666666678,2.45,0.1953046135482142,11.639724589404501,13.891096835428481,4,0.8660254037844387,-0.4999999999999998,0.72479278722912,0.6889669190756866,0.8660254037844387,-0.4999999999999998,51.243999,-0.571478,36
2019-04-04 09:00:00,9.776166666666665,52.86200000000001,99.0035,2.75,0.19476750376656513,13.881505910647203,22.62432644236086,4,0.7071067811865476,-0.7071067811865475,0.72479278722912,0.6889669190756866,0.8660254037844387,-0.4999999999999998,51.243999,-0.571478,36
2019-04-04 10:00:00,10.987833333333334,52.335,99.014,7.516666666666667,0.2000580869143156,15.148115384692323,20.10422748556988,4,0.49999999999999994,-0.8660254037844387,0.72479278722912,0.6889669190756866,0.8660254037844387,-0.4999999999999998,51.243999,-0.571478,36
2019-04-04 11:00:00,11.965333333333332,52.780833333333334,99.04133333333343,6.283333333333333,0.19855966667545163,15.392462378016564,21.280124262246837,4,0.258819045102521,-0.9659258262890682,0.72479278722912,0.6889669190756866,0.8660254037844387,-0.4999999999999998,51.243999,-0.571478,36
2019-04-04 12:00:00,12.98066666666667,52.58799999999998,99.05783333333338,5.65,0.20877971007331078,18.881447411212303,22.70167989992249,4,1.2246467991473532e-16,-1.0,0.72479278722912,0.6889669190756866,0.8660254037844387,-0.4999999999999998,51.243999,-0.571478,36
2019-04-04 13:00:00,13.187,52.09083333333333,99.11566666666674,4.683333333333334,0.20968021839489415,18.375684583963956,19.89016543155104,4,-0.2588190451025208,-0.9659258262890683,0.72479278722912,0.6889669190756866,0.8660254037844387,-0.4999999999999998,51.243999,-0.571478,36
2019-04-04 14:00:00,13.359166666666663,52.15066666666665,99.13899999999995,3.05,0.20381117978046295,18.65082408116158,19.490750998777703,4,-0.4999999999999997,-0.8660254037844388,0.72479278722912,0.6889669190756866,0.8660254037844387,-0.4999999999999998,51.243999,-0.571478,36
2019-04-04 15:00:00,13.839499999999997,52.124166666666675,99.15600000000002,3.716666666666667,0.21905149377802954,19.207599934048442,20.842131778266534,4,-0.7071067811865471,-0.7071067811865479,0.72479278722912,0.6889669190756866,0.8660254037844387,-0.4999999999999998,51.243999,-0.571478,36
2019-04-04 16:00:00,13.764166666666664,51.89966666666665,99.20499999999998,2.0,0.22892770566763743,19.632607664800016,20.960331388175874,4,-0.8660254037844385,-0.5000000000000004,0.72479278722912,0.6889669190756866,0.8660254037844387,-0.4999999999999998,51.243999,-0.571478,36
2019-04-04 17:00:00,13.985666666666667,51.65016666666669,99.23766666666664,4.133333333333334,0.21157386124544825,16.83081284831218,19.89318690925214,4,-0.9659258262890683,-0.25881904510252063,0.72479278722912,0.6889669190756866,0.8660254037844387,-0.4999999999999998,51.243999,-0.571478,36
2019-04-04 18:00:00,12.932833333333333,51.60366666666665,99.33316666666674,8.95,0.2274341393563236,14.952294270820367,15.986320637481562,4,-1.0,-1.8369701987210297e-16,0.72479278722912,0.6889669190756866,0.8660254037844387,-0.4999999999999998,51.243999,-0.571478,36
2019-04-04 19:00:00,11.95316666666666,52.102,99.36516666666665,7.033333333333333,0.20774881501442924,14.328590565153196,15.940083423891586,4,-0.9659258262890684,0.2588190451025203,0.72479278722912,0.6889669190756866,0.8660254037844387,-0.4999999999999998,51.243999,-0.571478,36
2019-04-04 20:00:00,11.830333333333336,52.79099999999999,99.40700000000008,7.566666666666666,0.19260816367318073,15.552817587182881,16.638446810060636,4,-0.8660254037844386,0.5000000000000001,0.72479278722912,0.6889669190756866,0.8660254037844387,-0.4999999999999998,51.243999,-0.571478,36
2019-04-04 21:00:00,11.916000000000002,52.72000000000002,99.48683333333341,7.416666666666667,0.2056608171799298,12.595076425786825,16.84554906266563,4,-0.7071067811865477,0.7071067811865474,0.72479278722912,0.6889669190756866,0.8660254037844387,-0.4999999999999998,51.243999,-0.571478,36
2019-04-04 22:00:00,11.367666666666656,52.93283333333333,99.51366666666671,3.6666666666666665,0.19791157422659117,12.840843887701412,14.134253666865138,4,-0.5000000000000004,0.8660254037844384,0.72479278722912,0.6889669190756866,0.8660254037844387,-0.4999999999999998,51.243999,-0.571478,36
2019-04-04 23:00:00,11.496833333333342,53.47116666666666,99.54800000000013,3.033333333333333,0.18067034790763453,16.077535550653902,16.202803026576326,4,-0.25881904510252157,0.9659258262890681,0.72479278722912,0.6889669190756866,0.8660254037844387,-0.4999999999999998,51.243999,-0.571478,36
2019-04-05 00:00:00,11.839166666666667,53.488166666666665,99.56350000000002,3.5833333333333335,0.17912782327671403,15.402993825136758,19.65613470718386,4,0.0,1.0,0.8486442574947509,0.5289640103269624,0.8660254037844387,-0.4999999999999998,51.243999,-0.571478,36
2019-04-05 01:00:00,11.614499999999996,53.23483333333338,99.56116666666676,4.1,0.17176756383394606,17.41856630777118,16.92986111130524,4,0.25881904510252074,0.9659258262890683,0.8486442574947509,0.5289640103269624,0.8660254037844387,-0.4999999999999998,51.243999,-0.571478,36
2019-04-05 02:00:00,11.39883333333333,53.36300000000004,99.56666666666663,3.8,0.16910129095453327,16.37655820391205,16.73607915529069,4,0.49999999999999994,0.8660254037844387,0.8486442574947509,0.5289640103269624,0.8660254037844387,-0.4999999999999998,51.243999,-0.571478,36
2019-04-05 03:00:00,10.96033333333334,53.292666666666676,99.5813333333333,3.816666666666667,0.17637495958903812,13.482336709469804,17.62201582741719,4,0.7071067811865476,0.7071067811865476,0.8486442574947509,0.5289640103269624,0.8660254037844387,-0.4999999999999998,51.243999,-0.571478,36
2019-04-05 04:00:00,10.997166666666667,53.65849999999998,99.58700000000003,3.35,0.16520545537004583,14.301301424976224,17.174000642265476,4,0.8660254037844386,0.5000000000000001,0.8486442574947509,0.5289640103269624,0.8660254037844387,-0.4999999999999998,51.243999,-0.571478,36
2019-04-05 05:00:00,11.284333333333336,53.60666666666666,99.60816666666659,3.35,0.16244804039778435,14.959908155036535,16.403945937879236,4,0.9659258262890683,0.25881904510252074,0.8486442574947509,0.5289640103269624,0.8660254037844387,-0.4999999999999998,51.243999,-0.571478,36
2019-04-05 06:00:00,11.460333333333335,53.743500000000004,99.6621666666666,2.9166666666666665,0.16625276880976536,15.011207740868718,14.856500291151034,4,1.0,6.123233995736766e-17,0.8486442574947509,0.5289640103269624,0.8660254037844387,-0.4999999999999998,51.243999,-0.571478,36
2019-04-05 07:00:00,11.427833333333338,53.713666666666676,99.73833333333337,4.75,0.177731428637316,12.448561300579918,19.399448771727354,4,0.9659258262890683,-0.25881904510252063,0.8486442574947509,0.5289640103269624,0.8660254037844387,-0.4999999999999998,51.243999,-0.571478,36
2019-04-05 08:00:00,11.953833333333334,54.30433333333336,99.78650000000002,5.533333333333333,0.20608968554122128,12.450890992159799,21.44905531388364,4,0.8660254037844387,-0.4999999999999998,0.8486442574947509,0.5289640103269624,0.8660254037844387,-0.4999999999999998,51.243999,-0.571478,36
2019-04-05 09:00:00,13.457666666666663,54.38183333333334,99.85866666666672,5.316666666666666,0.18247525234888715,18.2265159937163,26.15898831911129,4,0.7071067811865476,-0.7071067811865475,0.8486442574947509,0.5289640103269624,0.8660254037844387,-0.4999999999999998,51.243999,-0.571478,36
2019-04-05 10:00:00,15.775166666666658,54.43999999999997,99.90616666666666,9.866666666666667,0.19739500924620382,19.00218462424905,27.942582294722126,4,0.49999999999999994,-0.8660254037844387,0.8486442574947509,0.5289640103269624,0.8660254037844387,-0.4999999999999998,51.243999,-0.571478,36
2019-04-05 11:00:00,17.702999999999996,53.28350000000002,99.92266666666667,1.9833333333333334,0.17473251039923393,21.771881624354382,24.55459269398098,4,0.258819045102521,-0.9659258262890682,0.8486442574947509,0.5289640103269624,0.8660254037844387,-0.4999999999999998,51.243999,-0.571478,36
2019-04-05 12:00:00,19.01316666666666,52.359166666666674,99.97216666666658,1.8833333333333333,0.18191322108310162,22.999144293515208,24.909221072040534,4,1.2246467991473532e-16,-1.0,0.8486442574947509,0.5289640103269624,0.8660254037844387,-0.4999999999999998,51.243999,-0.571478,36
2019-04-05 13:00:00,19.8615,51.484666666666676,99.99399999999991,1.9833333333333334,0.18785546437466233,24.785387438873045,23.278109307498575,4,-0.2588190451025208,-0.9659258262890683,0.8486442574947509,0.5289640103269624,0.8660254037844387,-0.4999999999999998,51.243999,-0.571478,36
2019-04-05 14:00:00,21.111333333333327,50.67383333333335,100.00300000000007,2.9833333333333334,0.18928912483912486,23.93347927975228,24.169912152875302,4,-0.4999999999999997,-0.8660254037844388,0.8486442574947509,0.5289640103269624,0.8660254037844387,-0.4999999999999998,51.243999,-0.571478,36
2019-04-05 15:00:00,20.192499999999992,49.863000000000014,100.0013333333333,3.933333333333333,0.19796674254703253,19.935203886072614,27.50089236588895,4,-0.7071067811865471,-0.7071067811865479,0.8486442574947509,0.5289640103269624,0.8660254037844387,-0.4999999999999998,51.243999,-0.571478,36
2019-04-05 16:00:00,19.170166666666663,50.03833333333332,99.98999999999987,4.4,0.19665330118026356,18.55157766930124,25.47046983232407,4,-0.8660254037844385,-0.5000000000000004,0.8486442574947509,0.5289640103269624,0.8660254037844387,-0.4999999999999998,51.243999,-0.571478,36
2019-04-05 17:00:00,17.994166666666672,49.80283333333334,99.99549999999998,5.216666666666667,0.18814693282995332,16.092472493514826,23.397256602295734,4,-0.9659258262890683,-0.25881904510252063,0.8486442574947509,0.5289640103269624,0.8660254037844387,-0.4999999999999998,51.243999,-0.571478,36
2019-04-05 18:00:00,16.908499999999997,49.9211666666667,100.01066666666675,5.9,0.18652765910718122,13.612939397728702,25.604825889596043,4,-1.0,-1.8369701987210297e-16,0.8486442574947509,0.5289640103269624,0.8660254037844387,-0.4999999999999998,51.243999,-0.571478,36
2019-04-05 19:00:00,15.905333333333333,50.26133333333333,100.01433333333331,8.7,0.2078921862989269,11.577519570990214,29.16004530674114,4,-0.9659258262890684,0.2588190451025203,0.8486442574947509,0.5289640103269624,0.8660254037844387,-0.4999999999999998,51.243999,-0.571478,36
2019-04-05 20:00:00,14.9395,50.69483333333333,100.05899999999995,27.716666666666665,0.23456621764377722,8.60687604830661,27.561486850488766,4,-0.8660254037844386,0.5000000000000001,0.8486442574947509,0.5289640103269624,0.8660254037844387,-0.4999999999999998,51.243999,-0.571478,36
2019-04-05 21:00:00,14.174333333333335,51.103666666666655,100.09166666666675,37.93333333333333,0.289680964460316,9.148761088118421,29.563197669841337,4,-0.7071067811865477,0.7071067811865474,0.8486442574947509,0.5289640103269624,0.8660254037844387,-0.4999999999999998,51.243999,-0.571478,36
2019-04-05 22:00:00,13.570833333333336,51.35599999999999,100.11683333333325,50.88333333333333,0.25419488373063465,9.034833850665828,30.886805667232984,4,-0.5000000000000004,0.8660254037844384,0.8486442574947509,0.5289640103269624,0.8660254037844387,-0.4999999999999998,51.243999,-0.571478,36
2019-04-05 23:00:00,12.932499999999994,51.49516666666666,100.12950000000005,58.53333333333333,0.23685773705202023,9.530090705731727,30.23005643372631,4,-0.25881904510252157,0.9659258262890681,0.8486442574947509,0.5289640103269624,0.8660254037844387,-0.4999999999999998,51.243999,-0.571478,36
2019-04-06 00:00:00,12.19183333333333,51.59850000000002,100.11450000000006,60.833333333333336,0.22241259416413,10.275110212619591,26.134939174646256,4,0.0,1.0,0.9377521321470804,0.3473052528448203,0.8660254037844387,-0.4999999999999998,51.243999,-0.571478,36
2019-04-06 01:00:00,11.099833333333338,51.766999999999975,100.11516666666671,48.766666666666666,0.20166583692419868,11.84283582258492,18.36254666504031,4,0.25881904510252074,0.9659258262890683,0.9377521321470804,0.3473052528448203,0.8660254037844387,-0.4999999999999998,51.243999,-0.571478,36
2019-04-06 02:00:00,10.334333333333335,52.198000000000015,100.13766666666662,39.96666666666667,0.18099983879540196,11.575191992668158,17.864455173402288,4,0.49999999999999994,0.8660254037844387,0.9377521321470804,0.3473052528448203,0.8660254037844387,-0.4999999999999998,51.243999,-0.571478,36
2019-04-06 03:00:00,10.001333333333331,52.604166666666664,100.13916666666672,44.5,0.17893118101036193,12.750398262429995,21.796108195627372,4,0.7071067811865476,0.7071067811865476,0.9377521321470804,0.3473052528448203,0.8660254037844387,-0.4999999999999998,51.243999,-0.571478,36
2019-04-06 04:00:00,9.763666666666666,52.550166666666634,100.14733333333326,46.833333333333336,0.18022683046283736,14.154595546353164,26.91950343715647,4,0.8660254037844386,0.5000000000000001,0.9377521321470804,0.3473052528448203,0.8660254037844387,-0.4999999999999998,51.243999,-0.571478,36
2019-04-06 05:00:00,9.15833333333333,52.556500000000014,100.13433333333343,46.266666666666666,0.19397951460724497,12.964966057052152,29.275374289363892,4,0.9659258262890683,0.25881904510252074,0.9377521321470804,0.3473052528448203,0.8660254037844387,-0.4999999999999998,51.243999,-0.571478,36
2019-04-06 06:00:00,9.449499999999999,53.49749999999997,100.17749999999985,45.96666666666667,0.20727754753778646,11.103391707904645,32.28958960994507,4,1.0,6.123233995736766e-17,0.9377521321470804,0.3473052528448203,0.8660254037844387,-0.4999999999999998,51.243999,-0.571478,36
2019-04-06 07:00:00,10.856500000000002,53.98949999999999,100.21599999999992,48.7,0.19485625381598073,12.32834861747639,25.88590336094467,4,0.9659258262890683,-0.25881904510252063,0.9377521321470804,0.3473052528448203,0.8660254037844387,-0.4999999999999998,51.243999,-0.571478,36
2019-04-06 08:00:00,12.388333333333339,54.03416666666664,100.2266666666666,46.63333333333333,0.21164314320414995,17.595313106602713,23.993737854431888,4,0.8660254037844387,-0.4999999999999998,0.9377521321470804,0.3473052528448203,0.8660254037844387,-0.4999999999999998,51.243999,-0.571478,36
2019-04-06 09:00:00,13.666333333333336,53.773166666666654,100.24549999999994,46.983333333333334,0.23207675227641097,21.527336555991415,25.909886219097118,4,0.7071067811865476,-0.7071067811865475,0.9377521321470804,0.3473052528448203,0.8660254037844387,-0.4999999999999998,51.243999,-0.571478,36
2019-04-06 10:00:00,15.525833333333336,53.535166666666676,100.25933333333346,40.266666666666666,0.22033307033264368,23.24523801278034,26.086541086120143,4,0.49999999999999994,-0.8660254037844387,0.9377521321470804,0.3473052528448203,0.8660254037844387,-0.4999999999999998,51.243999,-0.571478,36
2019-04-06 11:00:00,17.380833333333342,52.86466666666667,100.2503333333333,32.95,0.20939124092400543,23.244846226176726,26.508867082916648,4,0.258819045102521,-0.9659258262890682,0.9377521321470804,0.3473052528448203,0.8660254037844387,-0.4999999999999998,51.243999,-0.571478,36
2019-04-06 12:00:00,17.262833333333337,51.8705,100.23949999999984,31.616666666666667,0.22562750053808067,20.959719279732322,25.382247423377624,4,1.2246467991473532e-16,-1.0,0.9377521321470804,0.3473052528448203,0.8660254037844387,-0.4999999999999998,51.243999,-0.571478,36
2019-04-06 13:00:00,16.531333333333325,52.21000000000002,100.23033333333323,30.766666666666666,0.22666313312337205,20.673909810925466,25.813344311741545,4,-0.2588190451025208,-0.9659258262890683,0.9377521321470804,0.3473052528448203,0.8660254037844387,-0.4999999999999998,51.243999,-0.571478,36
2019-04-06 14:00:00,16.29016666666667,52.395,100.21816666666663,23.166666666666668,0.24477938173424524,22.76863714465084,26.27005589193165,4,-0.4999999999999997,-0.8660254037844388,0.9377521321470804,0.3473052528448203,0.8660254037844387,-0.4999999999999998,51.243999,-0.571478,36
2019-04-06 15:00:00,15.702333333333332,52.612499999999976,100.20366666666659,17.0,0.26411054978674425,18.25588015768905,26.569704216865244,4,-0.7071067811865471,-0.7071067811865479,0.9377521321470804,0.3473052528448203,0.8660254037844387,-0.4999999999999998,51.243999,-0.571478,36
2019-04-06 16:00:00,15.185333333333334,52.91433333333332,100.19449999999988,19.566666666666666,0.2540150847092825,20.372732927670274,28.647450652643,4,-0.8660254037844385,-0.5000000000000004,0.9377521321470804,0.3473052528448203,0.8660254037844387,-0.4999999999999998,51.243999,-0.571478,36
2019-04-06 17:00:00,14.957333333333331,53.16333333333335,100.20016666666662,19.066666666666666,0.26393504596746914,18.9947892954244,28.3177407972791,4,-0.9659258262890683,-0.25881904510252063,0.9377521321470804,0.3473052528448203,0.8660254037844387,-0.4999999999999998,51.243999,-0.571478,36
2019-04-06 18:00:00,14.618833333333336,53.24700000000002,100.2336666666667,20.45,0.250262306126214,16.559225888923745,27.086405741114937,4,-1.0,-1.8369701987210297e-16,0.9377521321470804,0.3473052528448203,0.8660254037844387,-0.4999999999999998,51.243999,-0.571478,36
2019-04-06 19:00:00,14.142833333333332,53.239000000000004,100.25283333333329,18.35,0.29936449754239863,19.010728800002468,24.41699018281473,4,-0.9659258262890684,0.2588190451025203,0.9377521321470804,0.3473052528448203,0.8660254037844387,-0.4999999999999998,51.243999,-0.571478,36
2019-04-06 20:00:00,13.29233333333334,53.46366666666663,100.28166666666672,20.0,0.2731363524055503,13.537312387702979,28.394097643592154,4,-0.8660254037844386,0.5000000000000001,0.9377521321470804,0.3473052528448203,0.8660254037844387,-0.4999999999999998,51.243999,-0.571478,36
2019-04-06 21:00:00,12.7525,53.65233333333334,100.29250000000005,27.283333333333335,0.2515858743921883,16.096681898991488,23.061692827090614,4,-0.7071067811865477,0.7071067811865474,0.9377521321470804,0.3473052528448203,0.8660254037844387,-0.4999999999999998,51.243999,-0.571478,36
2019-04-06 22:00:00,12.263666666666664,53.989000000000004,100.27883333333338,31.2,0.2413666690825394,12.961142353164378,26.22731607965528,4,-0.5000000000000004,0.8660254037844384,0.9377521321470804,0.3473052528448203,0.8660254037844387,-0.4999999999999998,51.243999,-0.571478,36
2019-04-06 23:00:00,12.091333333333335,54.26449999999999,100.28950000000006,31.133333333333333,0.24210046769099677,14.046410581275023,25.25232576804878,4,-0.25881904510252157,0.9659258262890681,0.9377521321470804,0.3473052528448203,0.8660254037844387,-0.4999999999999998,51.243999,-0.571478,36
2019-04-07 00:00:00,11.988333333333332,54.295999999999985,100.27916666666668,33.06666666666667,0.24629469177856553,10.102675347375088,28.45629949819017,4,0.0,1.0,0.9884683243281114,0.1514277775045767,0.8660254037844387,-0.4999999999999998,51.243999,-0.571478,36
2019-04-07 01:00:00,11.263999999999998,54.271666666666675,100.30083333333343,38.016666666666666,0.2669196003048392,10.70152437312947,32.62035349334558,4,0.25881904510252074,0.9659258262890683,0.9884683243281114,0.1514277775045767,0.8660254037844387,-0.4999999999999998,51.243999,-0.571478,36
2019-04-07 02:00:00,11.238333333333335,54.803999999999974,100.29383333333342,37.083333333333336,0.24633899987261762,10.483424064967709,30.417922209846274,4,0.49999999999999994,0.8660254037844387,0.9884683243281114,0.1514277775045767,0.8660254037844387,-0.4999999999999998,51.243999,-0.571478,36
2019-04-07 03:00:00,11.547166666666662,55.026999999999994,100.30583333333342,36.55,0.2357451342127111,11.278676212115585,27.8845956716762,4,0.7071067811865476,0.7071067811865476,0.9884683243281114,0.1514277775045767,0.8660254037844387,-0.4999999999999998,51.243999,-0.571478,36
2019-04-07 04:00:00,11.805666666666673,55.01383333333335,100.3153333333333,45.3,0.22676181801011142,12.632281179503282,25.171126932993936,4,0.8660254037844386,0.5000000000000001,0.9884683243281114,0.1514277775045767,0.8660254037844387,-0.4999999999999998,51.243999,-0.571478,36
2019-04-07 05:00:00,11.890666666666657,55.02283333333335,100.34749999999994,48.86666666666667,0.22813352396765366,13.14946457618791,25.21450644360991,4,0.9659258262890683,0.25881904510252074,0.9884683243281114,0.1514277775045767,0.8660254037844387,-0.4999999999999998,51.243999,-0.571478,36
2019-04-07 06:00:00,11.951333333333336,55.048999999999985,100.41483333333323,55.43333333333333,0.23756852897509897,12.130813599120584,29.610872415990546,4,1.0,6.123233995736766e-17,0.9884683243281114,0.1514277775045767,0.8660254037844387,-0.4999999999999998,51.243999,-0.571478,36
2019-04-07 07:00:00,12.3505,55.34633333333331,100.4603333333334,56.18333333333333,0.259977919362561,14.191364106576303,29.975504046425087,4,0.9659258262890683,-0.25881904510252063,0.9884683243281114,0.1514277775045767,0.8660254037844387,-0.4999999999999998,51.243999,-0.571478,36
2019-04-07 08:00:00,13.229500000000002,55.491333333333344,100.46216666666676,59.35,0.25664589598130555,15.773036801024642,27.96403789876599,4,0.8660254037844387,-0.4999999999999998,0.9884683243281114,0.1514277775045767,0.8660254037844387,-0.4999999999999998,51.243999,-0.571478,36
2019-04-07 09:00:00,14.374999999999998,55.188166666666675,100.50283333333344,63.45,0.3266301027624406,19.084379855408166,27.754358582282773,4,0.7071067811865476,-0.7071067811865475,0.9884683243281114,0.1514277775045767,0.8660254037844387,-0.4999999999999998,51.243999,-0.571478,36
2019-04-07 10:00:00,14.946499999999997,54.76150000000002,100.54850000000013,64.23333333333333,0.31267716791633166,19.977581882269387,28.676433294159708,4,0.49999999999999994,-0.8660254037844387,0.9884683243281114,0.1514277775045767,0.8660254037844387,-0.4999999999999998,51.243999,-0.571478,36
2019-04-07 11:00:00,15.643999999999997,54.81183333333335,100.5605,67.01666666666667,0.3276975303192026,21.080706588961696,26.821269630539803,4,0.258819045102521,-0.9659258262890682,0.9884683243281114,0.1514277775045767,0.8660254037844387,-0.4999999999999998,51.243999,-0.571478,36
2019-04-07 12:00:00,16.265,54.82199999999998,100.58083333333325,69.16666666666667,0.35270806132802723,18.96603369210541,27.458881169204048,4,1.2246467991473532e-16,-1.0,0.9884683243281114,0.1514277775045767,0.8660254037844387,-0.4999999999999998,51.243999,-0.571478,36
2019-04-07 13:00:00,17.5995,54.84800000000002,100.57166666666669,75.4,0.33909651356622333,24.3553264928806,22.07962626064568,4,-0.2588190451025208,-0.9659258262890683,0.9884683243281114,0.1514277775045767,0.8660254037844387,-0.4999999999999998,51.243999,-0.571478,36
2019-04-07 14:00:00,18.140166666666673,54.18516666666666,100.59750000000004,81.76666666666667,0.36979066199305116,21.777373205599368,25.81220165598297,4,-0.4999999999999997,-0.8660254037844388,0.9884683243281114,0.1514277775045767,0.8660254037844387,-0.4999999999999998,51.243999,-0.571478,36
2019-04-07 15:00:00,19.20383333333334,54.53166666666666,100.5953333333333,79.43333333333334,0.3811996848384219,28.1947022177672,23.644127221089295,4,-0.7071067811865471,-0.7071067811865479,0.9884683243281114,0.1514277775045767,0.8660254037844387,-0.4999999999999998,51.243999,-0.571478,36
2019-04-07 16:00:00,18.607833333333335,53.85050000000001,100.6139999999999,69.9,0.399748130883199,21.531760828157942,24.653851277385844,4,-0.8660254037844385,-0.5000000000000004,0.9884683243281114,0.1514277775045767,0.8660254037844387,-0.4999999999999998,51.243999,-0.571478,36
2019-04-07 17:00:00,17.814,54.4405,100.60166666666673,74.03333333333333,0.4148161071725065,19.272952325173435,33.34800012807441,4,-0.9659258262890683,-0.25881904510252063,0.9884683243281114,0.1514277775045767,0.8660254037844387,-0.4999999999999998,51.243999,-0.571478,36
2019-04-07 18:00:00,17.701,54.73266666666664,100.61600000000001,66.88333333333334,0.3933299291490418,15.767316544799405,30.58395273215303,4,-1.0,-1.8369701987210297e-16,0.9884683243281114,0.1514277775045767,0.8660254037844387,-0.4999999999999998,51.243999,-0.571478,36
2019-04-07 19:00:00,17.008499999999994,54.669500000000006,100.66000000000008,62.2,0.3803099960028288,13.912201624738453,29.68067891778464,4,-0.9659258262890684,0.2588190451025203,0.9884683243281114,0.1514277775045767,0.8660254037844387,-0.4999999999999998,51.243999,-0.571478,36
2019-04-07 20:00:00,16.391666666666666,55.115833333333306,100.69816666666665,63.6,0.38700793295733565,14.263356747839081,36.05139787612163,4,-0.8660254037844386,0.5000000000000001,0.9884683243281114,0.1514277775045767,0.8660254037844387,-0.4999999999999998,51.243999,-0.571478,36
2019-04-07 21:00:00,16.204833333333326,55.3613333333333,100.71283333333339,79.35,0.36357538818682134,13.007575350841515,31.21409870639568,4,-0.7071067811865477,0.7071067811865474,0.9884683243281114,0.1514277775045767,0.8660254037844387,-0.4999999999999998,51.243999,-0.571478,36
2019-04-07 22:00:00,16.154000000000007,55.52866666666667,100.72216666666671,76.51666666666667,0.36259824717452704,12.949487955941862,27.67218994456042,4,-0.5000000000000004,0.8660254037844384,0.9884683243281114,0.1514277775045767,0.8660254037844387,-0.4999999999999998,51.243999,-0.571478,36
2019-04-07 23:00:00,16.09666666666668,55.47433333333332,100.71383333333338,81.66666666666667,0.33436689661382507,11.451718252387042,26.900594437227134,4,-0.25881904510252157,0.9659258262890681,0.9884683243281114,0.1514277775045767,0.8660254037844387,-0.4999999999999998,51.243999,-0.571478,36
2019-04-08 00:00:00,15.69283333333333,55.419666666666686,100.7265,95.4,0.31719424802667123,13.396941884721583,25.957617234717098,4,0.0,1.0,0.9987165071710528,-0.05064916883871264,0.8660254037844387,-0.4999999999999998,51.243999,-0.571478,36
2019-04-08 01:00:00,15.030999999999999,55.486666666666665,100.70099999999995,97.7,0.31011065081414907,13.212650700923872,24.147162638789453,4,0.25881904510252074,0.9659258262890683,0.9987165071710528,-0.05064916883871264,0.8660254037844387,-0.4999999999999998,51.243999,-0.571478,36
2019-04-08 02:00:00,14.442500000000004,55.829999999999956,100.67333333333333,90.5,0.2940707773839172,15.04314488871082,21.7355681283086,4,0.49999999999999994,0.8660254037844387,0.9987165071710528,-0.05064916883871264,0.8660254037844387,-0.4999999999999998,51.243999,-0.571478,36
2019-04-08 03:00:00,14.059833333333337,55.99700000000002,100.67266666666667,83.83333333333333,0.28034174013115987,15.036997028428235,22.251052025221057,4,0.7071067811865476,0.7071067811865476,0.9987165071710528,-0.05064916883871264,0.8660254037844387,-0.4999999999999998,51.243999,-0.571478,36
2019-04-08 04:00:00,13.679666666666666,55.99383333333335,100.70433333333321,74.43333333333334,0.2840662856176508,16.571236564052658,18.72981545799449,4,0.8660254037844386,0.5000000000000001,0.9987165071710528,-0.05064916883871264,0.8660254037844387,-0.4999999999999998,51.243999,-0.571478,36
2019-04-08 05:00:00,13.287000000000003,56.15833333333332,100.72633333333337,72.0,0.27790559230610423,16.5166326216662,24.375174678943377,4,0.9659258262890683,0.25881904510252074,0.9987165071710528,-0.05064916883871264,0.8660254037844387,-0.4999999999999998,51.243999,-0.571478,36
2019-04-08 06:00:00,13.08833333333334,56.41266666666668,100.75666666666669,78.18333333333334,0.29817474984736075,17.889316980303327,30.52742870459893,4,1.0,6.123233995736766e-17,0.9987165071710528,-0.05064916883871264,0.8660254037844387,-0.4999999999999998,51.243999,-0.571478,36
2019-04-08 07:00:00,13.156666666666656,56.52050000000001,100.78850000000006,77.65,0.3362482067635651,22.424200935465365,38.677560023702064,4,0.9659258262890683,-0.25881904510252063,0.9987165071710528,-0.05064916883871264,0.8660254037844387,-0.4999999999999998,51.243999,-0.571478,36
2019-04-08 08:00:00,13.376500000000002,56.63600000000001,100.81383333333332,71.58333333333333,0.3026129390848673,18.16874612730269,30.684237061487256,4,0.8660254037844387,-0.4999999999999998,0.9987165071710528,-0.05064916883871264,0.8660254037844387,-0.4999999999999998,51.243999,-0.571478,36
2019-04-08 09:00:00,14.005333333333335,56.832333333333345,100.81333333333342,67.81666666666666,0.346199800031626,23.48122259034262,39.137772726697996,4,0.7071067811865476,-0.7071067811865475,0.9987165071710528,-0.05064916883871264,0.8660254037844387,-0.4999999999999998,51.243999,-0.571478,36
2019-04-08 10:00:00,15.686500000000002,56.95583333333335,100.826,69.98333333333333,0.3175570471007332,28.012444699433964,34.02649508318545,4,0.49999999999999994,-0.8660254037844387,0.9987165071710528,-0.05064916883871264,0.8660254037844387,-0.4999999999999998,51.243999,-0.571478,36
2019-04-08 11:00:00,17.310999999999993,56.58233333333331,100.82983333333328,68.45,0.3237445592350029,26.187259131051043,30.79280377976998,4,0.258819045102521,-0.9659258262890682,0.9987165071710528,-0.05064916883871264,0.8660254037844387,-0.4999999999999998,51.243999,-0.571478,36
2019-04-08 12:00:00,19.093000000000007,55.95999999999997,100.83233333333344,66.71666666666667,0.3481191908144126,29.009748131913724,31.08895137293166,4,1.2246467991473532e-16,-1.0,0.9987165071710528,-0.05064916883871264,0.8660254037844387,-0.4999999999999998,51.243999,-0.571478,36
2019-04-08 13:00:00,19.559000000000005,55.42799999999999,100.8591666666666,67.18333333333334,0.35606168294086393,29.384552323185382,30.097213374500356,4,-0.2588190451025208,-0.9659258262890683,0.9987165071710528,-0.05064916883871264,0.8660254037844387,-0.4999999999999998,51.243999,-0.571478,36
2019-04-08 14:00:00,21.253999999999998,55.31616666666669,100.85383333333338,63.53333333333333,0.34994406387128235,33.21494636570626,29.09469549897239,4,-0.4999999999999997,-0.8660254037844388,0.9987165071710528,-0.05064916883871264,0.8660254037844387,-0.4999999999999998,51.243999,-0.571478,36
2019-04-08 15:00:00,21.80716666666665,54.45399999999997,100.82916666666671,61.083333333333336,0.3553792230553323,27.68790642660678,25.07089457340394,4,-0.7071067811865471,-0.7071067811865479,0.9987165071710528,-0.05064916883871264,0.8660254037844387,-0.4999999999999998,51.243999,-0.571478,36
2019-04-08 16:00:00,21.816000000000006,54.42316666666666,100.80633333333341,59.05,0.41617812273511906,27.785819214292175,26.014841744868384,4,-0.8660254037844385,-0.5000000000000004,0.9987165071710528,-0.05064916883871264,0.8660254037844387,-0.4999999999999998,51.243999,-0.571478,36
2019-04-08 17:00:00,22.01483333333334,54.08583333333333,100.81149999999997,61.583333333333336,0.43705249054515266,25.049143749515324,30.96341276059504,4,-0.9659258262890683,-0.25881904510252063,0.9987165071710528,-0.05064916883871264,0.8660254037844387,-0.4999999999999998,51.243999,-0.571478,36
2019-04-08 18:00:00,20.4765,54.04449999999997,100.83183333333334,62.983333333333334,0.40842257083997696,15.946022074333548,28.433655738604894,4,-1.0,-1.8369701987210297e-16,0.9987165071710528,-0.05064916883871264,0.8660254037844387,-0.4999999999999998,51.243999,-0.571478,36
2019-04-08 19:00:00,18.65916666666667,54.42483333333336,100.83816666666675,65.21666666666667,0.397312582524016,14.450834808684338,34.540271035051,4,-0.9659258262890684,0.2588190451025203,0.9987165071710528,-0.05064916883871264,0.8660254037844387,-0.4999999999999998,51.243999,-0.571478,36
2019-04-08 20:00:00,17.064833333333333,55.135666666666665,100.86099999999998,66.55,0.4319347572706786,11.92506126763047,40.32350569638157,4,-0.8660254037844386,0.5000000000000001,0.9987165071710528,-0.05064916883871264,0.8660254037844387,-0.4999999999999998,51.243999,-0.571478,36
2019-04-08 21:00:00,16.40483333333333,55.71083333333336,100.89516666666661,72.75,0.39410747130602086,9.10037128778035,36.78139752063827,4,-0.7071067811865477,0.7071067811865474,0.9987165071710528,-0.05064916883871264,0.8660254037844387,-0.4999999999999998,51.243999,-0.571478,36
2019-04-08 22:00:00,15.992333333333328,55.90316666666669,100.90616666666666,68.5,0.38910643599474654,10.425906562446237,37.7098572946981,4,-0.5000000000000004,0.8660254037844384,0.9987165071710528,-0.05064916883871264,0.8660254037844387,-0.4999999999999998,51.243999,-0.571478,36
2019-04-08 23:00:00,15.6315,56.089833333333345,100.9079999999999,72.65,0.41568523956672426,13.851147391741957,42.212703836488075,4,-0.25881904510252157,0.9659258262890681,0.9987165071710528,-0.05064916883871264,0.8660254037844387,-0.4999999999999998,51.243999,-0.571478,36
2019-04-09 00:00:00,15.314333333333325,56.27799999999999,100.91850000000008,60.11666666666667,0.3596314032706525,18.62119479938766,21.272213516974187,4,0.0,1.0,0.9680771188662043,-0.2506525322587204,0.8660254037844387,-0.4999999999999998,51.243999,-0.571478,36
2019-04-09 01:00:00,15.159333333333336,56.36799999999996,100.90483333333336,52.05,0.3409637915585015,15.470680932903324,26.492532237050916,4,0.25881904510252074,0.9659258262890683,0.9680771188662043,-0.2506525322587204,0.8660254037844387,-0.4999999999999998,51.243999,-0.571478,36
2019-04-09 02:00:00,14.915333333333336,56.438,100.9078333333333,73.81666666666666,0.3949557562560122,12.94357455447948,33.78805821146092,4,0.49999999999999994,0.8660254037844387,0.9680771188662043,-0.2506525322587204,0.8660254037844387,-0.4999999999999998,51.243999,-0.571478,36
2019-04-09 03:00:00,14.962833333333338,56.69049999999999,100.9313333333334,76.86666666666666,0.4019658112280981,17.186920453599896,34.76443543673618,4,0.7071067811865476,0.7071067811865476,0.9680771188662043,-0.2506525322587204,0.8660254037844387,-0.4999999999999998,51.243999,-0.571478,36
2019-04-09 04:00:00,14.978,56.61133333333333,100.92750000000004,76.41666666666667,0.4265375215781358,19.784067246313047,38.767115724453355,4,0.8660254037844386,0.5000000000000001,0.9680771188662043,-0.2506525322587204,0.8660254037844387,-0.4999999999999998,51.243999,-0.571478,36
2019-04-09 05:00:00,14.908333333333331,56.76816666666669,100.96133333333336,76.41666666666667,0.4341092236922441,22.908016699654084,41.90677559323746,4,0.9659258262890683,0.25881904510252074,0.9680771188662043,-0.2506525322587204,0.8660254037844387,-0.4999999999999998,51.243999,-0.571478,36
2019-04-09 06:00:00,14.696666666666669,56.91983333333333,100.98883333333343,74.18333333333334,0.4001815796293613,16.190539170201113,43.693921526406044,4,1.0,6.123233995736766e-17,0.9680771188662043,-0.2506525322587204,0.8660254037844387,-0.4999999999999998,51.243999,-0.571478,36
2019-04-09 07:00:00,14.184833333333334,57.04866666666663,101.03016666666672,83.75,0.3697422623989176,16.776432933911295,40.29877439513799,4,0.9659258262890683,-0.25881904510252063,0.9680771188662043,-0.2506525322587204,0.8660254037844387,-0.4999999999999998,51.243999,-0.571478,36
2019-04-09 08:00:00,13.841499999999998,57.3263333333333,101.06483333333331,70.56666666666666,0.3403019288547445,16.399213098976798,34.20502326615941,4,0.8660254037844387,-0.4999999999999998,0.9680771188662043,-0.2506525322587204,0.8660254037844387,-0.4999999999999998,51.243999,-0.571478,36
2019-04-09 09:00:00,13.605666666666668,57.553833333333316,101.08500000000008,65.2,0.3057490069664984,14.71321950903911,32.633669945046634,4,0.7071067811865476,-0.7071067811865475,0.9680771188662043,-0.2506525322587204,0.8660254037844387,-0.4999999999999998,51.243999,-0.571478,36
2019-04-09 10:00:00,13.401000000000007,57.73166666666669,101.10516666666675,65.48333333333333,0.30767331569746253,16.048291546581492,34.08706192971154,4,0.49999999999999994,-0.8660254037844387,0.9680771188662043,-0.2506525322587204,0.8660254037844387,-0.4999999999999998,51.243999,-0.571478,36
2019-04-09 11:00:00,13.585333333333335,58.0685,101.09100000000007,67.06666666666666,0.32911052958126336,15.923411224021141,37.29886662700351,4,0.258819045102521,-0.9659258262890682,0.9680771188662043,-0.2506525322587204,0.8660254037844387,-0.4999999999999998,51.243999,-0.571478,36
2019-04-09 12:00:00,13.639333333333333,58.07816666666666,101.1118333333333,61.766666666666666,0.2998713488476286,13.786043385366758,31.05138186721193,4,1.2246467991473532e-16,-1.0,0.9680771188662043,-0.2506525322587204,0.8660254037844387,-0.4999999999999998,51.243999,-0.571478,36
2019-04-09 13:00:00,13.591166666666663,58.23383333333336,101.13066666666663,57.68333333333333,0.30423350486029666,17.347158997791617,30.39625870406654,4,-0.2588190451025208,-0.9659258262890683,0.9680771188662043,-0.2506525322587204,0.8660254037844387,-0.4999999999999998,51.243999,-0.571478,36
2019-04-09 14:00:00,14.087,58.46949999999997,101.13016666666672,66.65,0.30867577395777057,17.12621849102479,26.064254008342402,4,-0.4999999999999997,-0.8660254037844388,0.9680771188662043,-0.2506525322587204,0.8660254037844387,-0.4999999999999998,51.243999,-0.571478,36
2019-04-09 15:00:00,13.994,58.26150000000002,101.13133333333336,57.25,0.3053544536613648,16.516542868756616,26.616297887143848,4,-0.7071067811865471,-0.7071067811865479,0.9680771188662043,-0.2506525322587204,0.8660254037844387,-0.4999999999999998,51.243999,-0.571478,36
2019-04-09 16:00:00,14.406500000000001,58.632999999999996,101.10950000000004,54.35,0.39198592666288895,18.20915370044255,32.666710127314225,4,-0.8660254037844385,-0.5000000000000004,0.9680771188662043,-0.2506525322587204,0.8660254037844387,-0.4999999999999998,51.243999,-0.571478,36
2019-04-09 17:00:00,14.52416666666667,58.5535,101.09783333333336,62.46666666666667,0.5030947610701876,21.111662552146548,45.22846056182386,4,-0.9659258262890683,-0.25881904510252063,0.9680771188662043,-0.2506525322587204,0.8660254037844387,-0.4999999999999998,51.243999,-0.571478,36
2019-04-09 18:00:00,14.88916666666667,58.61933333333335,101.1171666666667,62.3,0.4350333323450217,18.22492277831884,37.93070623152088,4,-1.0,-1.8369701987210297e-16,0.9680771188662043,-0.2506525322587204,0.8660254037844387,-0.4999999999999998,51.243999,-0.571478,36
2019-04-09 19:00:00,14.23233333333334,58.10083333333337,101.16816666666672,42.03333333333333,0.3358705141636029,19.19937797719903,23.567110818339575,4,-0.9659258262890684,0.2588190451025203,0.9680771188662043,-0.2506525322587204,0.8660254037844387,-0.4999999999999998,51.243999,-0.571478,36
2019-04-09 20:00:00,13.2,58.42383333333334,101.21466666666655,30.616666666666667,0.279911568077097,20.408203085057917,14.289915177341665,4,-0.8660254037844386,0.5000000000000001,0.9680771188662043,-0.2506525322587204,0.8660254037844387,-0.4999999999999998,51.243999,-0.571478,36
2019-04-09 21:00:00,12.603833333333341,58.553166666666634,101.27666666666664,28.25,0.2734820696122744,21.243363456196843,9.609546428882526,4,-0.7071067811865477,0.7071067811865474,0.9680771188662043,-0.2506525322587204,0.8660254037844387,-0.4999999999999998,51.243999,-0.571478,36
2019-04-09 22:00:00,12.138499999999999,58.440833333333345,101.28666666666673,28.1,0.24306850031406346,19.15244122533591,11.095118821659517,4,-0.5000000000000004,0.8660254037844384,0.9680771188662043,-0.2506525322587204,0.8660254037844387,-0.4999999999999998,51.243999,-0.571478,36
2019-04-09 23:00:00,11.874,58.46500000000001,101.29916666666676,31.55,0.23803831815726012,18.018787341763744,12.118522705614657,4,-0.25881904510252157,0.9659258262890681,0.9680771188662043,-0.2506525322587204,0.8660254037844387,-0.4999999999999998,51.243999,-0.571478,36
2019-04-10 00:00:00,11.816833333333335,58.52600000000003,101.30550000000014,34.0,0.22431497292026303,16.765923112783558,16.50418333366646,4,0.0,1.0,0.8978045395707416,-0.4403941515576344,0.8660254037844387,-0.4999999999999998,51.243999,-0.571478,36
2019-04-10 01:00:00,11.811000000000002,58.6101666666667,101.312,31.316666666666666,0.206852718296063,16.647612932164833,11.751546098122555,4,0.25881904510252074,0.9659258262890683,0.8978045395707416,-0.4403941515576344,0.8660254037844387,-0.4999999999999998,51.243999,-0.571478,36
2019-04-10 02:00:00,11.744166666666663,58.633000000000024,101.3213333333333,26.733333333333334,0.19847748747040547,17.263617766199616,11.706284338665728,4,0.49999999999999994,0.8660254037844387,0.8978045395707416,-0.4403941515576344,0.8660254037844387,-0.4999999999999998,51.243999,-0.571478,36
2019-04-10 03:00:00,11.621166666666674,58.65416666666667,101.33666666666673,26.133333333333333,0.1927684014829066,16.558784397707146,13.793758473002717,4,0.7071067811865476,0.7071067811865476,0.8978045395707416,-0.4403941515576344,0.8660254037844387,-0.4999999999999998,51.243999,-0.571478,36
2019-04-10 04:00:00,11.5,58.55350000000003,101.3393333333334,22.05,0.1929956339689274,16.924742202808922,14.055783037784732,4,0.8660254037844386,0.5000000000000001,0.8978045395707416,-0.4403941515576344,0.8660254037844387,-0.4999999999999998,51.243999,-0.571478,36
2019-04-10 05:00:00,11.258333333333333,58.6555,101.37333333333329,20.216666666666665,0.18722179984714105,16.761380790947342,14.782533609161094,4,0.9659258262890683,0.25881904510252074,0.8978045395707416,-0.4403941515576344,0.8660254037844387,-0.4999999999999998,51.243999,-0.571478,36
2019-04-10 06:00:00,11.122833333333343,58.7345,101.44583333333335,18.016666666666666,0.19407996879131686,14.580232492903319,27.357509423993488,4,1.0,6.123233995736766e-17,0.8978045395707416,-0.4403941515576344,0.8660254037844387,-0.4999999999999998,51.243999,-0.571478,36
2019-04-10 07:00:00,11.067666666666662,58.762166666666666,101.49416666666669,18.55,0.2169173836318035,16.610708248132042,32.247557723204494,4,0.9659258262890683,-0.25881904510252063,0.8978045395707416,-0.4403941515576344,0.8660254037844387,-0.4999999999999998,51.243999,-0.571478,36
2019-04-10 08:00:00,11.434333333333331,58.82366666666667,101.53033333333335,20.883333333333333,0.23412094254176166,19.922064335596644,39.34294715286066,4,0.8660254037844387,-0.4999999999999998,0.8978045395707416,-0.4403941515576344,0.8660254037844387,-0.4999999999999998,51.243999,-0.571478,36
2019-04-10 09:00:00,11.976333333333333,58.906166666666664,101.5653333333333,22.916666666666668,0.2189443407083339,16.65085880806006,33.130787860128635,4,0.7071067811865476,-0.7071067811865475,0.8978045395707416,-0.4403941515576344,0.8660254037844387,-0.4999999999999998,51.243999,-0.571478,36
2019-04-10 10:00:00,13.336166666666667,58.726500000000016,101.60566666666665,25.383333333333333,0.20872994858583588,18.685451968727865,25.3184235995004,4,0.49999999999999994,-0.8660254037844387,0.8978045395707416,-0.4403941515576344,0.8660254037844387,-0.4999999999999998,51.243999,-0.571478,36
2019-04-10 11:00:00,15.264166666666664,58.61833333333336,101.63900000000002,22.383333333333333,0.19329183995062832,23.982190946612683,24.162088540206902,4,0.258819045102521,-0.9659258262890682,0.8978045395707416,-0.4403941515576344,0.8660254037844387,-0.4999999999999998,51.243999,-0.571478,36
2019-04-10 12:00:00,16.622333333333334,56.858666666666664,101.64416666666666,11.816666666666666,0.18747828975977435,25.497473223576993,22.619532849136696,4,1.2246467991473532e-16,-1.0,0.8978045395707416,-0.4403941515576344,0.8660254037844387,-0.4999999999999998,51.243999,-0.571478,36
2019-04-10 13:00:00,17.346500000000002,56.10900000000001,101.65016666666666,5.3,0.19691050113985265,27.99580670233401,19.468700150652918,4,-0.2588190451025208,-0.9659258262890683,0.8978045395707416,-0.4403941515576344,0.8660254037844387,-0.4999999999999998,51.243999,-0.571478,36
2019-04-10 14:00:00,22.315666666666672,55.31849999999999,101.63033333333337,6.766666666666667,0.19562091618678645,25.009550707228946,18.890639401616315,4,-0.4999999999999997,-0.8660254037844388,0.8978045395707416,-0.4403941515576344,0.8660254037844387,-0.4999999999999998,51.243999,-0.571478,36
2019-04-10 15:00:00,24.71933333333334,53.028499999999994,101.66316666666671,7.783333333333333,0.22648152988434558,26.33421902246859,28.04477088724415,4,-0.7071067811865471,-0.7071067811865479,0.8978045395707416,-0.4403941515576344,0.8660254037844387,-0.4999999999999998,51.243999,-0.571478,36
2019-04-10 16:00:00,25.490000000000002,52.19066666666665,101.68383333333324,9.05,0.24692705261331543,26.725375349338083,31.898182478793366,4,-0.8660254037844385,-0.5000000000000004,0.8978045395707416,-0.4403941515576344,0.8660254037844387,-0.4999999999999998,51.243999,-0.571478,36
2019-04-10 17:00:00,25.75333333333333,51.89199999999999,101.7223333333333,11.6,0.28711280028199815,23.38306875931985,27.886238394619998,4,-0.9659258262890683,-0.25881904510252063,0.8978045395707416,-0.4403941515576344,0.8660254037844387,-0.4999999999999998,51.243999,-0.571478,36
2019-04-10 18:00:00,22.85533333333333,51.13416666666667,101.78783333333341,10.55,0.2898411149691867,17.849722274402165,30.00850275567476,4,-1.0,-1.8369701987210297e-16,0.8978045395707416,-0.4403941515576344,0.8660254037844387,-0.4999999999999998,51.243999,-0.571478,36
2019-04-10 19:00:00,17.425,52.441,101.84983333333331,10.883333333333333,0.29664579176934114,10.73349020493946,29.412429267024333,4,-0.9659258262890684,0.2588190451025203,0.8978045395707416,-0.4403941515576344,0.8660254037844387,-0.4999999999999998,51.243999,-0.571478,36
2019-04-10 20:00:00,14.225000000000001,53.219500000000025,101.9155,9.266666666666667,0.2893990816389281,9.21316288106046,24.96087168845075,4,-0.8660254037844386,0.5000000000000001,0.8978045395707416,-0.4403941515576344,0.8660254037844387,-0.4999999999999998,51.243999,-0.571478,36
2019-04-10 21:00:00,11.832333333333331,53.61166666666666,101.9940000000001,9.05,0.21885303565388883,9.279999250722819,21.180402538845637,4,-0.7071067811865477,0.7071067811865474,0.8978045395707416,-0.4403941515576344,0.8660254037844387,-0.4999999999999998,51.243999,-0.571478,36
2019-04-10 22:00:00,9.989833333333335,54.03866666666668,102.04916666666661,5.216666666666667,0.1983596545960881,10.65836251098461,15.424386000505395,4,-0.5000000000000004,0.8660254037844384,0.8978045395707416,-0.4403941515576344,0.8660254037844387,-0.4999999999999998,51.243999,-0.571478,36
2019-04-10 23:00:00,8.883999999999997,54.494499999999995,102.08866666666673,3.2333333333333334,0.1957762476884491,10.175621000150295,14.900852511401983,4,-0.25881904510252157,0.9659258262890681,0.8978045395707416,-0.4403941515576344,0.8660254037844387,-0.4999999999999998,51.243999,-0.571478,36
2019-04-11 00:00:00,8.082833333333332,54.49466666666664,102.10349999999991,3.783333333333333,0.16520039774050002,16.190861113055856,13.145063827915784,4,0.0,1.0,0.7907757369376989,-0.6121059825476626,0.8660254037844387,-0.4999999999999998,51.243999,-0.571478,36
2019-04-11 01:00:00,7.133166666666668,54.199333333333335,102.14516666666665,6.316666666666666,0.17093888083597972,12.379819223120004,17.931846432625488,4,0.25881904510252074,0.9659258262890683,0.7907757369376989,-0.6121059825476626,0.8660254037844387,-0.4999999999999998,51.243999,-0.571478,36
2019-04-11 02:00:00,6.1135,54.21499999999996,102.15266666666663,8.516666666666667,0.1650873838733907,12.144434974679644,21.034160093038146,4,0.49999999999999994,0.8660254037844387,0.7907757369376989,-0.6121059825476626,0.8660254037844387,-0.4999999999999998,51.243999,-0.571478,36
2019-04-11 03:00:00,5.142333333333331,54.23066666666668,102.1735,6.283333333333333,0.16254256976381545,11.062888613543368,24.209366550075035,4,0.7071067811865476,0.7071067811865476,0.7907757369376989,-0.6121059825476626,0.8660254037844387,-0.4999999999999998,51.243999,-0.571478,36
2019-04-11 04:00:00,4.3535,54.38166666666664,102.2091666666667,4.1,0.1651315581061314,10.68222245423149,27.387935152660962,4,0.8660254037844386,0.5000000000000001,0.7907757369376989,-0.6121059825476626,0.8660254037844387,-0.4999999999999998,51.243999,-0.571478,36
2019-04-11 05:00:00,3.7993333333333323,54.51500000000001,102.21183333333336,3.9833333333333334,0.1600492456986484,10.334924857169742,32.89910553026282,4,0.9659258262890683,0.25881904510252074,0.7907757369376989,-0.6121059825476626,0.8660254037844387,-0.4999999999999998,51.243999,-0.571478,36
2019-04-11 06:00:00,3.4650000000000007,54.82266666666668,102.24550000000005,5.466666666666667,0.1884613264898247,16.779359976196137,43.57046816366799,4,1.0,6.123233995736766e-17,0.7907757369376989,-0.6121059825476626,0.8660254037844387,-0.4999999999999998,51.243999,-0.571478,36
2019-04-11 07:00:00,4.072333333333333,55.58916666666666,102.28783333333341,7.583333333333333,0.24256916270243906,18.92650205030497,47.40925210906754,4,0.9659258262890683,-0.25881904510252063,0.7907757369376989,-0.6121059825476626,0.8660254037844387,-0.4999999999999998,51.243999,-0.571478,36
2019-04-11 08:00:00,5.919999999999998,56.33399999999999,102.31483333333328,10.65,0.23571108105911862,15.643211736120827,39.40924599309535,4,0.8660254037844387,-0.4999999999999998,0.7907757369376989,-0.6121059825476626,0.8660254037844387,-0.4999999999999998,51.243999,-0.571478,36
2019-04-11 09:00:00,9.516333333333336,57.43966666666666,102.3050000000001,17.7,0.21480143206346283,14.98072903771874,32.56684584312022,4,0.7071067811865476,-0.7071067811865475,0.7907757369376989,-0.6121059825476626,0.8660254037844387,-0.4999999999999998,51.243999,-0.571478,36
2019-04-11 10:00:00,12.853666666666664,56.02049999999999,102.30683333333337,14.566666666666666,0.18255698340954313,21.111302173423805,18.36133961284777,4,0.49999999999999994,-0.8660254037844387,0.7907757369376989,-0.6121059825476626,0.8660254037844387,-0.4999999999999998,51.243999,-0.571478,36
2019-04-11 11:00:00,15.846500000000004,54.657666666666685,102.32733333333327,15.05,0.18296577839419131,27.192652936567683,19.64197611399501,4,0.258819045102521,-0.9659258262890682,0.7907757369376989,-0.6121059825476626,0.8660254037844387,-0.4999999999999998,51.243999,-0.571478,36
2019-04-11 12:00:00,16.966833333333327,53.00516666666669,102.3263333333333,17.516666666666666,0.19097577736195478,22.763308209756524,22.780449910674886,4,1.2246467991473532e-16,-1.0,0.7907757369376989,-0.6121059825476626,0.8660254037844387,-0.4999999999999998,51.243999,-0.571478,36
2019-04-11 13:00:00,17.181666666666665,52.39183333333334,102.29233333333333,20.683333333333334,0.19925007675886514,22.642225523970218,21.19272058441736,4,-0.2588190451025208,-0.9659258262890683,0.7907757369376989,-0.6121059825476626,0.8660254037844387,-0.4999999999999998,51.243999,-0.571478,36
2019-04-11 14:00:00,21.855000000000004,51.91283333333335,102.26150000000004,21.883333333333333,0.22288265688897088,21.995712549826184,23.650374599796177,4,-0.4999999999999997,-0.8660254037844388,0.7907757369376989,-0.6121059825476626,0.8660254037844387,-0.4999999999999998,51.243999,-0.571478,36
2019-04-11 15:00:00,24.546833333333346,49.97183333333332,102.23816666666654,21.883333333333333,0.23311892660578662,23.85647553309012,37.483378435482415,4,-0.7071067811865471,-0.7071067811865479,0.7907757369376989,-0.6121059825476626,0.8660254037844387,-0.4999999999999998,51.243999,-0.571478,36
2019-04-11 16:00:00,25.50316666666667,49.09083333333333,102.21816666666662,21.883333333333333,0.25294323390918944,22.986576914166246,40.81685798950171,4,-0.8660254037844385,-0.5000000000000004,0.7907757369376989,-0.6121059825476626,0.8660254037844387,-0.4999999999999998,51.243999,-0.571478,36
2019-04-11 17:00:00,26.297999999999988,48.86249999999998,102.21833333333332,21.666666666666668,0.2744004746091776,22.4213423646543,30.58704204745191,4,-0.9659258262890683,-0.25881904510252063,0.7907757369376989,-0.6121059825476626,0.8660254037844387,-0.4999999999999998,51.243999,-0.571478,36
2019-04-11 18:00:00,24.335333333333338,48.667,102.22249999999991,21.133333333333333,0.2664873854107643,15.723303342652116,27.13564093606772,4,-1.0,-1.8369701987210297e-16,0.7907757369376989,-0.6121059825476626,0.8660254037844387,-0.4999999999999998,51.243999,-0.571478,36
2019-04-11 19:00:00,18.661999999999992,49.98949999999999,102.26350000000009,20.866666666666667,0.27604459997540204,10.803833397207173,25.76994599090667,4,-0.9659258262890684,0.2588190451025203,0.7907757369376989,-0.6121059825476626,0.8660254037844387,-0.4999999999999998,51.243999,-0.571478,36
2019-04-11 20:00:00,14.883666666666668,51.02199999999998,102.32583333333342,20.233333333333334,0.2593907629106434,10.736394292719778,18.537914604786877,4,-0.8660254037844386,0.5000000000000001,0.7907757369376989,-0.6121059825476626,0.8660254037844387,-0.4999999999999998,51.243999,-0.571478,36
2019-04-11 21:00:00,12.214166666666667,51.43533333333336,102.36766666666662,20.533333333333335,0.24872883168395102,10.118091131325446,21.209283772445758,4,-0.7071067811865477,0.7071067811865474,0.7907757369376989,-0.6121059825476626,0.8660254037844387,-0.4999999999999998,51.243999,-0.571478,36
2019-04-11 22:00:00,10.088000000000001,51.675166666666684,102.40233333333335,21.916666666666668,0.22734357344911946,10.144531036919432,20.913779841874753,4,-0.5000000000000004,0.8660254037844384,0.7907757369376989,-0.6121059825476626,0.8660254037844387,-0.4999999999999998,51.243999,-0.571478,36
2019-04-11 23:00:00,8.488833333333334,51.90599999999999,102.43583333333329,19.85,0.20058710099665733,11.102209411623148,19.59936677060941,4,-0.25881904510252157,0.9659258262890681,0.7907757369376989,-0.6121059825476626,0.8660254037844387,-0.4999999999999998,51.243999,-0.571478,36
2019-04-12 00:00:00,7.3056666666666645,52.038166666666676,102.45099999999992,21.683333333333334,0.19384325543241926,9.373418371560582,21.908049339083913,4,0.0,1.0,0.6513724827222223,-0.758758122692791,0.8660254037844387,-0.4999999999999998,51.243999,-0.571478,36
2019-04-12 01:00:00,6.376333333333333,52.14899999999997,102.4566666666666,22.266666666666666,0.1970465100522268,9.67615179469499,23.27642575841575,4,0.25881904510252074,0.9659258262890683,0.6513724827222223,-0.758758122692791,0.8660254037844387,-0.4999999999999998,51.243999,-0.571478,36
2019-04-12 02:00:00,5.598666666666669,52.18883333333333,102.44649999999992,22.9,0.19580969555611194,9.704181066607259,25.045302459477476,4,0.49999999999999994,0.8660254037844387,0.6513724827222223,-0.758758122692791,0.8660254037844387,-0.4999999999999998,51.243999,-0.571478,36
2019-04-12 03:00:00,4.950333333333335,52.23583333333333,102.43800000000005,22.533333333333335,0.19351138996138992,9.753272144887298,26.0922270106633,4,0.7071067811865476,0.7071067811865476,0.6513724827222223,-0.758758122692791,0.8660254037844387,-0.4999999999999998,51.243999,-0.571478,36
2019-04-12 04:00:00,4.413833333333329,52.232666666666674,102.41099999999986,22.916666666666668,0.19017334282112439,11.120102733578214,27.317813867359874,4,0.8660254037844386,0.5000000000000001,0.6513724827222223,-0.758758122692791,0.8660254037844387,-0.4999999999999998,51.243999,-0.571478,36
2019-04-12 05:00:00,3.9199999999999995,52.319833333333335,102.40133333333324,23.333333333333332,0.18998858511119596,12.493921803025323,29.318417549937003,4,0.9659258262890683,0.25881904510252074,0.6513724827222223,-0.758758122692791,0.8660254037844387,-0.4999999999999998,51.243999,-0.571478,36
2019-04-12 06:00:00,3.6926666666666654,52.627833333333314,102.41733333333342,24.3,0.2080462373880462,13.534251878499013,37.17704621709062,4,1.0,6.123233995736766e-17,0.6513724827222223,-0.758758122692791,0.8660254037844387,-0.4999999999999998,51.243999,-0.571478,36
2019-04-12 07:00:00,4.2678333333333365,53.22900000000001,102.44333333333319,28.5,0.2683450603089682,24.502510152997324,47.08807803533611,4,0.9659258262890683,-0.25881904510252063,0.6513724827222223,-0.758758122692791,0.8660254037844387,-0.4999999999999998,51.243999,-0.571478,36
2019-04-12 08:00:00,6.131833333333333,53.97183333333332,102.45099999999992,27.166666666666668,0.26488759723887717,15.134345609509548,41.815921248904395,4,0.8660254037844387,-0.4999999999999998,0.6513724827222223,-0.758758122692791,0.8660254037844387,-0.4999999999999998,51.243999,-0.571478,36
2019-04-12 09:00:00,9.596833333333333,54.71583333333333,102.43249999999998,24.616666666666667,0.23700619506634862,16.045062047243455,30.394587795937674,4,0.7071067811865476,-0.7071067811865475,0.6513724827222223,-0.758758122692791,0.8660254037844387,-0.4999999999999998,51.243999,-0.571478,36
2019-04-12 10:00:00,12.613833333333334,53.626166666666684,102.41099999999999,23.65,0.23374191132868596,17.23929065656545,26.592961315584652,4,0.49999999999999994,-0.8660254037844387,0.6513724827222223,-0.758758122692791,0.8660254037844387,-0.4999999999999998,51.243999,-0.571478,36
2019-04-12 11:00:00,16.082666666666668,52.97566666666667,102.40216666666659,26.966666666666665,0.2142322828679484,20.18542032539833,26.85497815666039,4,0.258819045102521,-0.9659258262890682,0.6513724827222223,-0.758758122692791,0.8660254037844387,-0.4999999999999998,51.243999,-0.571478,36
2019-04-12 12:00:00,18.25183333333334,51.053999999999995,102.3803333333333,24.8,0.2217788248755825,23.7996290495058,26.841273575918713,4,1.2246467991473532e-16,-1.0,0.6513724827222223,-0.758758122692791,0.8660254037844387,-0.4999999999999998,51.243999,-0.571478,36
2019-04-12 13:00:00,18.604333333333333,50.1865,102.3595,25.65,0.23484264125168552,21.9459426940067,29.021978447296075,4,-0.2588190451025208,-0.9659258262890683,0.6513724827222223,-0.758758122692791,0.8660254037844387,-0.4999999999999998,51.243999,-0.571478,36
2019-04-12 14:00:00,19.2645,50.04933333333329,102.33716666666668,21.866666666666667,0.2398554854586424,22.919537040537413,29.88876272953645,4,-0.4999999999999997,-0.8660254037844388,0.6513724827222223,-0.758758122692791,0.8660254037844387,-0.4999999999999998,51.243999,-0.571478,36
2019-04-12 15:00:00,19.293166666666668,49.4665,102.28350000000013,18.166666666666668,0.22904060895366357,17.19916452826367,31.227712406872694,4,-0.7071067811865471,-0.7071067811865479,0.6513724827222223,-0.758758122692791,0.8660254037844387,-0.4999999999999998,51.243999,-0.571478,36
2019-04-12 16:00:00,19.211500000000004,49.21733333333336,102.27066666666678,17.633333333333333,0.2366381870412586,18.010487647013743,29.60661746619536,4,-0.8660254037844385,-0.5000000000000004,0.6513724827222223,-0.758758122692791,0.8660254037844387,-0.4999999999999998,51.243999,-0.571478,36
2019-04-12 17:00:00,17.981666666666666,48.873333333333356,102.2821666666667,18.05,0.24799944467871082,17.358708488968034,25.53737929550575,4,-0.9659258262890683,-0.25881904510252063,0.6513724827222223,-0.758758122692791,0.8660254037844387,-0.4999999999999998,51.243999,-0.571478,36
2019-04-12 18:00:00,16.310333333333336,48.848999999999975,102.30683333333336,19.45,0.2765670024729753,16.60189192024455,24.239327093630045,4,-1.0,-1.8369701987210297e-16,0.6513724827222223,-0.758758122692791,0.8660254037844387,-0.4999999999999998,51.243999,-0.571478,36
2019-04-12 19:00:00,14.650666666666668,49.30816666666665,102.33800000000005,24.616666666666667,0.24522185156877993,12.77065476578041,25.349387418164945,4,-0.9659258262890684,0.2588190451025203,0.6513724827222223,-0.758758122692791,0.8660254037844387,-0.4999999999999998,51.243999,-0.571478,36
2019-04-12 20:00:00,13.5875,49.735666666666674,102.35600000000001,23.233333333333334,0.22655644565823752,14.1401281995504,23.67714390028895,4,-0.8660254037844386,0.5000000000000001,0.6513724827222223,-0.758758122692791,0.8660254037844387,-0.4999999999999998,51.243999,-0.571478,36
2019-04-12 21:00:00,12.765833333333331,50.01550000000002,102.37933333333336,23.8,0.22204024437650718,12.785175066036489,20.519492796156154,4,-0.7071067811865477,0.7071067811865474,0.6513724827222223,-0.758758122692791,0.8660254037844387,-0.4999999999999998,51.243999,-0.571478,36
2019-04-12 22:00:00,12.175833333333333,50.23883333333336,102.37650000000002,22.75,0.21498163266874862,14.264789671609124,17.78605329502817,4,-0.5000000000000004,0.8660254037844384,0.6513724827222223,-0.758758122692791,0.8660254037844387,-0.4999999999999998,51.243999,-0.571478,36
2019-04-12 23:00:00,11.652500000000002,50.302,102.38666666666667,18.466666666666665,0.20635308968158797,12.866391393446808,19.075999982379777,4,-0.25881904510252157,0.9659258262890681,0.6513724827222223,-0.758758122692791,0.8660254037844387,-0.4999999999999998,51.243999,-0.571478,36
2019-04-13 00:00:00,10.350666666666664,49.91283333333335,102.39949999999996,22.5,0.1963134913314094,13.38839203210329,20.26672776091698,4,0.0,1.0,0.48530196253108104,-0.8743466161445821,0.8660254037844387,-0.4999999999999998,51.243999,-0.571478,36
2019-04-13 01:00:00,8.712666666666667,50.08399999999996,102.42616666666666,32.5,0.20430134498223224,11.905517327363958,22.38559324724572,4,0.25881904510252074,0.9659258262890683,0.48530196253108104,-0.8743466161445821,0.8660254037844387,-0.4999999999999998,51.243999,-0.571478,36
2019-04-13 02:00:00,7.3865,50.401666666666664,102.45383333333325,25.516666666666666,0.19943295459037771,10.194598570919357,26.283308465230313,4,0.49999999999999994,0.8660254037844387,0.48530196253108104,-0.8743466161445821,0.8660254037844387,-0.4999999999999998,51.243999,-0.571478,36
2019-04-13 03:00:00,6.330166666666668,50.71000000000001,102.44300000000003,25.95,0.1929532755939752,9.598622504956014,27.10636668359896,4,0.7071067811865476,0.7071067811865476,0.48530196253108104,-0.8743466161445821,0.8660254037844387,-0.4999999999999998,51.243999,-0.571478,36
2019-04-13 04:00:00,5.543666666666665,50.79233333333331,102.45783333333335,29.15,0.19964542159175266,8.344531986608803,32.218233676534894,4,0.8660254037844386,0.5000000000000001,0.48530196253108104,-0.8743466161445821,0.8660254037844387,-0.4999999999999998,51.243999,-0.571478,36
2019-04-13 05:00:00,4.732833333333335,50.80466666666665,102.46883333333334,31.033333333333335,0.19383639940525604,8.791347285401807,30.92105518826524,4,0.9659258262890683,0.25881904510252074,0.48530196253108104,-0.8743466161445821,0.8660254037844387,-0.4999999999999998,51.243999,-0.571478,36
2019-04-13 06:00:00,4.082,51.063833333333335,102.47816666666652,30.683333333333334,0.1981781968584869,11.3804856248951,32.23925821394814,4,1.0,6.123233995736766e-17,0.48530196253108104,-0.8743466161445821,0.8660254037844387,-0.4999999999999998,51.243999,-0.571478,36
2019-04-13 07:00:00,4.433666666666667,51.87883333333334,102.49383333333331,30.533333333333335,0.23482857417388134,12.919593921978317,39.17351885372005,4,0.9659258262890683,-0.25881904510252063,0.48530196253108104,-0.8743466161445821,0.8660254037844387,-0.4999999999999998,51.243999,-0.571478,36
2019-04-13 08:00:00,6.165666666666667,52.75433333333333,102.51683333333342,26.95,0.23800758243616602,14.205488296971303,27.042385528059906,4,0.8660254037844387,-0.4999999999999998,0.48530196253108104,-0.8743466161445821,0.8660254037844387,-0.4999999999999998,51.243999,-0.571478,36
2019-04-13 09:00:00,9.262166666666667,53.17999999999999,102.50283333333327,31.183333333333334,0.21289558455334895,16.161850174493573,22.429725716546038,4,0.7071067811865476,-0.7071067811865475,0.48530196253108104,-0.8743466161445821,0.8660254037844387,-0.4999999999999998,51.243999,-0.571478,36
2019-04-13 10:00:00,12.245833333333334,52.45933333333335,102.4808333333333,34.36666666666667,0.2349246225747932,19.47873168100246,28.98972825965948,4,0.49999999999999994,-0.8660254037844387,0.48530196253108104,-0.8743466161445821,0.8660254037844387,-0.4999999999999998,51.243999,-0.571478,36
2019-04-13 11:00:00,14.368833333333333,51.46983333333331,102.44666666666659,35.36666666666667,0.24748336858311265,22.789694806728054,25.919783485837318,4,0.258819045102521,-0.9659258262890682,0.48530196253108104,-0.8743466161445821,0.8660254037844387,-0.4999999999999998,51.243999,-0.571478,36
2019-04-13 12:00:00,15.911,50.382499999999986,102.44666666666663,30.7,0.21915906007177333,23.611440394271483,21.62319017623314,4,1.2246467991473532e-16,-1.0,0.48530196253108104,-0.8743466161445821,0.8660254037844387,-0.4999999999999998,51.243999,-0.571478,36
2019-04-13 13:00:00,17.0675,49.56999999999996,102.43449999999991,26.283333333333335,0.21857321313268416,27.15851139443568,20.328405124496506,4,-0.2588190451025208,-0.9659258262890683,0.48530196253108104,-0.8743466161445821,0.8660254037844387,-0.4999999999999998,51.243999,-0.571478,36
2019-04-13 14:00:00,18.15916666666667,48.549166666666665,102.41266666666675,22.683333333333334,0.2270506907199739,25.288037322155695,19.490396588364607,4,-0.4999999999999997,-0.8660254037844388,0.48530196253108104,-0.8743466161445821,0.8660254037844387,-0.4999999999999998,51.243999,-0.571478,36
2019-04-13 15:00:00,20.715166666666665,48.521333333333345,102.36333333333337,18.133333333333333,0.20449372114679285,25.26394156726771,23.13892899201103,4,-0.7071067811865471,-0.7071067811865479,0.48530196253108104,-0.8743466161445821,0.8660254037844387,-0.4999999999999998,51.243999,-0.571478,36
2019-04-13 16:00:00,18.134166666666665,47.15150000000002,102.34533333333333,18.316666666666666,0.2626760337739006,20.72128010537151,22.49069604950376,4,-0.8660254037844385,-0.5000000000000004,0.48530196253108104,-0.8743466161445821,0.8660254037844387,-0.4999999999999998,51.243999,-0.571478,36
2019-04-13 17:00:00,20.224333333333334,47.732,102.32133333333331,12.2,0.22579465839559687,24.591961283463718,22.465765798684235,4,-0.9659258262890683,-0.25881904510252063,0.48530196253108104,-0.8743466161445821,0.8660254037844387,-0.4999999999999998,51.243999,-0.571478,36
2019-04-13 18:00:00,21.010333333333328,46.46383333333334,102.29333333333336,12.966666666666667,0.20849949760828596,27.037551432832313,18.835887047664496,4,-1.0,-1.8369701987210297e-16,0.48530196253108104,-0.8743466161445821,0.8660254037844387,-0.4999999999999998,51.243999,-0.571478,36
2019-04-13 19:00:00,15.755833333333337,46.936499999999995,102.31033333333335,14.566666666666666,0.2547157206328707,15.965421554966822,17.836865062544558,4,-0.9659258262890684,0.2588190451025203,0.48530196253108104,-0.8743466161445821,0.8660254037844387,-0.4999999999999998,51.243999,-0.571478,36
2019-04-13 20:00:00,12.328999999999999,48.03633333333335,102.31833333333331,17.383333333333333,0.2291690808922037,13.619927477908307,14.744318856358941,4,-0.8660254037844386,0.5000000000000001,0.48530196253108104,-0.8743466161445821,0.8660254037844387,-0.4999999999999998,51.243999,-0.571478,36
2019-04-13 21:00:00,10.073833333333338,48.643833333333376,102.32766666666666,12.083333333333334,0.189605008433592,15.518559646589148,13.142126425979159,4,-0.7071067811865477,0.7071067811865474,0.48530196253108104,-0.8743466161445821,0.8660254037844387,-0.4999999999999998,51.243999,-0.571478,36
2019-04-13 22:00:00,8.378833333333333,48.94500000000005,102.32783333333342,12.2,0.18740462529814064,12.136320253321792,16.279924159186322,4,-0.5000000000000004,0.8660254037844384,0.48530196253108104,-0.8743466161445821,0.8660254037844387,-0.4999999999999998,51.243999,-0.571478,36
2019-04-13 23:00:00,6.984666666666667,49.0858333333333,102.34983333333331,14.966666666666667,0.17459262532888806,12.969719884380503,15.21795086149689,4,-0.25881904510252157,0.9659258262890681,0.48530196253108104,-0.8743466161445821,0.8660254037844387,-0.4999999999999998,51.243999,-0.571478,36
2019-04-14 00:00:00,5.887166666666664,49.34699999999995,102.35099999999998,18.433333333333334,0.19160932548833567,10.553048214844974,21.263133538166258,4,0.0,1.0,0.29936312297335804,-0.9541392564000488,0.8660254037844387,-0.4999999999999998,51.243999,-0.571478,36
2019-04-14 01:00:00,4.9941666666666675,49.42633333333334,102.32233333333329,19.816666666666666,0.19063323790636072,9.265148470885379,25.1029767775549,4,0.25881904510252074,0.9659258262890683,0.29936312297335804,-0.9541392564000488,0.8660254037844387,-0.4999999999999998,51.243999,-0.571478,36
2019-04-14 02:00:00,4.113,49.54749999999999,102.28883333333327,20.45,0.19493246746258688,8.504631811808864,26.46570547744748,4,0.49999999999999994,0.8660254037844387,0.29936312297335804,-0.9541392564000488,0.8660254037844387,-0.4999999999999998,51.243999,-0.571478,36
2019-04-14 03:00:00,3.5943333333333323,49.89650000000001,102.27083333333344,19.116666666666667,0.18293141677757715,9.220378651170996,25.804501430088273,4,0.7071067811865476,0.7071067811865476,0.29936312297335804,-0.9541392564000488,0.8660254037844387,-0.4999999999999998,51.243999,-0.571478,36
2019-04-14 04:00:00,3.3031666666666655,49.79166666666665,102.26816666666674,19.816666666666666,0.1918466266729918,7.909377925905661,30.753014354583,4,0.8660254037844386,0.5000000000000001,0.29936312297335804,-0.9541392564000488,0.8660254037844387,-0.4999999999999998,51.243999,-0.571478,36
2019-04-14 05:00:00,2.9129999999999994,49.796500000000016,102.24433333333322,23.133333333333333,0.1892132720360535,8.275164671820681,31.09996363150061,4,0.9659258262890683,0.25881904510252074,0.29936312297335804,-0.9541392564000488,0.8660254037844387,-0.4999999999999998,51.243999,-0.571478,36
2019-04-14 06:00:00,2.6798333333333337,49.995333333333335,102.25333333333347,23.9,0.19672735558571722,8.994867921067028,33.71219285473064,4,1.0,6.123233995736766e-17,0.29936312297335804,-0.9541392564000488,0.8660254037844387,-0.4999999999999998,51.243999,-0.571478,36
2019-04-14 07:00:00,3.2438333333333325,50.65683333333332,102.26500000000004,28.75,0.2159252094122401,11.927042591756456,34.20015766173213,4,0.9659258262890683,-0.25881904510252063,0.29936312297335804,-0.9541392564000488,0.8660254037844387,-0.4999999999999998,51.243999,-0.571478,36
2019-04-14 08:00:00,5.070333333333332,51.45950000000001,102.27300000000001,38.916666666666664,0.24015398454280704,11.650612054067425,33.18627791887992,4,0.8660254037844387,-0.4999999999999998,0.29936312297335804,-0.9541392564000488,0.8660254037844387,-0.4999999999999998,51.243999,-0.571478,36
2019-04-14 09:00:00,7.662166666666667,51.71783333333334,102.28016666666674,24.383333333333333,0.21045932032715306,12.506755703186657,25.805865831404443,4,0.7071067811865476,-0.7071067811865475,0.29936312297335804,-0.9541392564000488,0.8660254037844387,-0.4999999999999998,51.243999,-0.571478,36
2019-04-14 10:00:00,10.938666666666672,51.772500000000015,102.24316666666657,24.483333333333334,0.22817646434830735,17.89416190740276,27.093337285097935,4,0.49999999999999994,-0.8660254037844387,0.29936312297335804,-0.9541392564000488,0.8660254037844387,-0.4999999999999998,51.243999,-0.571478,36
2019-04-14 11:00:00,14.798000000000002,50.7145,102.2329999999999,26.983333333333334,0.20399454649676496,23.41459577345937,22.30026614291832,4,0.258819045102521,-0.9659258262890682,0.29936312297335804,-0.9541392564000488,0.8660254037844387,-0.4999999999999998,51.243999,-0.571478,36
2019-04-14 12:00:00,17.342666666666663,48.63483333333334,102.167,29.683333333333334,0.21682053788308048,23.26318697836308,25.35309020969646,4,1.2246467991473532e-16,-1.0,0.29936312297335804,-0.9541392564000488,0.8660254037844387,-0.4999999999999998,51.243999,-0.571478,36
2019-04-14 13:00:00,17.57483333333334,47.56416666666668,102.11249999999994,30.766666666666666,0.22486473550586178,19.32547889163517,26.753608316319696,4,-0.2588190451025208,-0.9659258262890683,0.29936312297335804,-0.9541392564000488,0.8660254037844387,-0.4999999999999998,51.243999,-0.571478,36
2019-04-14 14:00:00,17.935166666666664,46.97149999999999,102.22233333333332,30.45,0.2224627106750827,18.483851310541972,28.407936133269263,4,-0.4999999999999997,-0.8660254037844388,0.29936312297335804,-0.9541392564000488,0.8660254037844387,-0.4999999999999998,51.243999,-0.571478,36
2019-04-14 15:00:00,17.531499999999994,46.91666666666664,102.18666666666662,26.116666666666667,0.21897455262429663,18.760732927651244,24.168572107473214,4,-0.7071067811865471,-0.7071067811865479,0.29936312297335804,-0.9541392564000488,0.8660254037844387,-0.4999999999999998,51.243999,-0.571478,36
2019-04-14 16:00:00,17.165000000000003,47.07816666666667,102.12616666666662,26.133333333333333,0.2132557355014693,16.17107164584734,24.43757368781623,4,-0.8660254037844385,-0.5000000000000004,0.29936312297335804,-0.9541392564000488,0.8660254037844387,-0.4999999999999998,51.243999,-0.571478,36
2019-04-14 17:00:00,16.051666666666662,46.55366666666667,102.12916666666662,30.383333333333333,0.2132132723654908,13.430279307535663,23.382508703462577,4,-0.9659258262890683,-0.25881904510252063,0.29936312297335804,-0.9541392564000488,0.8660254037844387,-0.4999999999999998,51.243999,-0.571478,36
2019-04-14 18:00:00,15.108666666666668,46.79133333333332,102.11883333333336,31.766666666666666,0.2091990451812124,12.982927288687128,20.241516049798143,4,-1.0,-1.8369701987210297e-16,0.29936312297335804,-0.9541392564000488,0.8660254037844387,-0.4999999999999998,51.243999,-0.571478,36
2019-04-14 19:00:00,13.434333333333337,46.65216666666667,102.17599999999995,42.666666666666664,0.21001952189878814,11.879032049651702,15.355292512877286,4,-0.9659258262890684,0.2588190451025203,0.29936312297335804,-0.9541392564000488,0.8660254037844387,-0.4999999999999998,51.243999,-0.571478,36
2019-04-14 20:00:00,11.4985,47.03499999999999,102.1918333333333,49.983333333333334,0.21072410964108912,11.12938180696194,15.265873351543213,4,-0.8660254037844386,0.5000000000000001,0.29936312297335804,-0.9541392564000488,0.8660254037844387,-0.4999999999999998,51.243999,-0.571478,36
2019-04-14 21:00:00,10.049666666666663,47.4675,102.23949999999998,57.88333333333333,0.22325356330245397,11.441807892197119,16.21113069821556,4,-0.7071067811865477,0.7071067811865474,0.29936312297335804,-0.9541392564000488,0.8660254037844387,-0.4999999999999998,51.243999,-0.571478,36
2019-04-14 22:00:00,8.77166666666667,47.76783333333336,102.25199999999995,63.03333333333333,0.22995746581540097,11.279869901274763,18.516293367430634,4,-0.5000000000000004,0.8660254037844384,0.29936312297335804,-0.9541392564000488,0.8660254037844387,-0.4999999999999998,51.243999,-0.571478,36
2019-04-14 23:00:00,7.751999999999999,48.178333333333306,102.2336666666666,68.21666666666667,0.22268989660064742,10.86782874714811,17.14381141269683,4,-0.25881904510252157,0.9659258262890681,0.29936312297335804,-0.9541392564000488,0.8660254037844387,-0.4999999999999998,51.243999,-0.571478,36
2019-04-15 00:00:00,7.783500000000003,49.23566666666668,102.24266666666671,73.91666666666667,0.21260578063436422,11.947926388572654,12.989752358952446,4,0.0,1.0,0.10116832198743272,-0.994869323391895,0.8660254037844387,-0.4999999999999998,51.243999,-0.571478,36
2019-04-15 01:00:00,8.516666666666664,49.488000000000014,102.18550000000009,76.35,0.21220918448921858,13.909175949736824,14.160968941333284,4,0.25881904510252074,0.9659258262890683,0.10116832198743272,-0.994869323391895,0.8660254037844387,-0.4999999999999998,51.243999,-0.571478,36
2019-04-15 02:00:00,8.561166666666669,49.071333333333314,102.13633333333331,75.21666666666667,0.22506804173749556,13.558277485671722,23.88345087345625,4,0.49999999999999994,0.8660254037844387,0.10116832198743272,-0.994869323391895,0.8660254037844387,-0.4999999999999998,51.243999,-0.571478,36
2019-04-15 03:00:00,8.369166666666667,49.19316666666667,102.08416666666666,76.45,0.22295526210022798,15.378340189400005,18.17339958284176,4,0.7071067811865476,0.7071067811865476,0.10116832198743272,-0.994869323391895,0.8660254037844387,-0.4999999999999998,51.243999,-0.571478,36
2019-04-15 04:00:00,8.713833333333328,49.51116666666667,102.00833333333337,69.81666666666666,0.22485533611378314,15.779685882103255,20.422106834812663,4,0.8660254037844386,0.5000000000000001,0.10116832198743272,-0.994869323391895,0.8660254037844387,-0.4999999999999998,51.243999,-0.571478,36
2019-04-15 05:00:00,8.98633333333333,49.57033333333333,102.00883333333351,69.28333333333333,0.25340386232160983,15.371390691065727,23.90958584991639,4,0.9659258262890683,0.25881904510252074,0.10116832198743272,-0.994869323391895,0.8660254037844387,-0.4999999999999998,51.243999,-0.571478,36
2019-04-15 06:00:00,9.482666666666665,49.917833333333334,101.97299999999994,68.28333333333333,0.23725236019783802,17.42748094289235,19.414965677184505,4,1.0,6.123233995736766e-17,0.10116832198743272,-0.994869323391895,0.8660254037844387,-0.4999999999999998,51.243999,-0.571478,36
2019-04-15 07:00:00,10.740166666666665,50.32166666666667,101.93233333333337,67.28333333333333,0.23283505914495672,16.864475132938363,21.721017713851317,4,0.9659258262890683,-0.25881904510252063,0.10116832198743272,-0.994869323391895,0.8660254037844387,-0.4999999999999998,51.243999,-0.571478,36
2019-04-15 08:00:00,12.215166666666669,50.23266666666667,101.91616666666665,63.31666666666667,0.238103304913885,18.84857212277577,23.962172665766452,4,0.8660254037844387,-0.4999999999999998,0.10116832198743272,-0.994869323391895,0.8660254037844387,-0.4999999999999998,51.243999,-0.571478,36
2019-04-15 09:00:00,14.42983333333333,50.33883333333334,101.87316666666665,54.8,0.24171167624230758,20.600692041742935,23.231430862895003,4,0.7071067811865476,-0.7071067811865475,0.10116832198743272,-0.994869323391895,0.8660254037844387,-0.4999999999999998,51.243999,-0.571478,36
2019-04-15 10:00:00,16.573999999999998,49.38399999999999,101.82166666666677,46.983333333333334,0.23607576001159616,21.87468310204697,21.47455134115047,4,0.49999999999999994,-0.8660254037844387,0.10116832198743272,-0.994869323391895,0.8660254037844387,-0.4999999999999998,51.243999,-0.571478,36
2019-04-15 11:00:00,18.888499999999997,48.375000000000014,101.7296666666666,45.166666666666664,0.2368460969379911,23.400531711214576,19.58583826131014,4,0.258819045102521,-0.9659258262890682,0.10116832198743272,-0.994869323391895,0.8660254037844387,-0.4999999999999998,51.243999,-0.571478,36
2019-04-15 12:00:00,20.12383333333333,47.008499999999984,101.6351666666667,42.916666666666664,0.23709563770254893,23.357275945420504,21.42872064401428,4,1.2246467991473532e-16,-1.0,0.10116832198743272,-0.994869323391895,0.8660254037844387,-0.4999999999999998,51.243999,-0.571478,36
2019-04-15 13:00:00,20.863999999999997,46.66150000000001,101.5468333333334,39.416666666666664,0.23919015982096184,21.978153410461477,23.06150198299842,4,-0.2588190451025208,-0.9659258262890683,0.10116832198743272,-0.994869323391895,0.8660254037844387,-0.4999999999999998,51.243999,-0.571478,36
2019-04-15 14:00:00,23.254166666666666,45.99066666666666,101.45416666666664,37.45,0.2468206677911456,20.949241429805262,24.931770678426417,4,-0.4999999999999997,-0.8660254037844388,0.10116832198743272,-0.994869323391895,0.8660254037844387,-0.4999999999999998,51.243999,-0.571478,36
2019-04-15 15:00:00,24.42533333333333,45.0675,101.37349999999999,39.3,0.24852008369900855,19.816822283083116,29.94284533157777,4,-0.7071067811865471,-0.7071067811865479,0.10116832198743272,-0.994869323391895,0.8660254037844387,-0.4999999999999998,51.243999,-0.571478,36
2019-04-15 16:00:00,24.390833333333333,44.4945,101.3065000000001,35.63333333333333,0.25124107675447266,19.754415034104643,30.49766492465403,4,-0.8660254037844385,-0.5000000000000004,0.10116832198743272,-0.994869323391895,0.8660254037844387,-0.4999999999999998,51.243999,-0.571478,36
2019-04-15 17:00:00,23.379833333333348,44.43916666666669,101.27266666666672,36.61666666666667,0.2638412208283368,16.290651773495483,26.740490312937386,4,-0.9659258262890683,-0.25881904510252063,0.10116832198743272,-0.994869323391895,0.8660254037844387,-0.4999999999999998,51.243999,-0.571478,36
2019-04-15 18:00:00,22.001333333333328,44.66900000000001,101.23616666666656,48.56666666666667,0.3048687582633828,10.750052639116154,29.613177528526773,4,-1.0,-1.8369701987210297e-16,0.10116832198743272,-0.994869323391895,0.8660254037844387,-0.4999999999999998,51.243999,-0.571478,36
2019-04-15 19:00:00,19.022666666666666,45.22066666666667,101.25450000000006,63.516666666666666,0.33704835402198874,8.812669366456365,29.79031927408209,4,-0.9659258262890684,0.2588190451025203,0.10116832198743272,-0.994869323391895,0.8660254037844387,-0.4999999999999998,51.243999,-0.571478,36
2019-04-15 20:00:00,16.5495,46.15033333333335,101.23849999999993,65.31666666666666,0.32100958058253265,9.559749733818963,29.53467142890339,4,-0.8660254037844386,0.5000000000000001,0.10116832198743272,-0.994869323391895,0.8660254037844387,-0.4999999999999998,51.243999,-0.571478,36
2019-04-15 21:00:00,15.051166666666667,46.81850000000001,101.25183333333338,71.03333333333333,0.31722149171355657,8.923912587393257,28.711855835576383,4,-0.7071067811865477,0.7071067811865474,0.10116832198743272,-0.994869323391895,0.8660254037844387,-0.4999999999999998,51.243999,-0.571478,36
2019-04-15 22:00:00,14.1955,47.10549999999998,101.2391666666665,73.81666666666666,0.30426408343985134,9.164790864288038,31.26759838440144,4,-0.5000000000000004,0.8660254037844384,0.10116832198743272,-0.994869323391895,0.8660254037844387,-0.4999999999999998,51.243999,-0.571478,36
2019-04-15 23:00:00,13.502333333333329,47.28016666666666,101.2179999999999,76.18333333333334,0.3169815947834718,10.065338274253046,35.54895895003298,4,-0.25881904510252157,0.9659258262890681,0.10116832198743272,-0.994869323391895,0.8660254037844387,-0.4999999999999998,51.243999,-0.571478,36
2019-04-16 00:00:00,13.103833333333329,47.682166666666696,101.17533333333328,76.2,0.30331463425883215,10.649159241952457,26.032306723084826,4,0.0,1.0,-0.10116832198743204,-0.9948693233918952,0.8660254037844387,-0.4999999999999998,51.243999,-0.571478,36
2019-04-16 01:00:00,12.824,47.92016666666667,101.12166666666668,78.5,0.2968928124492118,11.879160543211052,24.0636684608036,4,0.25881904510252074,0.9659258262890683,-0.10116832198743204,-0.9948693233918952,0.8660254037844387,-0.4999999999999998,51.243999,-0.571478,36
2019-04-16 02:00:00,12.509666666666677,48.10566666666666,101.07700000000004,83.0,0.29158560721862764,12.279587346759484,23.949167065556388,4,0.49999999999999994,0.8660254037844387,-0.10116832198743204,-0.9948693233918952,0.8660254037844387,-0.4999999999999998,51.243999,-0.571478,36
2019-04-16 03:00:00,12.294166666666674,48.14733333333333,101.0596666666667,84.03333333333333,0.2898445197025401,12.981460688317611,24.04900275872601,4,0.7071067811865476,0.7071067811865476,-0.10116832198743204,-0.9948693233918952,0.8660254037844387,-0.4999999999999998,51.243999,-0.571478,36
2019-04-16 04:00:00,12.136999999999995,48.23966666666668,101.03866666666661,88.23333333333333,0.28789157047100733,12.760066578091438,24.647235721387048,4,0.8660254037844386,0.5000000000000001,-0.10116832198743204,-0.9948693233918952,0.8660254037844387,-0.4999999999999998,51.243999,-0.571478,36
2019-04-16 05:00:00,12.019333333333323,48.45933333333335,101.02866666666667,92.36666666666666,0.3239105821814014,17.466642044578297,27.3712433115508,4,0.9659258262890683,0.25881904510252074,-0.10116832198743204,-0.9948693233918952,0.8660254037844387,-0.4999999999999998,51.243999,-0.571478,36
2019-04-16 06:00:00,12.123,48.663666666666686,101.07216666666672,95.76666666666667,0.3410345052512289,24.299932131550904,32.99843430396482,4,1.0,6.123233995736766e-17,-0.10116832198743204,-0.9948693233918952,0.8660254037844387,-0.4999999999999998,51.243999,-0.571478,36
2019-04-16 07:00:00,12.958333333333334,49.16016666666669,101.11083333333333,97.28333333333333,0.41301697040775537,32.63563195228359,36.60157850456121,4,0.9659258262890683,-0.25881904510252063,-0.10116832198743204,-0.9948693233918952,0.8660254037844387,-0.4999999999999998,51.243999,-0.571478,36
2019-04-16 08:00:00,14.322333333333336,49.17533333333336,101.15383333333332,101.08333333333333,0.4681664455045001,39.088081927908895,38.77615503186315,4,0.8660254037844387,-0.4999999999999998,-0.10116832198743204,-0.9948693233918952,0.8660254037844387,-0.4999999999999998,51.243999,-0.571478,36
2019-04-16 09:00:00,15.869666666666665,49.09983333333335,101.1748333333334,106.81666666666666,0.4222385422843615,34.38006064589546,37.53045751366033,4,0.7071067811865476,-0.7071067811865475,-0.10116832198743204,-0.9948693233918952,0.8660254037844387,-0.4999999999999998,51.243999,-0.571478,36
2019-04-16 10:00:00,16.919166666666662,48.69200000000003,101.18949999999995,109.68333333333334,0.456678787868805,30.25135630102468,35.42668406895154,4,0.49999999999999994,-0.8660254037844387,-0.10116832198743204,-0.9948693233918952,0.8660254037844387,-0.4999999999999998,51.243999,-0.571478,36
2019-04-16 11:00:00,19.0555,48.733666666666664,101.2066666666667,102.48333333333333,0.48070462925138696,35.6647683432792,32.19370781942029,4,0.258819045102521,-0.9659258262890682,-0.10116832198743204,-0.9948693233918952,0.8660254037844387,-0.4999999999999998,51.243999,-0.571478,36
2019-04-16 12:00:00,20.534000000000002,47.840666666666685,101.20583333333326,93.86666666666666,0.4924065290058464,27.55497722833667,30.15666300859253,4,1.2246467991473532e-16,-1.0,-0.10116832198743204,-0.9948693233918952,0.8660254037844387,-0.4999999999999998,51.243999,-0.571478,36
2019-04-16 13:00:00,20.498000000000005,47.75149999999999,101.22966666666659,96.36666666666666,0.4620126489605159,31.728444082569197,28.505098574322304,4,-0.2588190451025208,-0.9659258262890683,-0.10116832198743204,-0.9948693233918952,0.8660254037844387,-0.4999999999999998,51.243999,-0.571478,36
2019-04-16 14:00:00,21.01966666666667,47.75416666666667,101.25250000000005,96.0,0.4579766431228888,28.816030034803905,29.293544728328364,4,-0.4999999999999997,-0.8660254037844388,-0.10116832198743204,-0.9948693233918952,0.8660254037844387,-0.4999999999999998,51.243999,-0.571478,36
2019-04-16 15:00:00,21.64133333333333,48.15766666666664,101.26766666666681,96.23333333333333,0.4845841803163476,33.783568767753025,28.897766220840403,4,-0.7071067811865471,-0.7071067811865479,-0.10116832198743204,-0.9948693233918952,0.8660254037844387,-0.4999999999999998,51.243999,-0.571478,36
2019-04-16 16:00:00,22.211,48.06650000000003,101.26516666666686,86.43333333333334,0.4883384371938979,27.24609309051295,26.34807653033915,4,-0.8660254037844385,-0.5000000000000004,-0.10116832198743204,-0.9948693233918952,0.8660254037844387,-0.4999999999999998,51.243999,-0.571478,36
2019-04-16 17:00:00,22.436166666666665,47.81883333333336,101.28300000000004,71.28333333333333,0.4871325912211578,21.991984033454447,17.26054280661291,4,-0.9659258262890683,-0.25881904510252063,-0.10116832198743204,-0.9948693233918952,0.8660254037844387,-0.4999999999999998,51.243999,-0.571478,36
2019-04-16 18:00:00,21.17066666666667,47.66416666666665,101.32000000000001,78.21666666666667,0.5138670405778765,26.13641368841201,26.180905338992712,4,-1.0,-1.8369701987210297e-16,-0.10116832198743204,-0.9948693233918952,0.8660254037844387,-0.4999999999999998,51.243999,-0.571478,36
2019-04-16 19:00:00,19.948833333333333,48.16566666666668,101.38316666666657,89.01666666666667,0.4624805815444894,15.212313691862244,27.938497113270717,4,-0.9659258262890684,0.2588190451025203,-0.10116832198743204,-0.9948693233918952,0.8660254037844387,-0.4999999999999998,51.243999,-0.571478,36
2019-04-16 20:00:00,18.894500000000008,48.566499999999984,101.43366666666667,89.56666666666666,0.4606118718181859,13.046585070698066,31.017891707703946,4,-0.8660254037844386,0.5000000000000001,-0.10116832198743204,-0.9948693233918952,0.8660254037844387,-0.4999999999999998,51.243999,-0.571478,36
2019-04-16 21:00:00,17.934166666666666,48.90150000000001,101.48249999999985,83.96666666666667,0.5083203749214843,11.169594402020056,34.51561907826782,4,-0.7071067811865477,0.7071067811865474,-0.10116832198743204,-0.9948693233918952,0.8660254037844387,-0.4999999999999998,51.243999,-0.571478,36
2019-04-16 22:00:00,17.224833333333333,49.18966666666668,101.49433333333344,91.76666666666667,0.4453335994087701,9.070770673900206,30.328999547998777,4,-0.5000000000000004,0.8660254037844384,-0.10116832198743204,-0.9948693233918952,0.8660254037844387,-0.4999999999999998,51.243999,-0.571478,36
2019-04-16 23:00:00,16.642666666666663,49.38316666666663,101.52200000000012,95.61666666666666,0.42692763417976737,10.637005170615804,28.196648938477935,4,-0.25881904510252157,0.9659258262890681,-0.10116832198743204,-0.9948693233918952,0.8660254037844387,-0.4999999999999998,51.243999,-0.571478,36
2019-04-17 00:00:00,16.154666666666667,49.55833333333331,101.54050000000001,97.28333333333333,0.45628217426348844,10.396824059866622,30.632564546471215,4,0.0,1.0,-0.2993631229733582,-0.9541392564000488,0.8660254037844387,-0.4999999999999998,51.243999,-0.571478,36
2019-04-17 01:00:00,15.812666666666672,49.766,101.54966666666675,97.85,0.4049286218324613,12.605199612840845,27.551862129773294,4,0.25881904510252074,0.9659258262890683,-0.2993631229733582,-0.9541392564000488,0.8660254037844387,-0.4999999999999998,51.243999,-0.571478,36
2019-04-17 02:00:00,15.394833333333336,49.64666666666664,101.53866666666667,95.41666666666667,0.3736783262174901,13.802150274392664,25.78118364341305,4,0.49999999999999994,0.8660254037844387,-0.2993631229733582,-0.9541392564000488,0.8660254037844387,-0.4999999999999998,51.243999,-0.571478,36
2019-04-17 03:00:00,14.091833333333337,49.454500000000046,101.54116666666671,92.5,0.36120609535669257,16.39991076171682,25.790368871957025,4,0.7071067811865476,0.7071067811865476,-0.2993631229733582,-0.9541392564000488,0.8660254037844387,-0.4999999999999998,51.243999,-0.571478,36
2019-04-17 04:00:00,13.093833333333329,49.75283333333334,101.54916666666675,85.9,0.3904223567058037,17.514542625579057,25.889681078836738,4,0.8660254037844386,0.5000000000000001,-0.2993631229733582,-0.9541392564000488,0.8660254037844387,-0.4999999999999998,51.243999,-0.571478,36
2019-04-17 05:00:00,12.295166666666667,49.791333333333334,101.56250000000003,84.38333333333334,0.3537115788387119,17.289670159808914,27.259020566791595,4,0.9659258262890683,0.25881904510252074,-0.2993631229733582,-0.9541392564000488,0.8660254037844387,-0.4999999999999998,51.243999,-0.571478,36
2019-04-17 06:00:00,11.492166666666664,50.10916666666666,101.62350000000002,88.75,0.41207169420761564,28.1120877630815,29.383614006494664,4,1.0,6.123233995736766e-17,-0.2993631229733582,-0.9541392564000488,0.8660254037844387,-0.4999999999999998,51.243999,-0.571478,36
2019-04-17 07:00:00,11.838166666666668,50.687999999999995,101.63733333333333,94.3,0.42618957528957524,34.27559290635805,36.630364005208165,4,0.9659258262890683,-0.25881904510252063,-0.2993631229733582,-0.9541392564000488,0.8660254037844387,-0.4999999999999998,51.243999,-0.571478,36
2019-04-17 08:00:00,13.121,51.15583333333333,101.64783333333328,90.81666666666666,0.436173830717602,26.106998547209,36.132545436408655,4,0.8660254037844387,-0.4999999999999998,-0.2993631229733582,-0.9541392564000488,0.8660254037844387,-0.4999999999999998,51.243999,-0.571478,36
2019-04-17 09:00:00,16.043499999999998,51.70633333333333,101.7006666666667,90.78333333333333,0.4129366303407261,25.405764266785763,35.98914969119097,4,0.7071067811865476,-0.7071067811865475,-0.2993631229733582,-0.9541392564000488,0.8660254037844387,-0.4999999999999998,51.243999,-0.571478,36
2019-04-17 10:00:00,18.939166666666672,50.66733333333334,101.69666666666656,89.01666666666667,0.41234704692503327,28.74379836490635,34.4391748527813,4,0.49999999999999994,-0.8660254037844387,-0.2993631229733582,-0.9541392564000488,0.8660254037844387,-0.4999999999999998,51.243999,-0.571478,36
2019-04-17 11:00:00,22.282,49.60633333333333,101.69383333333322,85.0,0.41018950522926634,29.61671523622797,29.566933911250906,4,0.258819045102521,-0.9659258262890682,-0.2993631229733582,-0.9541392564000488,0.8660254037844387,-0.4999999999999998,51.243999,-0.571478,36
2019-04-17 12:00:00,24.089166666666678,48.19183333333333,101.68483333333343,84.56666666666666,0.4186659410263507,30.119486947075075,31.268908012028593,4,1.2246467991473532e-16,-1.0,-0.2993631229733582,-0.9541392564000488,0.8660254037844387,-0.4999999999999998,51.243999,-0.571478,36
2019-04-17 13:00:00,25.331666666666667,47.85266666666666,101.66383333333344,87.36666666666666,0.42054795540298956,24.8508455072379,31.225188729168504,4,-0.2588190451025208,-0.9659258262890683,-0.2993631229733582,-0.9541392564000488,0.8660254037844387,-0.4999999999999998,51.243999,-0.571478,36
2019-04-17 14:00:00,27.484166666666674,47.36216666666666,101.63066666666667,87.58333333333333,0.4276431112487427,26.922031508185448,37.783898917718076,4,-0.4999999999999997,-0.8660254037844388,-0.2993631229733582,-0.9541392564000488,0.8660254037844387,-0.4999999999999998,51.243999,-0.571478,36
2019-04-17 15:00:00,27.263166666666667,47.04099999999999,101.60450000000007,78.16666666666667,0.40259983077909695,22.428477049841806,26.260715647480374,4,-0.7071067811865471,-0.7071067811865479,-0.2993631229733582,-0.9541392564000488,0.8660254037844387,-0.4999999999999998,51.243999,-0.571478,36
2019-04-17 16:00:00,28.613166666666658,46.60766666666665,101.58216666666662,73.91666666666667,0.41257146250345894,22.98103704803005,29.858963449721937,4,-0.8660254037844385,-0.5000000000000004,-0.2993631229733582,-0.9541392564000488,0.8660254037844387,-0.4999999999999998,51.243999,-0.571478,36
2019-04-17 17:00:00,28.064833333333347,46.4935,101.59516666666671,87.1,0.4322353108349695,15.073940206352791,28.38141998487567,4,-0.9659258262890683,-0.25881904510252063,-0.2993631229733582,-0.9541392564000488,0.8660254037844387,-0.4999999999999998,51.243999,-0.571478,36
2019-04-17 18:00:00,26.164499999999997,46.66683333333334,101.62616666666659,80.83333333333333,0.4393506622785633,12.787169523621852,27.13691170866235,4,-1.0,-1.8369701987210297e-16,-0.2993631229733582,-0.9541392564000488,0.8660254037844387,-0.4999999999999998,51.243999,-0.571478,36
2019-04-17 19:00:00,22.569166666666657,47.38300000000002,101.68599999999996,55.11666666666667,0.4151187501372655,11.629903287783156,27.014002187272034,4,-0.9659258262890684,0.2588190451025203,-0.2993631229733582,-0.9541392564000488,0.8660254037844387,-0.4999999999999998,51.243999,-0.571478,36
2019-04-17 20:00:00,19.619833333333336,48.13500000000003,101.73066666666655,50.18333333333333,0.36018866208968603,11.539245846592339,27.20527904092421,4,-0.8660254037844386,0.5000000000000001,-0.2993631229733582,-0.9541392564000488,0.8660254037844387,-0.4999999999999998,51.243999,-0.571478,36
2019-04-17 21:00:00,17.33966666666667,48.574499999999986,101.78933333333345,43.483333333333334,0.3140980649957612,11.652121580024073,24.5247895802817,4,-0.7071067811865477,0.7071067811865474,-0.2993631229733582,-0.9541392564000488,0.8660254037844387,-0.4999999999999998,51.243999,-0.571478,36
2019-04-17 22:00:00,15.621333333333332,48.926000000000016,101.83216666666672,39.9,0.3046774820895981,11.52600073545928,24.640072994848985,4,-0.5000000000000004,0.8660254037844384,-0.2993631229733582,-0.9541392564000488,0.8660254037844387,-0.4999999999999998,51.243999,-0.571478,36
2019-04-17 23:00:00,14.318666666666665,49.11416666666664,101.85733333333329,44.9,0.3043870554245128,10.394964342442732,27.333845283234435,4,-0.25881904510252157,0.9659258262890681,-0.2993631229733582,-0.9541392564000488,0.8660254037844387,-0.4999999999999998,51.243999,-0.571478,36
2019-04-18 00:00:00,13.517499999999984,49.5621666666667,101.88550000000005,74.05,0.33068764863107863,9.67154383564524,28.67608100848994,4,0.0,1.0,-0.4853019625310808,-0.8743466161445822,0.8660254037844387,-0.4999999999999998,51.243999,-0.571478,36
2019-04-18 01:00:00,13.31383333333333,49.937999999999995,101.90749999999989,96.21666666666667,0.31336865471029285,13.985593142111034,22.569847945799786,4,0.25881904510252074,0.9659258262890683,-0.4853019625310808,-0.8743466161445822,0.8660254037844387,-0.4999999999999998,51.243999,-0.571478,36
2019-04-18 02:00:00,13.055833333333338,49.96999999999999,101.91533333333335,110.26666666666667,0.31588574788830764,16.2129642703888,23.36150222392103,4,0.49999999999999994,0.8660254037844387,-0.4853019625310808,-0.8743466161445822,0.8660254037844387,-0.4999999999999998,51.243999,-0.571478,36
2019-04-18 03:00:00,13.08933333333333,50.07983333333332,101.92050000000008,110.68333333333334,0.31378384593760017,16.77441041998361,23.5204084930204,4,0.7071067811865476,0.7071067811865476,-0.4853019625310808,-0.8743466161445822,0.8660254037844387,-0.4999999999999998,51.243999,-0.571478,36
2019-04-18 04:00:00,13.347333333333331,50.224500000000006,101.90683333333322,121.3,0.32258811972625967,17.952325607849744,27.83989624463738,4,0.8660254037844386,0.5000000000000001,-0.4853019625310808,-0.8743466161445822,0.8660254037844387,-0.4999999999999998,51.243999,-0.571478,36
2019-04-18 05:00:00,13.585166666666671,50.40716666666666,101.91050000000004,123.7,0.341934547968251,17.73745780772513,28.03974732021254,4,0.9659258262890683,0.25881904510252074,-0.4853019625310808,-0.8743466161445822,0.8660254037844387,-0.4999999999999998,51.243999,-0.571478,36
2019-04-18 06:00:00,13.946833333333338,50.57366666666665,101.94049999999994,117.78333333333333,0.3652064824453902,20.31321552104669,28.174089538599357,4,1.0,6.123233995736766e-17,-0.4853019625310808,-0.8743466161445822,0.8660254037844387,-0.4999999999999998,51.243999,-0.571478,36
2019-04-18 07:00:00,14.691499999999998,50.832666666666675,101.94733333333322,105.81666666666666,0.35941242944553525,23.049195437499158,32.00151149273357,4,0.9659258262890683,-0.25881904510252063,-0.4853019625310808,-0.8743466161445822,0.8660254037844387,-0.4999999999999998,51.243999,-0.571478,36
2019-04-18 08:00:00,15.783166666666663,50.9663333333333,101.97499999999991,98.53333333333333,0.36801612660930055,29.86502931677581,34.27228366377712,4,0.8660254037844387,-0.4999999999999998,-0.4853019625310808,-0.8743466161445822,0.8660254037844387,-0.4999999999999998,51.243999,-0.571478,36
2019-04-18 09:00:00,17.828999999999994,51.10016666666668,102.00416666666682,97.15,0.3744154364383888,23.215927479126652,32.512590709975534,4,0.7071067811865476,-0.7071067811865475,-0.4853019625310808,-0.8743466161445822,0.8660254037844387,-0.4999999999999998,51.243999,-0.571478,36
2019-04-18 10:00:00,20.544666666666664,50.64850000000001,102.0110000000001,84.93333333333334,0.3788014605048737,27.374498666080225,34.304284477496644,4,0.49999999999999994,-0.8660254037844387,-0.4853019625310808,-0.8743466161445822,0.8660254037844387,-0.4999999999999998,51.243999,-0.571478,36
2019-04-18 11:00:00,23.947499999999994,49.75733333333334,101.9883333333332,68.35,0.40578100992264804,28.677300532976737,35.05669896918747,4,0.258819045102521,-0.9659258262890682,-0.4853019625310808,-0.8743466161445822,0.8660254037844387,-0.4999999999999998,51.243999,-0.571478,36
2019-04-18 12:00:00,26.116000000000017,48.45483333333331,101.96883333333331,37.233333333333334,0.35103016217094724,36.61541737580658,30.209936494544998,4,1.2246467991473532e-16,-1.0,-0.4853019625310808,-0.8743466161445822,0.8660254037844387,-0.4999999999999998,51.243999,-0.571478,36
2019-04-18 13:00:00,27.9065,48.015333333333324,101.94283333333327,26.933333333333334,0.3420862361142225,31.739510355625136,27.340381744447434,4,-0.2588190451025208,-0.9659258262890683,-0.4853019625310808,-0.8743466161445822,0.8660254037844387,-0.4999999999999998,51.243999,-0.571478,36
2019-04-18 14:00:00,32.25616666666667,46.578833333333336,101.94799999999994,25.5,0.3356746692450618,27.755894506657206,26.575550834539094,4,-0.4999999999999997,-0.8660254037844388,-0.4853019625310808,-0.8743466161445822,0.8660254037844387,-0.4999999999999998,51.243999,-0.571478,36
2019-04-18 15:00:00,33.32149999999999,45.24316666666667,101.93150000000004,33.833333333333336,0.36003404645503617,30.884990945441505,30.89148179905859,4,-0.7071067811865471,-0.7071067811865479,-0.4853019625310808,-0.8743466161445822,0.8660254037844387,-0.4999999999999998,51.243999,-0.571478,36
2019-04-18 16:00:00,31.597000000000012,45.329,101.95866666666656,38.733333333333334,0.4063038722047254,31.306671199638753,29.032734917684824,4,-0.8660254037844385,-0.5000000000000004,-0.4853019625310808,-0.8743466161445822,0.8660254037844387,-0.4999999999999998,51.243999,-0.571478,36
2019-04-18 17:00:00,30.729000000000006,45.63633333333335,101.99016666666662,40.233333333333334,0.3758731919388916,19.171076795030878,27.541961082944102,4,-0.9659258262890683,-0.25881904510252063,-0.4853019625310808,-0.8743466161445822,0.8660254037844387,-0.4999999999999998,51.243999,-0.571478,36
2019-04-18 18:00:00,27.885,45.70266666666666,102.03100000000005,41.11666666666667,0.43372725917043325,14.61206877726625,29.199542058731545,4,-1.0,-1.8369701987210297e-16,-0.4853019625310808,-0.8743466161445822,0.8660254037844387,-0.4999999999999998,51.243999,-0.571478,36
2019-04-18 19:00:00,24.82099999999999,46.26166666666666,102.10800000000002,55.733333333333334,0.44472325584970634,12.327714372418797,33.43826121809098,4,-0.9659258262890684,0.2588190451025203,-0.4853019625310808,-0.8743466161445822,0.8660254037844387,-0.4999999999999998,51.243999,-0.571478,36
2019-04-18 20:00:00,21.916000000000004,46.75583333333334,102.15833333333336,54.9,0.42546820832290116,9.187507164244742,32.57091776745977,4,-0.8660254037844386,0.5000000000000001,-0.4853019625310808,-0.8743466161445822,0.8660254037844387,-0.4999999999999998,51.243999,-0.571478,36
2019-04-18 21:00:00,19.8485,47.1095,102.21566666666658,50.916666666666664,0.36406809675350615,8.603639879633713,30.376201763212226,4,-0.7071067811865477,0.7071067811865474,-0.4853019625310808,-0.8743466161445822,0.8660254037844387,-0.4999999999999998,51.243999,-0.571478,36
2019-04-18 22:00:00,18.14383333333333,47.48849999999998,102.25700000000015,46.81666666666667,0.34126034674362316,8.875341084885946,30.32188126931402,4,-0.5000000000000004,0.8660254037844384,-0.4853019625310808,-0.8743466161445822,0.8660254037844387,-0.4999999999999998,51.243999,-0.571478,36
2019-04-18 23:00:00,16.947999999999997,47.56933333333333,102.2821666666666,48.15,0.3287645155516316,9.122527067975527,29.14770940484104,4,-0.25881904510252157,0.9659258262890681,-0.4853019625310808,-0.8743466161445822,0.8660254037844387,-0.4999999999999998,51.243999,-0.571478,36
2019-04-19 00:00:00,15.944499999999996,47.92250000000001,102.27999999999999,58.61666666666667,0.3528664425395655,8.884181614218644,31.001843173367934,4,0.0,1.0,-0.651372482722222,-0.7587581226927911,0.8660254037844387,-0.4999999999999998,51.243999,-0.571478,36
2019-04-19 01:00:00,15.166833333333328,47.966833333333334,102.29233333333342,65.7,0.3333555220261704,11.195736561697027,28.218761843851162,4,0.25881904510252074,0.9659258262890683,-0.651372482722222,-0.7587581226927911,0.8660254037844387,-0.4999999999999998,51.243999,-0.571478,36
2019-04-19 02:00:00,14.18616666666667,47.95383333333335,102.30366666666669,71.93333333333334,0.3243095179894668,12.508747055435654,28.23246656331288,4,0.49999999999999994,0.8660254037844387,-0.651372482722222,-0.7587581226927911,0.8660254037844387,-0.4999999999999998,51.243999,-0.571478,36
2019-04-19 03:00:00,13.127,48.17883333333334,102.30716666666662,78.46666666666667,0.33381087746693533,11.871399522405364,28.595557880136894,4,0.7071067811865476,0.7071067811865476,-0.651372482722222,-0.7587581226927911,0.8660254037844387,-0.4999999999999998,51.243999,-0.571478,36
2019-04-19 04:00:00,12.38633333333334,48.38916666666667,102.33333333333333,77.51666666666667,0.3389325567400652,13.50941131682817,29.476952031900687,4,0.8660254037844386,0.5000000000000001,-0.651372482722222,-0.7587581226927911,0.8660254037844387,-0.4999999999999998,51.243999,-0.571478,36
2019-04-19 05:00:00,11.602,48.30500000000003,102.35050000000003,131.21666666666667,0.31668054651433486,15.862720704731261,31.897769179104206,4,0.9659258262890683,0.25881904510252074,-0.651372482722222,-0.7587581226927911,0.8660254037844387,-0.4999999999999998,51.243999,-0.571478,36
2019-04-19 06:00:00,11.053833333333332,48.739333333333335,102.42383333333323,2401.766666666667,0.3929867669473471,28.62598110375594,37.32182918299507,4,1.0,6.123233995736766e-17,-0.651372482722222,-0.7587581226927911,0.8660254037844387,-0.4999999999999998,51.243999,-0.571478,36
2019-04-19 07:00:00,11.767333333333337,49.641333333333314,102.45699999999998,3761.116666666667,0.35464254351865265,19.20734760759376,35.70068819545633,4,0.9659258262890683,-0.25881904510252063,-0.651372482722222,-0.7587581226927911,0.8660254037844387,-0.4999999999999998,51.243999,-0.571478,36
2019-04-19 08:00:00,14.1385,50.22716666666667,102.49466666666673,3592.266666666667,0.35305817849785426,21.343542979754268,24.969088575769426,4,0.8660254037844387,-0.4999999999999998,-0.651372482722222,-0.7587581226927911,0.8660254037844387,-0.4999999999999998,51.243999,-0.571478,36
2019-04-19 09:00:00,17.418833333333335,49.991166666666665,102.52883333333338,3396.633333333333,0.3916749901168844,26.016387312041665,25.424267915920847,4,0.7071067811865476,-0.7071067811865475,-0.651372482722222,-0.7587581226927911,0.8660254037844387,-0.4999999999999998,51.243999,-0.571478,36
2019-04-19 10:00:00,20.607666666666667,49.104333333333315,102.54016666666672,3187.0333333333333,0.36539057084876186,31.49618190533561,22.299619763401367,4,0.49999999999999994,-0.8660254037844387,-0.651372482722222,-0.7587581226927911,0.8660254037844387,-0.4999999999999998,51.243999,-0.571478,36
2019-04-19 11:00:00,24.875833333333333,48.043,102.55200000000008,3004.616666666667,0.39448626971681594,33.84396878690023,24.66949726790218,4,0.258819045102521,-0.9659258262890682,-0.651372482722222,-0.7587581226927911,0.8660254037844387,-0.4999999999999998,51.243999,-0.571478,36
2019-04-19 12:00:00,26.858666666666654,46.05000000000003,102.54449999999999,2888.2166666666667,0.39660681331014097,33.99343140281495,23.43020056155938,4,1.2246467991473532e-16,-1.0,-0.651372482722222,-0.7587581226927911,0.8660254037844387,-0.4999999999999998,51.243999,-0.571478,36
2019-04-19 13:00:00,27.956666666666674,46.039833333333334,102.5503333333334,2779.2,0.3742809989414085,32.91899657786848,22.04134115196675,4,-0.2588190451025208,-0.9659258262890683,-0.651372482722222,-0.7587581226927911,0.8660254037844387,-0.4999999999999998,51.243999,-0.571478,36
2019-04-19 14:00:00,33.788999999999994,44.533833333333305,102.55933333333344,2706.9666666666667,0.3607744159078629,35.73738804711719,19.724072189479067,4,-0.4999999999999997,-0.8660254037844388,-0.651372482722222,-0.7587581226927911,0.8660254037844387,-0.4999999999999998,51.243999,-0.571478,36
2019-04-19 15:00:00,37.2355,42.61633333333335,102.54816666666675,2643.983333333333,0.32602562582084776,32.61230723522759,30.045145206202093,4,-0.7071067811865471,-0.7071067811865479,-0.651372482722222,-0.7587581226927911,0.8660254037844387,-0.4999999999999998,51.243999,-0.571478,36
2019-04-19 16:00:00,37.97683333333331,42.355000000000004,102.55466666666679,2596.9333333333334,0.312773373458783,38.97258942625859,34.267371000515354,4,-0.8660254037844385,-0.5000000000000004,-0.651372482722222,-0.7587581226927911,0.8660254037844387,-0.4999999999999998,51.243999,-0.571478,36
2019-04-19 17:00:00,37.269999999999996,42.99733333333334,102.57266666666663,2595.8166666666666,0.3179228376841005,29.84030845613751,22.972552914973388,4,-0.9659258262890683,-0.25881904510252063,-0.651372482722222,-0.7587581226927911,0.8660254037844387,-0.4999999999999998,51.243999,-0.571478,36
2019-04-19 18:00:00,35.33966666666667,43.74466666666668,102.5983333333333,2651.15,0.33753761129486376,17.13505938581079,27.75333379956248,4,-1.0,-1.8369701987210297e-16,-0.651372482722222,-0.7587581226927911,0.8660254037844387,-0.4999999999999998,51.243999,-0.571478,36
2019-04-19 19:00:00,29.328333333333337,45.05049999999999,102.65450000000008,2777.983333333333,0.3993493696768441,11.013325249455713,29.709188153885233,4,-0.9659258262890684,0.2588190451025203,-0.651372482722222,-0.7587581226927911,0.8660254037844387,-0.4999999999999998,51.243999,-0.571478,36
2019-04-19 20:00:00,24.75316666666667,45.56499999999996,102.70433333333338,2946.983333333333,0.3848647202419387,9.838846569346165,28.658803168739087,4,-0.8660254037844386,0.5000000000000001,-0.651372482722222,-0.7587581226927911,0.8660254037844387,-0.4999999999999998,51.243999,-0.571478,36
2019-04-19 21:00:00,21.330499999999997,45.75183333333335,102.75566666666683,3108.633333333333,0.3791663606195176,8.454801731215053,29.458435284580844,4,-0.7071067811865477,0.7071067811865474,-0.651372482722222,-0.7587581226927911,0.8660254037844387,-0.4999999999999998,51.243999,-0.571478,36
2019-04-19 22:00:00,18.752000000000006,45.81466666666667,102.76750000000014,3253.733333333333,0.37635651857366875,8.540744362547205,28.374312808242273,4,-0.5000000000000004,0.8660254037844384,-0.651372482722222,-0.7587581226927911,0.8660254037844387,-0.4999999999999998,51.243999,-0.571478,36
2019-04-19 23:00:00,16.66,45.86349999999998,102.79316666666675,3396.4166666666665,0.3994911637258908,8.430050699141292,27.195764991666532,4,-0.25881904510252157,0.9659258262890681,-0.651372482722222,-0.7587581226927911,0.8660254037844387,-0.4999999999999998,51.243999,-0.571478,36
2019-04-20 00:00:00,15.037166666666666,45.93366666666667,102.79116666666667,3502.7166666666667,0.42960215990002687,9.473149382681623,25.931279778984035,4,0.0,1.0,-0.7907757369376986,-0.6121059825476627,0.8660254037844387,-0.4999999999999998,51.243999,-0.571478,36
2019-04-20 01:00:00,13.677500000000004,45.97183333333332,102.76350000000008,3607.733333333333,0.363002170771454,9.40936554873917,24.955311756906333,4,0.25881904510252074,0.9659258262890683,-0.7907757369376986,-0.6121059825476627,0.8660254037844387,-0.4999999999999998,51.243999,-0.571478,36
2019-04-20 02:00:00,12.52383333333333,46.035333333333334,102.77583333333337,3690.233333333333,0.34792051734816226,10.9059039971626,25.10418338148659,4,0.49999999999999994,0.8660254037844387,-0.7907757369376986,-0.6121059825476627,0.8660254037844387,-0.4999999999999998,51.243999,-0.571478,36
2019-04-20 03:00:00,11.644166666666669,46.10850000000002,102.77833333333335,3694.6833333333334,0.33359371949960703,11.646269608814515,22.958662600018375,4,0.7071067811865476,0.7071067811865476,-0.7907757369376986,-0.6121059825476627,0.8660254037844387,-0.4999999999999998,51.243999,-0.571478,36
2019-04-20 04:00:00,10.956166666666668,46.10416666666668,102.77383333333344,50.36666666666667,0.32603941353591515,11.569920522851987,25.661968408190262,4,0.8660254037844386,0.5000000000000001,-0.7907757369376986,-0.6121059825476627,0.8660254037844387,-0.4999999999999998,51.243999,-0.571478,36
2019-04-20 05:00:00,10.321499999999997,46.19466666666666,102.76500000000006,45.45,0.32070994076719334,16.398754744625865,27.48350878360843,4,0.9659258262890683,0.25881904510252074,-0.7907757369376986,-0.6121059825476627,0.8660254037844387,-0.4999999999999998,51.243999,-0.571478,36
2019-04-20 06:00:00,10.019333333333334,46.36483333333335,102.82999999999997,56.916666666666664,0.31802283208366827,16.032734206976016,27.522855901583302,4,1.0,6.123233995736766e-17,-0.7907757369376986,-0.6121059825476627,0.8660254037844387,-0.4999999999999998,51.243999,-0.571478,36
2019-04-20 07:00:00,10.862833333333333,47.058,102.81433333333327,75.7,0.38699370873799205,18.71143171848527,31.34644144477524,4,0.9659258262890683,-0.25881904510252063,-0.7907757369376986,-0.6121059825476627,0.8660254037844387,-0.4999999999999998,51.243999,-0.571478,36
2019-04-20 08:00:00,13.412833333333337,47.755333333333326,102.81300000000007,77.2,0.34362924962993247,18.528494862725214,26.50127816252342,4,0.8660254037844387,-0.4999999999999998,-0.7907757369376986,-0.6121059825476627,0.8660254037844387,-0.4999999999999998,51.243999,-0.571478,36
2019-04-20 09:00:00,17.56483333333333,47.943166666666656,102.80200000000005,68.18333333333334,0.3350025981613012,25.138127174617704,20.43785939865473,4,0.7071067811865476,-0.7071067811865475,-0.7907757369376986,-0.6121059825476627,0.8660254037844387,-0.4999999999999998,51.243999,-0.571478,36
2019-04-20 10:00:00,21.058333333333334,46.73666666666669,102.7943333333334,58.166666666666664,0.36243350464067187,30.746824918995173,20.18456968818997,4,0.49999999999999994,-0.8660254037844387,-0.7907757369376986,-0.6121059825476627,0.8660254037844387,-0.4999999999999998,51.243999,-0.571478,36
2019-04-20 11:00:00,25.537833333333335,45.71083333333333,102.77650000000007,43.05,0.3752827820751027,34.893039374333526,19.234688549122172,4,0.258819045102521,-0.9659258262890682,-0.7907757369376986,-0.6121059825476627,0.8660254037844387,-0.4999999999999998,51.243999,-0.571478,36
2019-04-20 12:00:00,27.928333333333327,44.05716666666669,102.73449999999994,32.9,0.3436746169743612,39.21174657827971,12.006080761487118,4,1.2246467991473532e-16,-1.0,-0.7907757369376986,-0.6121059825476627,0.8660254037844387,-0.4999999999999998,51.243999,-0.571478,36
2019-04-20 13:00:00,29.086833333333335,43.96933333333331,102.68233333333332,29.066666666666666,0.34273503861003857,42.09728603643216,15.216091154018953,4,-0.2588190451025208,-0.9659258262890683,-0.7907757369376986,-0.6121059825476627,0.8660254037844387,-0.4999999999999998,51.243999,-0.571478,36
2019-04-20 14:00:00,35.2115,42.14683333333335,102.63266666666661,29.783333333333335,0.32999250684131226,39.07111300417058,18.05954623371055,4,-0.4999999999999997,-0.8660254037844388,-0.7907757369376986,-0.6121059825476627,0.8660254037844387,-0.4999999999999998,51.243999,-0.571478,36
2019-04-20 15:00:00,38.567,40.14350000000002,102.58500000000006,25.8,0.35067724555369595,40.555187835098415,33.67417981694219,4,-0.7071067811865471,-0.7071067811865479,-0.7907757369376986,-0.6121059825476627,0.8660254037844387,-0.4999999999999998,51.243999,-0.571478,36
2019-04-20 16:00:00,39.73816666666664,39.83366666666665,102.547,23.433333333333334,0.3282162661808566,44.38132138014044,37.12145499128674,4,-0.8660254037844385,-0.5000000000000004,-0.7907757369376986,-0.6121059825476627,0.8660254037844387,-0.4999999999999998,51.243999,-0.571478,36
2019-04-20 17:00:00,39.70633333333333,40.39616666666667,102.49933333333325,25.933333333333334,0.3449777743003851,37.71657372045258,25.09995666914588,4,-0.9659258262890683,-0.25881904510252063,-0.7907757369376986,-0.6121059825476627,0.8660254037844387,-0.4999999999999998,51.243999,-0.571478,36
2019-04-20 18:00:00,37.082,41.24649999999999,102.46849999999992,22.466666666666665,0.35460639514453507,25.405036076626182,25.64158120454928,4,-1.0,-1.8369701987210297e-16,-0.7907757369376986,-0.6121059825476627,0.8660254037844387,-0.4999999999999998,51.243999,-0.571478,36
2019-04-20 19:00:00,30.91133333333333,42.80749999999997,102.44149999999993,19.45,0.40501479359661957,15.147373602879073,24.68241196524603,4,-0.9659258262890684,0.2588190451025203,-0.7907757369376986,-0.6121059825476627,0.8660254037844387,-0.4999999999999998,51.243999,-0.571478,36
2019-04-20 20:00:00,26.261333333333337,43.445000000000014,102.46916666666655,20.95,0.4812754546233214,11.403025507681322,28.02660043622438,4,-0.8660254037844386,0.5000000000000001,-0.7907757369376986,-0.6121059825476627,0.8660254037844387,-0.4999999999999998,51.243999,-0.571478,36
2019-04-20 21:00:00,22.602500000000006,43.63516666666666,102.47583333333331,23.983333333333334,0.36781398438906976,9.138709813719498,28.550081581460304,4,-0.7071067811865477,0.7071067811865474,-0.7907757369376986,-0.6121059825476627,0.8660254037844387,-0.4999999999999998,51.243999,-0.571478,36
2019-04-20 22:00:00,19.919333333333334,43.75066666666666,102.4775,27.933333333333334,0.35009803347960333,8.93600664486312,27.377868018435542,4,-0.5000000000000004,0.8660254037844384,-0.7907757369376986,-0.6121059825476627,0.8660254037844387,-0.4999999999999998,51.243999,-0.571478,36
2019-04-20 23:00:00,17.78316666666666,43.693666666666665,102.45266666666667,35.9,0.34830361678109134,9.712893422327163,22.076450907716417,4,-0.25881904510252157,0.9659258262890681,-0.7907757369376986,-0.6121059825476627,0.8660254037844387,-0.4999999999999998,51.243999,-0.571478,36
2019-04-21 00:00:00,15.919833333333337,43.75416666666669,102.40000000000006,44.13333333333333,0.3657580026882075,11.004464259361443,18.5802833025851,4,0.0,1.0,-0.8978045395707417,-0.44039415155763423,0.8660254037844387,-0.4999999999999998,51.243999,-0.571478,36
2019-04-21 01:00:00,14.377333333333333,43.82133333333331,102.32933333333338,52.083333333333336,0.3565478497634641,10.247210388380779,19.61395336076271,4,0.25881904510252074,0.9659258262890683,-0.8978045395707417,-0.44039415155763423,0.8660254037844387,-0.4999999999999998,51.243999,-0.571478,36
2019-04-21 02:00:00,13.059499999999996,43.92416666666667,102.24866666666654,52.416666666666664,0.34157449596110007,11.892057443232035,16.337828228929347,4,0.49999999999999994,0.8660254037844387,-0.8978045395707417,-0.44039415155763423,0.8660254037844387,-0.4999999999999998,51.243999,-0.571478,36
2019-04-21 03:00:00,12.027166666666666,43.98049999999999,102.1901666666666,54.266666666666666,0.31810011662076515,13.723771865859305,14.38265063420671,4,0.7071067811865476,0.7071067811865476,-0.8978045395707417,-0.44039415155763423,0.8660254037844387,-0.4999999999999998,51.243999,-0.571478,36
2019-04-21 04:00:00,11.225833333333332,43.86016666666665,102.12749999999996,45.416666666666664,0.3085584416083563,9.825481381139939,23.81476307968151,4,0.8660254037844386,0.5000000000000001,-0.8978045395707417,-0.44039415155763423,0.8660254037844387,-0.4999999999999998,51.243999,-0.571478,36
2019-04-21 05:00:00,10.428833333333332,43.947333333333354,102.0773333333333,47.4,0.28997270063822966,11.214401349367801,20.46507441555832,4,0.9659258262890683,0.25881904510252074,-0.8978045395707417,-0.44039415155763423,0.8660254037844387,-0.4999999999999998,51.243999,-0.571478,36
2019-04-21 06:00:00,9.915833333333328,44.076833333333305,102.07016666666672,51.333333333333336,0.2948210176534409,12.637014064578675,20.498782103307526,4,1.0,6.123233995736766e-17,-0.8978045395707417,-0.44039415155763423,0.8660254037844387,-0.4999999999999998,51.243999,-0.571478,36
2019-04-21 07:00:00,10.434666666666665,44.62249999999997,102.03050000000013,50.68333333333333,0.3218547401619075,14.375433301868828,21.429197269847677,4,0.9659258262890683,-0.25881904510252063,-0.8978045395707417,-0.44039415155763423,0.8660254037844387,-0.4999999999999998,51.243999,-0.571478,36
2019-04-21 08:00:00,12.763666666666666,45.38083333333332,101.9958333333333,54.63333333333333,0.3362286862923382,16.30211431050318,20.039244408463922,4,0.8660254037844387,-0.4999999999999998,-0.8978045395707417,-0.44039415155763423,0.8660254037844387,-0.4999999999999998,51.243999,-0.571478,36
2019-04-21 09:00:00,16.73283333333333,45.646666666666675,101.94983333333322,58.3,0.3482478140744353,21.412427897595524,20.714080612165063,4,0.7071067811865476,-0.7071067811865475,-0.8978045395707417,-0.44039415155763423,0.8660254037844387,-0.4999999999999998,51.243999,-0.571478,36
2019-04-21 10:00:00,20.518333333333338,44.661666666666676,101.87133333333334,56.733333333333334,0.34346848219501797,28.03398542587159,16.35998584149124,4,0.49999999999999994,-0.8660254037844387,-0.8978045395707417,-0.44039415155763423,0.8660254037844387,-0.4999999999999998,51.243999,-0.571478,36
2019-04-21 11:00:00,25.190666666666672,43.49383333333334,101.7946666666667,47.06666666666667,0.37345815928068493,31.037594939331548,18.80053336260803,4,0.258819045102521,-0.9659258262890682,-0.8978045395707417,-0.44039415155763423,0.8660254037844387,-0.4999999999999998,51.243999,-0.571478,36
2019-04-21 12:00:00,27.61333333333333,41.84583333333333,101.7116666666666,39.05,0.368926162364217,35.079017516579235,13.301851800198445,4,1.2246467991473532e-16,-1.0,-0.8978045395707417,-0.44039415155763423,0.8660254037844387,-0.4999999999999998,51.243999,-0.571478,36
2019-04-21 13:00:00,28.917499999999997,42.05133333333334,101.62433333333338,43.86666666666667,0.349903218711154,36.343987816077885,12.401240283853127,4,-0.2588190451025208,-0.9659258262890683,-0.8978045395707417,-0.44039415155763423,0.8660254037844387,-0.4999999999999998,51.243999,-0.571478,36
2019-04-21 14:00:00,35.425666666666665,40.42133333333332,101.55383333333342,31.166666666666668,0.3119996317990345,45.52034858922389,8.344273017486417,4,-0.4999999999999997,-0.8660254037844388,-0.8978045395707417,-0.44039415155763423,0.8660254037844387,-0.4999999999999998,51.243999,-0.571478,36
2019-04-21 15:00:00,38.929,38.6235,101.47733333333329,32.36666666666667,0.29342462883409964,40.50424896764112,27.80210812730536,4,-0.7071067811865471,-0.7071067811865479,-0.8978045395707417,-0.44039415155763423,0.8660254037844387,-0.4999999999999998,51.243999,-0.571478,36
2019-04-21 16:00:00,40.82949999999999,38.3335,101.40599999999999,29.783333333333335,0.3050422599830449,45.84172533045819,40.21988670337114,4,-0.8660254037844385,-0.5000000000000004,-0.8978045395707417,-0.44039415155763423,0.8660254037844387,-0.4999999999999998,51.243999,-0.571478,36
2019-04-21 17:00:00,40.59699999999998,38.872166666666644,101.33033333333336,30.783333333333335,0.3520785232209292,41.41227315604869,19.499306685672952,4,-0.9659258262890683,-0.25881904510252063,-0.8978045395707417,-0.44039415155763423,0.8660254037844387,-0.4999999999999998,51.243999,-0.571478,36
2019-04-21 18:00:00,37.83066666666668,39.721166666666655,101.26683333333334,32.75,0.3864967922700858,26.567221006403027,19.35928902756668,4,-1.0,-1.8369701987210297e-16,-0.8978045395707417,-0.44039415155763423,0.8660254037844387,-0.4999999999999998,51.243999,-0.571478,36
2019-04-21 19:00:00,31.4755,41.051333333333325,101.26000000000012,29.733333333333334,0.4300118569935123,15.420279323430439,20.191677698288416,4,-0.9659258262890684,0.2588190451025203,-0.8978045395707417,-0.44039415155763423,0.8660254037844387,-0.4999999999999998,51.243999,-0.571478,36
2019-04-21 20:00:00,26.821,41.61966666666667,101.25166666666657,30.516666666666666,0.3740478823777458,10.363581327695776,26.119203301664363,4,-0.8660254037844386,0.5000000000000001,-0.8978045395707417,-0.44039415155763423,0.8660254037844387,-0.4999999999999998,51.243999,-0.571478,36
2019-04-21 21:00:00,23.560499999999998,41.909166666666664,101.22316666666666,30.916666666666668,0.3668726250873008,10.80696956856093,23.836447440832398,4,-0.7071067811865477,0.7071067811865474,-0.8978045395707417,-0.44039415155763423,0.8660254037844387,-0.4999999999999998,51.243999,-0.571478,36
2019-04-21 22:00:00,21.10483333333333,42.032166666666676,101.17366666666663,39.083333333333336,0.3973586773755717,9.16207158060198,26.959226288142318,4,-0.5000000000000004,0.8660254037844384,-0.8978045395707417,-0.44039415155763423,0.8660254037844387,-0.4999999999999998,51.243999,-0.571478,36
2019-04-21 23:00:00,19.12933333333333,42.14283333333335,101.1233333333334,47.016666666666666,0.39058318816134513,9.619042038420993,22.336016298512277,4,-0.25881904510252157,0.9659258262890681,-0.8978045395707417,-0.44039415155763423,0.8660254037844387,-0.4999999999999998,51.243999,-0.571478,36
2019-04-22 00:00:00,17.32483333333333,42.210166666666694,101.05750000000005,44.083333333333336,0.3702414894294587,11.505111913370513,15.357845907898065,4,0.0,1.0,-0.9680771188662041,-0.2506525322587213,0.8660254037844387,-0.4999999999999998,51.243999,-0.571478,36
2019-04-22 01:00:00,15.867666666666667,42.31766666666666,100.95616666666663,42.78333333333333,0.3305439688835593,15.083398768916794,11.890231342974259,4,0.25881904510252074,0.9659258262890683,-0.9680771188662041,-0.2506525322587213,0.8660254037844387,-0.4999999999999998,51.243999,-0.571478,36
2019-04-22 02:00:00,14.53816666666667,42.266666666666666,100.87466666666664,41.15,0.3075338322110505,16.819417438915057,8.878070564878128,4,0.49999999999999994,0.8660254037844387,-0.9680771188662041,-0.2506525322587213,0.8660254037844387,-0.4999999999999998,51.243999,-0.571478,36
2019-04-22 03:00:00,13.338166666666664,42.31449999999998,100.81516666666668,44.15,0.31167592604793976,15.066276103550196,11.56112779486241,4,0.7071067811865476,0.7071067811865476,-0.9680771188662041,-0.2506525322587213,0.8660254037844387,-0.4999999999999998,51.243999,-0.571478,36
2019-04-22 04:00:00,12.451500000000001,42.27766666666665,100.7334999999999,42.416666666666664,0.29847594943798017,14.06183858512074,13.881353093074626,4,0.8660254037844386,0.5000000000000001,-0.9680771188662041,-0.2506525322587213,0.8660254037844387,-0.4999999999999998,51.243999,-0.571478,36
2019-04-22 05:00:00,11.592666666666664,42.38700000000002,100.67049999999992,41.71666666666667,0.29634521492482246,11.665709821568488,22.566487873581387,4,0.9659258262890683,0.25881904510252074,-0.9680771188662041,-0.2506525322587213,0.8660254037844387,-0.4999999999999998,51.243999,-0.571478,36
2019-04-22 06:00:00,11.16283333333333,42.593833333333336,100.62083333333332,45.05,0.2932470530745274,12.887367260100813,20.006239539453016,4,1.0,6.123233995736766e-17,-0.9680771188662041,-0.2506525322587213,0.8660254037844387,-0.4999999999999998,51.243999,-0.571478,36
2019-04-22 07:00:00,11.67116666666666,43.00033333333334,100.5718333333334,62.43333333333333,0.33489078322593674,13.873746223537303,24.60581767993578,4,0.9659258262890683,-0.25881904510252063,-0.9680771188662041,-0.2506525322587213,0.8660254037844387,-0.4999999999999998,51.243999,-0.571478,36
2019-04-22 08:00:00,13.603166666666668,43.27066666666668,100.49999999999984,113.11666666666666,0.3735659932970513,15.21516608219563,16.71816838905208,4,0.8660254037844387,-0.4999999999999998,-0.9680771188662041,-0.2506525322587213,0.8660254037844387,-0.4999999999999998,51.243999,-0.571478,36
2019-04-22 09:00:00,16.538666666666668,43.35816666666665,100.45033333333339,138.43333333333334,0.4419068313193738,18.286675359164438,19.213741146263338,4,0.7071067811865476,-0.7071067811865475,-0.9680771188662041,-0.2506525322587213,0.8660254037844387,-0.4999999999999998,51.243999,-0.571478,36
2019-04-22 10:00:00,19.749166666666667,42.94766666666667,100.37616666666668,126.23333333333333,0.45867175581237013,22.652568200636757,22.730134577486726,4,0.49999999999999994,-0.8660254037844387,-0.9680771188662041,-0.2506525322587213,0.8660254037844387,-0.4999999999999998,51.243999,-0.571478,36
2019-04-22 11:00:00,24.053500000000003,42.523166666666654,100.30250000000001,102.15,0.5225004782329867,26.911937425423012,26.131369132616772,4,0.258819045102521,-0.9659258262890682,-0.9680771188662041,-0.2506525322587213,0.8660254037844387,-0.4999999999999998,51.243999,-0.571478,36
2019-04-22 12:00:00,27.326166666666666,41.21616666666667,100.22516666666657,45.233333333333334,0.4125626800374241,41.117697405767544,15.65828092013557,4,1.2246467991473532e-16,-1.0,-0.9680771188662041,-0.2506525322587213,0.8660254037844387,-0.4999999999999998,51.243999,-0.571478,36
2019-04-22 13:00:00,28.98883333333334,40.842,100.14299999999994,19.816666666666666,0.3224910411752562,48.97136565430062,10.02224044728542,4,-0.2588190451025208,-0.9659258262890683,-0.9680771188662041,-0.2506525322587213,0.8660254037844387,-0.4999999999999998,51.243999,-0.571478,36
2019-04-22 14:00:00,33.106,39.86983333333333,100.0805,20.516666666666666,0.33153944889550696,39.62178170079427,20.174606734084,4,-0.4999999999999997,-0.8660254037844388,-0.9680771188662041,-0.2506525322587213,0.8660254037844387,-0.4999999999999998,51.243999,-0.571478,36
2019-04-22 15:00:00,36.662000000000006,38.76150000000003,100.02800000000003,24.883333333333333,0.32616325270907176,35.27690233245937,32.86335522682611,4,-0.7071067811865471,-0.7071067811865479,-0.9680771188662041,-0.2506525322587213,0.8660254037844387,-0.4999999999999998,51.243999,-0.571478,36
2019-04-22 16:00:00,36.821333333333335,38.48816666666667,99.98933333333325,15.15,0.32917411952420483,35.31318221483749,35.732970927118295,4,-0.8660254037844385,-0.5000000000000004,-0.9680771188662041,-0.2506525322587213,0.8660254037844387,-0.4999999999999998,51.243999,-0.571478,36
2019-04-22 17:00:00,34.044166666666676,39.02366666666667,99.98833333333317,19.233333333333334,0.3706581414910765,22.899794479816865,21.715441208279174,4,-0.9659258262890683,-0.25881904510252063,-0.9680771188662041,-0.2506525322587213,0.8660254037844387,-0.4999999999999998,51.243999,-0.571478,36
2019-04-22 18:00:00,29.422499999999996,40.28366666666668,99.96733333333329,22.15,0.38899790939159545,12.101600154812143,24.574802942033422,4,-1.0,-1.8369701987210297e-16,-0.9680771188662041,-0.2506525322587213,0.8660254037844387,-0.4999999999999998,51.243999,-0.571478,36
2019-04-22 19:00:00,26.669833333333333,40.78783333333333,99.96666666666663,28.783333333333335,0.38844672671208513,9.459095348938368,27.74934291230467,4,-0.9659258262890684,0.2588190451025203,-0.9680771188662041,-0.2506525322587213,0.8660254037844387,-0.4999999999999998,51.243999,-0.571478,36
2019-04-22 20:00:00,24.593166666666672,41.05116666666664,99.96766666666666,26.983333333333334,0.3568118300894751,11.784270680647484,24.547522655560773,4,-0.8660254037844386,0.5000000000000001,-0.9680771188662041,-0.2506525322587213,0.8660254037844387,-0.4999999999999998,51.243999,-0.571478,36
2019-04-22 21:00:00,23.13516666666667,41.29516666666666,99.95466666666658,31.3,0.4055350834134963,11.297934782716586,26.249840297932344,4,-0.7071067811865477,0.7071067811865474,-0.9680771188662041,-0.2506525322587213,0.8660254037844387,-0.4999999999999998,51.243999,-0.571478,36
2019-04-22 22:00:00,22.072000000000003,41.41716666666666,99.91499999999998,27.166666666666668,0.3614754766956132,11.80798482718438,24.255912820808486,4,-0.5000000000000004,0.8660254037844384,-0.9680771188662041,-0.2506525322587213,0.8660254037844387,-0.4999999999999998,51.243999,-0.571478,36
2019-04-22 23:00:00,20.972666666666672,41.48766666666666,99.86216666666675,26.633333333333333,0.3862656952662072,13.51774455966577,21.662620066146175,4,-0.25881904510252157,0.9659258262890681,-0.9680771188662041,-0.2506525322587213,0.8660254037844387,-0.4999999999999998,51.243999,-0.571478,36
2019-04-23 00:00:00,19.546666666666663,41.53216666666667,99.80333333333337,29.483333333333334,0.3783262586696886,12.806041671672677,22.944191548754343,4,0.0,1.0,-0.9987165071710528,-0.05064916883871355,0.8660254037844387,-0.4999999999999998,51.243999,-0.571478,36
2019-04-23 01:00:00,18.10333333333333,41.79316666666664,99.76683333333335,35.15,0.371744030268689,12.79872209485888,21.148884950135052,4,0.25881904510252074,0.9659258262890683,-0.9987165071710528,-0.05064916883871355,0.8660254037844387,-0.4999999999999998,51.243999,-0.571478,36
2019-04-23 02:00:00,16.95716666666666,41.95716666666667,99.69166666666665,40.55,0.3348996879131692,16.724866843685827,13.567038085704608,4,0.49999999999999994,0.8660254037844387,-0.9987165071710528,-0.05064916883871355,0.8660254037844387,-0.4999999999999998,51.243999,-0.571478,36
2019-04-23 03:00:00,15.991666666666658,42.17616666666665,99.64383333333336,38.483333333333334,0.3198185233746666,15.395319542489775,16.857199767609117,4,0.7071067811865476,0.7071067811865476,-0.9987165071710528,-0.05064916883871355,0.8660254037844387,-0.4999999999999998,51.243999,-0.571478,36
2019-04-23 04:00:00,15.490333333333325,42.23966666666666,99.5763333333334,41.61666666666667,0.3176299083944988,15.561761389527549,18.97711676462437,4,0.8660254037844386,0.5000000000000001,-0.9987165071710528,-0.05064916883871355,0.8660254037844387,-0.4999999999999998,51.243999,-0.571478,36
2019-04-23 05:00:00,15.024499999999998,42.35349999999997,99.5310000000001,47.8,0.3265409278488631,15.379150005792573,22.379797200030783,4,0.9659258262890683,0.25881904510252074,-0.9987165071710528,-0.05064916883871355,0.8660254037844387,-0.4999999999999998,51.243999,-0.571478,36
2019-04-23 06:00:00,14.746833333333333,42.561499999999995,99.53316666666676,61.55,0.3894302406868106,22.919312143105365,24.616823084679734,4,1.0,6.123233995736766e-17,-0.9987165071710528,-0.05064916883871355,0.8660254037844387,-0.4999999999999998,51.243999,-0.571478,36
2019-04-23 07:00:00,15.443000000000005,42.951499999999996,99.51033333333345,82.38333333333334,0.4855491632295387,23.041405510591478,28.80400730986477,4,0.9659258262890683,-0.25881904510252063,-0.9987165071710528,-0.05064916883871355,0.8660254037844387,-0.4999999999999998,51.243999,-0.571478,36
2019-04-23 08:00:00,16.7965,42.89516666666663,99.50716666666676,90.16666666666667,0.5509677622649465,25.057619036507734,32.08993116443678,4,0.8660254037844387,-0.4999999999999998,-0.9987165071710528,-0.05064916883871355,0.8660254037844387,-0.4999999999999998,51.243999,-0.571478,36
2019-04-23 09:00:00,18.805333333333337,42.9296666666667,99.49649999999997,91.76666666666667,0.43120136024615546,19.824520676740757,27.95959127609528,4,0.7071067811865476,-0.7071067811865475,-0.9987165071710528,-0.05064916883871355,0.8660254037844387,-0.4999999999999998,51.243999,-0.571478,36
2019-04-23 10:00:00,21.1525,42.62566666666666,99.4735,72.95,0.4174097049999779,22.805804205569334,26.637538392680323,4,0.49999999999999994,-0.8660254037844387,-0.9987165071710528,-0.05064916883871355,0.8660254037844387,-0.4999999999999998,51.243999,-0.571478,36
2019-04-23 11:00:00,24.011333333333333,42.38616666666665,99.45549999999994,63.15,0.466637277904428,26.699306678646938,30.01979616482333,4,0.258819045102521,-0.9659258262890682,-0.9987165071710528,-0.05064916883871355,0.8660254037844387,-0.4999999999999998,51.243999,-0.571478,36
2019-04-23 12:00:00,26.275833333333328,41.88666666666665,99.40000000000003,51.21666666666667,0.5113758350134632,31.51119774532716,28.450745131369693,4,1.2246467991473532e-16,-1.0,-0.9987165071710528,-0.05064916883871355,0.8660254037844387,-0.4999999999999998,51.243999,-0.571478,36
2019-04-23 13:00:00,27.95016666666667,41.61866666666667,99.3723333333334,39.71666666666667,0.47088608248667985,29.938157419706293,33.89582065839586,4,-0.2588190451025208,-0.9659258262890683,-0.9987165071710528,-0.05064916883871355,0.8660254037844387,-0.4999999999999998,51.243999,-0.571478,36
2019-04-23 14:00:00,29.447333333333333,41.336166666666664,99.33816666666668,17.75,0.48724941140555467,37.51341701980907,23.61385325745387,4,-0.4999999999999997,-0.8660254037844388,-0.9987165071710528,-0.05064916883871355,0.8660254037844387,-0.4999999999999998,51.243999,-0.571478,36
2019-04-23 15:00:00,29.27666666666666,41.08050000000001,99.31550000000011,13.483333333333333,0.4767152013300477,34.083992640005576,21.09639342874739,4,-0.7071067811865471,-0.7071067811865479,-0.9987165071710528,-0.05064916883871355,0.8660254037844387,-0.4999999999999998,51.243999,-0.571478,36
2019-04-23 16:00:00,27.843166666666658,41.27149999999999,99.29733333333328,12.133333333333333,0.4701846433952236,22.352414865183675,19.8854504756819,4,-0.8660254037844385,-0.5000000000000004,-0.9987165071710528,-0.05064916883871355,0.8660254037844387,-0.4999999999999998,51.243999,-0.571478,36
2019-04-23 17:00:00,26.543000000000006,41.53166666666667,99.28983333333329,28.616666666666667,0.4570003983993745,17.6811639727283,27.33354806971713,4,-0.9659258262890683,-0.25881904510252063,-0.9987165071710528,-0.05064916883871355,0.8660254037844387,-0.4999999999999998,51.243999,-0.571478,36
2019-04-23 18:00:00,25.614833333333323,41.403833333333324,99.29183333333337,21.416666666666668,0.4215823948765927,14.52801373600181,26.45510024082865,4,-1.0,-1.8369701987210297e-16,-0.9987165071710528,-0.05064916883871355,0.8660254037844387,-0.4999999999999998,51.243999,-0.571478,36
2019-04-23 19:00:00,23.716166666666666,41.481166666666674,99.31033333333342,20.566666666666666,0.3891392145558529,15.05555754779206,22.302922957688057,4,-0.9659258262890684,0.2588190451025203,-0.9987165071710528,-0.05064916883871355,0.8660254037844387,-0.4999999999999998,51.243999,-0.571478,36
2019-04-23 20:00:00,21.708666666666662,41.851500000000016,99.29666666666665,23.116666666666667,0.3853172587751085,9.736247150614643,27.72113574412704,4,-0.8660254037844386,0.5000000000000001,-0.9987165071710528,-0.05064916883871355,0.8660254037844387,-0.4999999999999998,51.243999,-0.571478,36
2019-04-23 21:00:00,20.124166666666667,42.21933333333334,99.28266666666667,27.616666666666667,0.38563925924949827,12.298442756464961,24.710400405584448,4,-0.7071067811865477,0.7071067811865474,-0.9987165071710528,-0.05064916883871355,0.8660254037844387,-0.4999999999999998,51.243999,-0.571478,36
2019-04-23 22:00:00,19.09716666666667,42.420833333333334,99.24699999999987,32.6,0.35324701606774994,11.212615219020567,25.846743751561874,4,-0.5000000000000004,0.8660254037844384,-0.9987165071710528,-0.05064916883871355,0.8660254037844387,-0.4999999999999998,51.243999,-0.571478,36
2019-04-23 23:00:00,18.27266666666667,42.48950000000001,99.2193333333333,38.96666666666667,0.3549874517374517,11.24555056125517,25.16904692232037,4,-0.25881904510252157,0.9659258262890681,-0.9987165071710528,-0.05064916883871355,0.8660254037844387,-0.4999999999999998,51.243999,-0.571478,36
2019-04-24 00:00:00,17.573166666666665,42.57966666666665,99.18249999999996,39.833333333333336,0.35165787278014243,9.350543309321251,29.645354012985536,4,0.0,1.0,-0.9884683243281114,0.15142777750457667,0.8660254037844387,-0.4999999999999998,51.243999,-0.571478,36
2019-04-24 01:00:00,17.15666666666667,42.78949999999999,99.13099999999999,41.9,0.33835433407566506,11.158532568630715,27.38443203265525,4,0.25881904510252074,0.9659258262890683,-0.9884683243281114,0.15142777750457667,0.8660254037844387,-0.4999999999999998,51.243999,-0.571478,36
2019-04-24 02:00:00,16.897833333333335,42.86199999999997,99.11050000000003,45.1,0.3389252001879987,12.494536553295871,25.524250948363353,4,0.49999999999999994,0.8660254037844387,-0.9884683243281114,0.15142777750457667,0.8660254037844387,-0.4999999999999998,51.243999,-0.571478,36
2019-04-24 03:00:00,16.677333333333326,42.95883333333335,99.05649999999999,42.666666666666664,0.3297032150873448,12.446736800069313,28.216666146236836,4,0.7071067811865476,0.7071067811865476,-0.9884683243281114,0.15142777750457667,0.8660254037844387,-0.4999999999999998,51.243999,-0.571478,36
2019-04-24 04:00:00,16.415499999999998,42.92899999999998,99.01750000000003,46.583333333333336,0.3252309552360746,13.980231774259071,27.090175459228483,4,0.8660254037844386,0.5000000000000001,-0.9884683243281114,0.15142777750457667,0.8660254037844387,-0.4999999999999998,51.243999,-0.571478,36
2019-04-24 05:00:00,16.06083333333333,43.26549999999999,99.001,65.86666666666666,0.3303342664092662,14.674140758332834,20.28197839083806,4,0.9659258262890683,0.25881904510252074,-0.9884683243281114,0.15142777750457667,0.8660254037844387,-0.4999999999999998,51.243999,-0.571478,36
2019-04-24 06:00:00,16.25066666666667,43.53733333333332,98.98899999999989,68.96666666666667,0.3558809468903327,13.142457984940847,26.801801599910355,4,1.0,6.123233995736766e-17,-0.9884683243281114,0.15142777750457667,0.8660254037844387,-0.4999999999999998,51.243999,-0.571478,36
2019-04-24 07:00:00,17.00316666666667,43.772,98.9708333333333,69.36666666666666,0.5008442206833844,21.988575925054718,35.170569373029444,4,0.9659258262890683,-0.25881904510252063,-0.9884683243281114,0.15142777750457667,0.8660254037844387,-0.4999999999999998,51.243999,-0.571478,36
2019-04-24 08:00:00,18.676000000000002,43.80949999999999,98.92916666666663,59.833333333333336,0.4951995918273219,24.663510920946983,38.71566409920612,4,0.8660254037844387,-0.4999999999999998,-0.9884683243281114,0.15142777750457667,0.8660254037844387,-0.4999999999999998,51.243999,-0.571478,36
2019-04-24 09:00:00,20.37566666666667,43.7845,98.92366666666672,31.783333333333335,0.34875137122739513,19.471395241278124,24.719080031640623,4,0.7071067811865476,-0.7071067811865475,-0.9884683243281114,0.15142777750457667,0.8660254037844387,-0.4999999999999998,51.243999,-0.571478,36
2019-04-24 10:00:00,21.951666666666664,43.63650000000002,98.90366666666665,26.666666666666668,0.31758035642907656,24.314720292833318,20.305181016305358,4,0.49999999999999994,-0.8660254037844387,-0.9884683243281114,0.15142777750457667,0.8660254037844387,-0.4999999999999998,51.243999,-0.571478,36
2019-04-24 11:00:00,21.492666666666665,43.771166666666666,98.92283333333334,27.25,0.33594520295527114,16.963230561378865,20.11849216275962,4,0.258819045102521,-0.9659258262890682,-0.9884683243281114,0.15142777750457667,0.8660254037844387,-0.4999999999999998,51.243999,-0.571478,36
2019-04-24 12:00:00,20.38833333333333,44.52183333333335,98.94966666666663,36.68333333333333,0.32199563210211674,17.287998625829864,22.292080163218294,4,1.2246467991473532e-16,-1.0,-0.9884683243281114,0.15142777750457667,0.8660254037844387,-0.4999999999999998,51.243999,-0.571478,36
2019-04-24 13:00:00,20.081333333333326,44.95400000000002,99.02516666666672,31.516666666666666,0.32022567710323696,19.128118661088973,20.17227464634291,4,-0.2588190451025208,-0.9659258262890683,-0.9884683243281114,0.15142777750457667,0.8660254037844387,-0.4999999999999998,51.243999,-0.571478,36
2019-04-24 14:00:00,20.468666666666667,44.86833333333332,99.13199999999999,4.133333333333334,0.2979155710683868,25.706805655858226,12.985698774573056,4,-0.4999999999999997,-0.8660254037844388,-0.9884683243281114,0.15142777750457667,0.8660254037844387,-0.4999999999999998,51.243999,-0.571478,36
2019-04-24 15:00:00,20.987499999999994,44.26700000000002,99.21649999999997,1.25,0.2571422653638523,28.638778638352964,14.57500007766958,4,-0.7071067811865471,-0.7071067811865479,-0.9884683243281114,0.15142777750457667,0.8660254037844387,-0.4999999999999998,51.243999,-0.571478,36
2019-04-24 16:00:00,20.50666666666667,43.954166666666666,99.27883333333334,1.8,0.2687325247846578,24.674415208901145,18.538047904707625,4,-0.8660254037844385,-0.5000000000000004,-0.9884683243281114,0.15142777750457667,0.8660254037844387,-0.4999999999999998,51.243999,-0.571478,36
2019-04-24 17:00:00,20.945833333333336,44.05966666666666,99.33633333333336,2.4,0.28432437022590595,20.19755895150871,25.352697837546597,4,-0.9659258262890683,-0.25881904510252063,-0.9884683243281114,0.15142777750457667,0.8660254037844387,-0.4999999999999998,51.243999,-0.571478,36
2019-04-24 18:00:00,22.094666666666665,42.86749999999998,99.39333333333335,1.95,0.24562485559669855,23.90928068803945,16.553501188309788,4,-1.0,-1.8369701987210297e-16,-0.9884683243281114,0.15142777750457667,0.8660254037844387,-0.4999999999999998,51.243999,-0.571478,36
2019-04-24 19:00:00,19.408166666666666,43.44299999999999,99.4074999999999,2.6,0.2365337053777326,15.730614982298464,16.589509603366988,4,-0.9659258262890684,0.2588190451025203,-0.9884683243281114,0.15142777750457667,0.8660254037844387,-0.4999999999999998,51.243999,-0.571478,36
2019-04-24 20:00:00,17.3365,44.17516666666666,99.4301666666667,3.3,0.22734806071307775,15.43428015484205,13.334061522633572,4,-0.8660254037844386,0.5000000000000001,-0.9884683243281114,0.15142777750457667,0.8660254037844387,-0.4999999999999998,51.243999,-0.571478,36
2019-04-24 21:00:00,16.113500000000002,44.58533333333332,99.49966666666667,3.1,0.22988172941347004,14.412552418742532,15.151252849067408,4,-0.7071067811865477,0.7071067811865474,-0.9884683243281114,0.15142777750457667,0.8660254037844387,-0.4999999999999998,51.243999,-0.571478,36
2019-04-24 22:00:00,14.873500000000007,44.774999999999984,99.49283333333334,1.95,0.19956394661360521,14.743872946117973,10.23822377077671,4,-0.5000000000000004,0.8660254037844384,-0.9884683243281114,0.15142777750457667,0.8660254037844387,-0.4999999999999998,51.243999,-0.571478,36
2019-04-24 23:00:00,14.01766666666666,45.06233333333334,99.45499999999996,1.4333333333333333,0.18578866318780995,16.19030409895046,8.346883524881148,4,-0.25881904510252157,0.9659258262890681,-0.9884683243281114,0.15142777750457667,0.8660254037844387,-0.4999999999999998,51.243999,-0.571478,36
2019-04-25 00:00:00,13.966999999999993,45.2115,99.43883333333328,2.8333333333333335,0.18213412716714758,12.910946695680705,8.901451759094506,4,0.0,1.0,-0.9377521321470804,0.3473052528448203,0.8660254037844387,-0.4999999999999998,51.243999,-0.571478,36
2019-04-25 01:00:00,13.956333333333337,45.71850000000001,99.39416666666669,6.583333333333333,0.18151041493712133,11.247983683924076,14.237845108664153,4,0.25881904510252074,0.9659258262890683,-0.9377521321470804,0.3473052528448203,0.8660254037844387,-0.4999999999999998,51.243999,-0.571478,36
2019-04-25 02:00:00,14.402166666666666,46.11866666666666,99.33333333333336,7.7,0.1797351811465292,12.267871380810574,15.376518217538928,4,0.49999999999999994,0.8660254037844387,-0.9377521321470804,0.3473052528448203,0.8660254037844387,-0.4999999999999998,51.243999,-0.571478,36
2019-04-25 03:00:00,14.7165,46.2221666666667,99.26733333333343,4.266666666666667,0.1813741848625808,13.711932268120512,15.253048377410897,4,0.7071067811865476,0.7071067811865476,-0.9377521321470804,0.3473052528448203,0.8660254037844387,-0.4999999999999998,51.243999,-0.571478,36
2019-04-25 04:00:00,14.934499999999998,46.339333333333315,99.24399999999994,5.4,0.17908474903474897,15.279123605810147,16.018844505316107,4,0.8660254037844386,0.5000000000000001,-0.9377521321470804,0.3473052528448203,0.8660254037844387,-0.4999999999999998,51.243999,-0.571478,36
2019-04-25 05:00:00,15.191999999999997,46.539166666666674,99.24433333333333,6.133333333333334,0.1795800591669191,15.291843730744274,15.819842468517399,4,0.9659258262890683,0.25881904510252074,-0.9377521321470804,0.3473052528448203,0.8660254037844387,-0.4999999999999998,51.243999,-0.571478,36
2019-04-25 06:00:00,15.435833333333337,46.660666666666685,99.28283333333343,5.033333333333333,0.19298134572895664,15.673856655271058,18.42268872115333,4,1.0,6.123233995736766e-17,-0.9377521321470804,0.3473052528448203,0.8660254037844387,-0.4999999999999998,51.243999,-0.571478,36
2019-04-25 07:00:00,15.93966666666667,46.79933333333333,99.33566666666667,3.1333333333333333,0.20499588730612608,16.75775088325828,20.69579891917996,4,0.9659258262890683,-0.25881904510252063,-0.9377521321470804,0.3473052528448203,0.8660254037844387,-0.4999999999999998,51.243999,-0.571478,36
2019-04-25 08:00:00,16.74816666666667,46.791166666666676,99.40083333333334,2.466666666666667,0.2020348867394943,20.75040312022522,20.402654144840895,4,0.8660254037844387,-0.4999999999999998,-0.9377521321470804,0.3473052528448203,0.8660254037844387,-0.4999999999999998,51.243999,-0.571478,36
2019-04-25 09:00:00,17.537333333333336,46.49933333333332,99.46799999999988,1.9166666666666667,0.19054028577578067,17.903144459250754,20.92983435070079,4,0.7071067811865476,-0.7071067811865475,-0.9377521321470804,0.3473052528448203,0.8660254037844387,-0.4999999999999998,51.243999,-0.571478,36
2019-04-25 10:00:00,18.153166666666657,46.55316666666668,99.51216666666674,2.4833333333333334,0.1898375953720664,22.690083689594598,20.758143404116034,4,0.49999999999999994,-0.8660254037844387,-0.9377521321470804,0.3473052528448203,0.8660254037844387,-0.4999999999999998,51.243999,-0.571478,36
2019-04-25 11:00:00,19.031333333333333,46.34799999999999,99.55216666666671,1.25,0.17818858247569835,23.477231803337123,18.642728308358862,4,0.258819045102521,-0.9659258262890682,-0.9377521321470804,0.3473052528448203,0.8660254037844387,-0.4999999999999998,51.243999,-0.571478,36
2019-04-25 12:00:00,20.37649999999999,45.883499999999984,99.57016666666665,1.2,0.18179992785325544,27.43907493039814,19.68420215210064,4,1.2246467991473532e-16,-1.0,-0.9377521321470804,0.3473052528448203,0.8660254037844387,-0.4999999999999998,51.243999,-0.571478,36
2019-04-25 13:00:00,21.074333333333332,45.30466666666666,99.63000000000005,1.7166666666666666,0.18966453597673733,24.748111170121078,21.414759633498935,4,-0.2588190451025208,-0.9659258262890683,-0.9377521321470804,0.3473052528448203,0.8660254037844387,-0.4999999999999998,51.243999,-0.571478,36
2019-04-25 14:00:00,22.470666666666663,44.85799999999999,99.70333333333332,2.3666666666666667,0.19262271963577413,24.21284307852363,24.144520936248863,4,-0.4999999999999997,-0.8660254037844388,-0.9377521321470804,0.3473052528448203,0.8660254037844387,-0.4999999999999998,51.243999,-0.571478,36
2019-04-25 15:00:00,23.633666666666667,44.308666666666674,99.76866666666668,1.2333333333333334,0.1990609772864039,22.951251683881633,25.856280166604652,4,-0.7071067811865471,-0.7071067811865479,-0.9377521321470804,0.3473052528448203,0.8660254037844387,-0.4999999999999998,51.243999,-0.571478,36
2019-04-25 16:00:00,24.42466666666667,44.05850000000001,99.82,1.15,0.21538223301312034,22.737204083959544,32.30620246173414,4,-0.8660254037844385,-0.5000000000000004,-0.9377521321470804,0.3473052528448203,0.8660254037844387,-0.4999999999999998,51.243999,-0.571478,36
2019-04-25 17:00:00,26.205833333333327,43.38800000000002,99.90299999999999,1.6666666666666667,0.21496300266624496,22.611416181833143,29.016430490244616,4,-0.9659258262890683,-0.25881904510252063,-0.9377521321470804,0.3473052528448203,0.8660254037844387,-0.4999999999999998,51.243999,-0.571478,36
2019-04-25 18:00:00,25.888499999999997,43.28249999999999,99.96733333333327,1.5833333333333333,0.21920106342324777,18.469954025637595,31.37983074708279,4,-1.0,-1.8369701987210297e-16,-0.9377521321470804,0.3473052528448203,0.8660254037844387,-0.4999999999999998,51.243999,-0.571478,36
2019-04-25 19:00:00,22.519333333333336,44.00216666666666,100.0303333333334,1.9666666666666666,0.2430885445904217,11.138051769752678,27.038114143974678,4,-0.9659258262890684,0.2588190451025203,-0.9377521321470804,0.3473052528448203,0.8660254037844387,-0.4999999999999998,51.243999,-0.571478,36
2019-04-25 20:00:00,19.149499999999993,44.94916666666666,100.08383333333333,2.5,0.23460220305629859,8.518759130017171,23.93951474730407,4,-0.8660254037844386,0.5000000000000001,-0.9377521321470804,0.3473052528448203,0.8660254037844387,-0.4999999999999998,51.243999,-0.571478,36
2019-04-25 21:00:00,17.202333333333332,45.44166666666667,100.1885,1.6,0.21186747148172058,8.387918065316924,21.146723211692038,4,-0.7071067811865477,0.7071067811865474,-0.9377521321470804,0.3473052528448203,0.8660254037844387,-0.4999999999999998,51.243999,-0.571478,36
2019-04-25 22:00:00,15.918166666666666,45.64400000000001,100.2636666666667,1.6833333333333333,0.2002415001910736,8.927815891449484,17.095691426677654,4,-0.5000000000000004,0.8660254037844384,-0.9377521321470804,0.3473052528448203,0.8660254037844387,-0.4999999999999998,51.243999,-0.571478,36
2019-04-25 23:00:00,14.972333333333337,45.951666666666675,100.30916666666661,2.6,0.1921726837271206,9.215616998395241,17.31538600726329,4,-0.25881904510252157,0.9659258262890681,-0.9377521321470804,0.3473052528448203,0.8660254037844387,-0.4999999999999998,51.243999,-0.571478,36
2019-04-26 00:00:00,14.308833333333334,45.998333333333335,100.33333333333336,3.3666666666666667,0.184861650326582,11.439437773319804,17.998752438792213,4,0.0,1.0,-0.8486442574947509,0.5289640103269624,0.8660254037844387,-0.4999999999999998,51.243999,-0.571478,36
2019-04-26 01:00:00,13.681833333333337,46.0978333333333,100.34533333333334,4.216666666666667,0.17361038594664865,13.594296647391966,15.903404996097537,4,0.25881904510252074,0.9659258262890683,-0.8486442574947509,0.5289640103269624,0.8660254037844387,-0.4999999999999998,51.243999,-0.571478,36
2019-04-26 02:00:00,13.232666666666665,46.175666666666665,100.37216666666664,5.483333333333333,0.17043290835935881,13.999824532093186,16.99209095517527,4,0.49999999999999994,0.8660254037844387,-0.8486442574947509,0.5289640103269624,0.8660254037844387,-0.4999999999999998,51.243999,-0.571478,36
2019-04-26 03:00:00,12.824833333333336,46.1721666666667,100.39283333333331,6.85,0.1824944992774344,15.594691964515963,18.092064918506473,4,0.7071067811865476,0.7071067811865476,-0.8486442574947509,0.5289640103269624,0.8660254037844387,-0.4999999999999998,51.243999,-0.571478,36
2019-04-26 04:00:00,12.447833333333337,46.0958333333333,100.45099999999994,5.616666666666666,0.1646795084577507,15.396213265312825,19.221918508663716,4,0.8660254037844386,0.5000000000000001,-0.8486442574947509,0.5289640103269624,0.8660254037844387,-0.4999999999999998,51.243999,-0.571478,36
2019-04-26 05:00:00,12.21249999999999,46.26466666666666,100.5175,4.666666666666667,0.16477904889287134,16.944984512232203,15.797593831038396,4,0.9659258262890683,0.25881904510252074,-0.8486442574947509,0.5289640103269624,0.8660254037844387,-0.4999999999999998,51.243999,-0.571478,36
2019-04-26 06:00:00,12.269833333333336,46.433500000000016,100.56099999999999,6.6,0.1932063549531979,16.15288075643181,21.634050115646705,4,1.0,6.123233995736766e-17,-0.8486442574947509,0.5289640103269624,0.8660254037844387,-0.4999999999999998,51.243999,-0.571478,36
2019-04-26 07:00:00,12.959166666666667,46.70466666666668,100.62700000000002,8.316666666666666,0.2321198847189462,15.474069017343266,26.929825697618014,4,0.9659258262890683,-0.25881904510252063,-0.8486442574947509,0.5289640103269624,0.8660254037844387,-0.4999999999999998,51.243999,-0.571478,36
2019-04-26 08:00:00,14.914166666666665,47.02116666666668,100.65850000000005,5.483333333333333,0.2217788423357535,17.357053471524605,25.294946891338068,4,0.8660254037844387,-0.4999999999999998,-0.8486442574947509,0.5289640103269624,0.8660254037844387,-0.4999999999999998,51.243999,-0.571478,36
2019-04-26 09:00:00,17.076333333333334,46.69883333333332,100.69550000000004,1.55,0.19348079392166426,24.179132125296793,21.684324391354664,4,0.7071067811865476,-0.7071067811865475,-0.8486442574947509,0.5289640103269624,0.8660254037844387,-0.4999999999999998,51.243999,-0.571478,36
2019-04-26 10:00:00,18.18283333333333,46.368,100.72566666666651,1.25,0.1971024815405361,21.54208086912397,20.906220420447923,4,0.49999999999999994,-0.8660254037844387,-0.8486442574947509,0.5289640103269624,0.8660254037844387,-0.4999999999999998,51.243999,-0.571478,36
2019-04-26 11:00:00,19.4465,46.12766666666664,100.74766666666665,1.9,0.19572293596619528,24.82136350611163,21.01802546812277,4,0.258819045102521,-0.9659258262890682,-0.8486442574947509,0.5289640103269624,0.8660254037844387,-0.4999999999999998,51.243999,-0.571478,36
2019-04-26 12:00:00,20.528500000000005,46.02550000000001,100.74283333333322,1.5166666666666666,0.20769071338525252,26.473697193073512,22.454817491898037,4,1.2246467991473532e-16,-1.0,-0.8486442574947509,0.5289640103269624,0.8660254037844387,-0.4999999999999998,51.243999,-0.571478,36
2019-04-26 13:00:00,21.51933333333333,45.58750000000002,100.73283333333326,2.3,0.19799695446299542,25.579150338216767,21.989241018597912,4,-0.2588190451025208,-0.9659258262890683,-0.8486442574947509,0.5289640103269624,0.8660254037844387,-0.4999999999999998,51.243999,-0.571478,36
2019-04-26 14:00:00,22.297166666666666,45.12116666666667,100.76566666666666,1.65,0.20047388924760934,23.004696329740813,24.270996234280343,4,-0.4999999999999997,-0.8660254037844388,-0.8486442574947509,0.5289640103269624,0.8660254037844387,-0.4999999999999998,51.243999,-0.571478,36
2019-04-26 15:00:00,21.394500000000004,45.42200000000001,100.78216666666678,1.6166666666666667,0.2220667314559806,12.544843898929802,26.61994309817759,4,-0.7071067811865471,-0.7071067811865479,-0.8486442574947509,0.5289640103269624,0.8660254037844387,-0.4999999999999998,51.243999,-0.571478,36
2019-04-26 16:00:00,20.30049999999999,45.94500000000001,100.79133333333337,1.6,0.29036772536798144,17.079006251906538,29.681752328800478,4,-0.8660254037844385,-0.5000000000000004,-0.8486442574947509,0.5289640103269624,0.8660254037844387,-0.4999999999999998,51.243999,-0.571478,36
2019-04-26 17:00:00,21.2035,46.14633333333333,100.77766666666676,3.183333333333333,0.2616376832219835,19.624100492062833,30.91924174236572,4,-0.9659258262890683,-0.25881904510252063,-0.8486442574947509,0.5289640103269624,0.8660254037844387,-0.4999999999999998,51.243999,-0.571478,36
2019-04-26 18:00:00,22.265333333333327,44.72516666666666,100.78500000000008,0.65,0.22131063038904325,26.092019596735305,22.380620716283012,4,-1.0,-1.8369701987210297e-16,-0.8486442574947509,0.5289640103269624,0.8660254037844387,-0.4999999999999998,51.243999,-0.571478,36
2019-04-26 19:00:00,19.304166666666664,44.75666666666668,100.81183333333335,2.966666666666667,0.22302065044078692,16.34141743920291,20.0972894874442,4,-0.9659258262890684,0.2588190451025203,-0.8486442574947509,0.5289640103269624,0.8660254037844387,-0.4999999999999998,51.243999,-0.571478,36
2019-04-26 20:00:00,17.381666666666668,45.395833333333364,100.81233333333333,2.9166666666666665,0.2121580785685735,12.464161329171008,19.96536378308845,4,-0.8660254037844386,0.5000000000000001,-0.8486442574947509,0.5289640103269624,0.8660254037844387,-0.4999999999999998,51.243999,-0.571478,36
2019-04-26 21:00:00,16.171499999999995,45.807166666666646,100.76733333333335,2.8833333333333333,0.19357947298834663,11.489592095319008,14.882951268949025,4,-0.7071067811865477,0.7071067811865474,-0.8486442574947509,0.5289640103269624,0.8660254037844387,-0.4999999999999998,51.243999,-0.571478,36
2019-04-26 22:00:00,15.393166666666671,46.20233333333337,100.67499999999994,1.2666666666666666,0.19242147952438052,9.671302219368496,11.687182033948995,4,-0.5000000000000004,0.8660254037844384,-0.8486442574947509,0.5289640103269624,0.8660254037844387,-0.4999999999999998,51.243999,-0.571478,36
2019-04-26 23:00:00,14.8055,46.66683333333332,100.55466666666669,0.5833333333333334,0.18581467884266517,10.204936181098066,7.643183154494532,4,-0.25881904510252157,0.9659258262890681,-0.8486442574947509,0.5289640103269624,0.8660254037844387,-0.4999999999999998,51.243999,-0.571478,36
2019-04-27 00:00:00,14.204666666666665,47.26183333333334,100.51516666666676,0.5166666666666667,0.17515692641690941,10.3908748706971,9.691685697828994,4,0.0,1.0,-0.72479278722912,0.6889669190756865,0.8660254037844387,-0.4999999999999998,51.243999,-0.571478,36
2019-04-27 01:00:00,13.562333333333331,47.48150000000001,100.48783333333331,2.933333333333333,0.1640922588849209,12.133931652831045,9.523988484124128,4,0.25881904510252074,0.9659258262890683,-0.72479278722912,0.6889669190756865,0.8660254037844387,-0.4999999999999998,51.243999,-0.571478,36
2019-04-27 02:00:00,12.985833333333334,47.535333333333355,100.46433333333324,2.25,0.1526227656471684,14.20733310839341,11.766954744964524,4,0.49999999999999994,0.8660254037844387,-0.72479278722912,0.6889669190756865,0.8660254037844387,-0.4999999999999998,51.243999,-0.571478,36
2019-04-27 03:00:00,12.399666666666668,47.47883333333333,100.4318333333333,0.8333333333333334,0.14587852431905327,16.140147849754673,12.334793098142303,4,0.7071067811865476,0.7071067811865476,-0.72479278722912,0.6889669190756865,0.8660254037844387,-0.4999999999999998,51.243999,-0.571478,36
2019-04-27 04:00:00,12.062333333333333,47.42900000000001,100.38283333333338,0.55,0.14312097548548053,15.691522403176332,13.982747860721462,4,0.8660254037844386,0.5000000000000001,-0.72479278722912,0.6889669190756865,0.8660254037844387,-0.4999999999999998,51.243999,-0.571478,36
2019-04-27 05:00:00,11.94766666666667,47.46916666666669,100.38883333333332,0.7166666666666667,0.14001711579936832,16.317715325259215,13.13916647213249,4,0.9659258262890683,0.25881904510252074,-0.72479278722912,0.6889669190756865,0.8660254037844387,-0.4999999999999998,51.243999,-0.571478,36
2019-04-27 06:00:00,12.167499999999999,47.51316666666667,100.41766666666658,0.43333333333333335,0.14132502229191646,15.544020177447589,13.71838649125247,4,1.0,6.123233995736766e-17,-0.72479278722912,0.6889669190756865,0.8660254037844387,-0.4999999999999998,51.243999,-0.571478,36
2019-04-27 07:00:00,12.341500000000002,47.57699999999999,100.48700000000001,0.8166666666666667,0.15024856650897597,16.40446197097267,13.824005735727004,4,0.9659258262890683,-0.25881904510252063,-0.72479278722912,0.6889669190756865,0.8660254037844387,-0.4999999999999998,51.243999,-0.571478,36
2019-04-27 08:00:00,12.841999999999997,47.84233333333332,100.52600000000005,1.1333333333333333,0.15937236142773678,15.460622413096324,15.96898502049124,4,0.8660254037844387,-0.4999999999999998,-0.72479278722912,0.6889669190756865,0.8660254037844387,-0.4999999999999998,51.243999,-0.571478,36
2019-04-27 09:00:00,13.913666666666666,47.70333333333335,100.58233333333331,1.8666666666666667,0.17233670138934645,19.92867649128418,16.031073151121277,4,0.7071067811865476,-0.7071067811865475,-0.72479278722912,0.6889669190756865,0.8660254037844387,-0.4999999999999998,51.243999,-0.571478,36
2019-04-27 10:00:00,14.917333333333334,47.130500000000005,100.66283333333331,1.3666666666666667,0.15817985502567414,21.3852087139507,17.06361475529243,4,0.49999999999999994,-0.8660254037844387,-0.72479278722912,0.6889669190756865,0.8660254037844387,-0.4999999999999998,51.243999,-0.571478,36
2019-04-27 11:00:00,16.115,46.58133333333335,100.72966666666662,1.2,0.16201084935496204,22.691934755341833,18.95565504766702,4,0.258819045102521,-0.9659258262890682,-0.72479278722912,0.6889669190756865,0.8660254037844387,-0.4999999999999998,51.243999,-0.571478,36
2019-04-27 12:00:00,17.374666666666666,45.985333333333315,100.78383333333342,1.3833333333333333,0.16949909185148088,24.342030169198402,22.314754130271577,4,1.2246467991473532e-16,-1.0,-0.72479278722912,0.6889669190756865,0.8660254037844387,-0.4999999999999998,51.243999,-0.571478,36
2019-04-27 13:00:00,18.695166666666662,45.22849999999998,100.84100000000007,1.3166666666666667,0.1631029481334089,21.031697416458872,26.42556244091054,4,-0.2588190451025208,-0.9659258262890683,-0.72479278722912,0.6889669190756865,0.8660254037844387,-0.4999999999999998,51.243999,-0.571478,36
2019-04-27 14:00:00,19.416,44.41466666666666,100.89249999999998,1.2833333333333334,0.17663596586591462,20.00103126622744,26.970354281029973,4,-0.4999999999999997,-0.8660254037844388,-0.72479278722912,0.6889669190756865,0.8660254037844387,-0.4999999999999998,51.243999,-0.571478,36
2019-04-27 15:00:00,18.603666666666662,44.12683333333334,100.92733333333321,1.25,0.17238369834973935,17.800134294222833,24.49508946844003,4,-0.7071067811865471,-0.7071067811865479,-0.72479278722912,0.6889669190756865,0.8660254037844387,-0.4999999999999998,51.243999,-0.571478,36
2019-04-27 16:00:00,18.403999999999986,44.21116666666668,100.9838333333333,1.4666666666666666,0.17692161426419112,14.063478371120983,26.897709953501526,4,-0.8660254037844385,-0.5000000000000004,-0.72479278722912,0.6889669190756865,0.8660254037844387,-0.4999999999999998,51.243999,-0.571478,36
2019-04-27 17:00:00,17.58000000000001,43.76000000000004,101.14999999999992,0.0,0.1663482875854889,27.51772751742692,13.551152769819728,4,-0.9659258262890683,-0.25881904510252063,-0.72479278722912,0.6889669190756865,0.8660254037844387,-0.4999999999999998,51.243999,-0.571478,36
2019-04-27 18:00:00,17.58000000000001,43.76000000000004,101.14999999999992,0.0,0.1663482875854889,27.51772751742692,13.551152769819728,4,-1.0,-1.8369701987210297e-16,-0.72479278722912,0.6889669190756865,0.8660254037844387,-0.4999999999999998,51.243999,-0.571478,36
2019-04-27 19:00:00,17.0565,43.88583333333333,101.15666666666667,1.85,0.19115111821963346,19.44955717120794,14.675704348134003,4,-0.9659258262890684,0.2588190451025203,-0.72479278722912,0.6889669190756865,0.8660254037844387,-0.4999999999999998,51.243999,-0.571478,36
2019-04-27 20:00:00,15.073833333333335,44.64066666666667,101.24433333333333,1.7833333333333334,0.19866807105740555,11.03834789926353,17.734546665525738,4,-0.8660254037844386,0.5000000000000001,-0.72479278722912,0.6889669190756865,0.8660254037844387,-0.4999999999999998,51.243999,-0.571478,36
2019-04-27 21:00:00,14.035166666666663,45.31616666666666,101.30949999999993,1.15,0.18978413814838727,10.810058504775402,16.792192774380826,4,-0.7071067811865477,0.7071067811865474,-0.72479278722912,0.6889669190756865,0.8660254037844387,-0.4999999999999998,51.243999,-0.571478,36
2019-04-27 22:00:00,13.421333333333333,45.64866666666667,101.34783333333331,3.6333333333333333,0.1805528293163958,10.251779304190519,16.966035024783285,4,-0.5000000000000004,0.8660254037844384,-0.72479278722912,0.6889669190756865,0.8660254037844387,-0.4999999999999998,51.243999,-0.571478,36
2019-04-27 23:00:00,13.122333333333335,45.85683333333334,101.37400000000001,1.1,0.17636866810740523,12.964242437834853,17.173985764920246,4,-0.25881904510252157,0.9659258262890681,-0.72479278722912,0.6889669190756865,0.8660254037844387,-0.4999999999999998,51.243999,-0.571478,36
2019-04-28 00:00:00,12.873000000000008,45.88333333333334,101.38100000000009,0.43333333333333335,0.16659568656906537,15.223295643467505,14.942682344932917,4,0.0,1.0,-0.5712682150947924,0.8207634412072763,0.8660254037844387,-0.4999999999999998,51.243999,-0.571478,36
2019-04-28 01:00:00,12.796666666666656,45.90116666666669,101.40266666666663,0.5833333333333334,0.16837764252550935,14.596907306787196,15.95245022142031,4,0.25881904510252074,0.9659258262890683,-0.5712682150947924,0.8207634412072763,0.8660254037844387,-0.4999999999999998,51.243999,-0.571478,36
2019-04-28 02:00:00,12.793500000000003,45.99366666666667,101.40599999999992,0.8333333333333334,0.16200903931723037,14.323143409750132,16.233706016748634,4,0.49999999999999994,0.8660254037844387,-0.5712682150947924,0.8207634412072763,0.8660254037844387,-0.4999999999999998,51.243999,-0.571478,36
2019-04-28 03:00:00,12.880999999999995,46.01183333333329,101.42149999999992,0.5,0.16094451596891865,16.665683196963748,14.50517572432008,4,0.7071067811865476,0.7071067811865476,-0.5712682150947924,0.8207634412072763,0.8660254037844387,-0.4999999999999998,51.243999,-0.571478,36
2019-04-28 04:00:00,12.553666666666663,45.79566666666666,101.45883333333335,0.8833333333333333,0.15510850617804536,15.248202146797865,14.226574879759694,4,0.8660254037844386,0.5000000000000001,-0.5712682150947924,0.8207634412072763,0.8660254037844387,-0.4999999999999998,51.243999,-0.571478,36
2019-04-28 05:00:00,12.376500000000004,46.12466666666667,101.4873333333334,0.7333333333333333,0.1481905245079306,14.603904137915489,17.458882083182786,4,0.9659258262890683,0.25881904510252074,-0.5712682150947924,0.8207634412072763,0.8660254037844387,-0.4999999999999998,51.243999,-0.571478,36
2019-04-28 06:00:00,12.846166666666669,46.285,101.54183333333339,1.2,0.15981633283698132,15.549070312660971,17.285813682671,4,1.0,6.123233995736766e-17,-0.5712682150947924,0.8207634412072763,0.8660254037844387,-0.4999999999999998,51.243999,-0.571478,36
2019-04-28 07:00:00,13.461999999999998,46.19100000000001,101.60033333333331,1.5333333333333334,0.16272243280579463,16.02506944694552,16.34992680671073,4,0.9659258262890683,-0.25881904510252063,-0.5712682150947924,0.8207634412072763,0.8660254037844387,-0.4999999999999998,51.243999,-0.571478,36
2019-04-28 08:00:00,14.198666666666663,46.20833333333334,101.6728333333332,2.1,0.17288663275659866,16.44093417926905,17.656591139680323,4,0.8660254037844387,-0.4999999999999998,-0.5712682150947924,0.8207634412072763,0.8660254037844387,-0.4999999999999998,51.243999,-0.571478,36
2019-04-28 09:00:00,15.364833333333333,46.21283333333333,101.70283333333334,2.3833333333333333,0.23125960463144765,18.208236158378458,21.650730003849112,4,0.7071067811865476,-0.7071067811865475,-0.5712682150947924,0.8207634412072763,0.8660254037844387,-0.4999999999999998,51.243999,-0.571478,36
2019-04-28 10:00:00,16.815833333333334,46.01466666666669,101.74100000000004,3.066666666666667,0.21070191194363544,22.33169677594452,21.198898314643777,4,0.49999999999999994,-0.8660254037844387,-0.5712682150947924,0.8207634412072763,0.8660254037844387,-0.4999999999999998,51.243999,-0.571478,36
2019-04-28 11:00:00,17.959833333333332,45.834000000000024,101.76366666666664,2.7,0.20966016829847892,22.58036397935449,21.086155611312236,4,0.258819045102521,-0.9659258262890682,-0.5712682150947924,0.8207634412072763,0.8660254037844387,-0.4999999999999998,51.243999,-0.571478,36
2019-04-28 12:00:00,19.465999999999987,45.37133333333336,101.75166666666675,3.15,0.2183832173714426,20.388911178300884,25.784627147850923,4,1.2246467991473532e-16,-1.0,-0.5712682150947924,0.8207634412072763,0.8660254037844387,-0.4999999999999998,51.243999,-0.571478,36
2019-04-28 13:00:00,19.21683333333334,45.12183333333334,101.77400000000004,3.933333333333333,0.24886031259196786,21.577214769316072,23.581966286520363,4,-0.2588190451025208,-0.9659258262890683,-0.5712682150947924,0.8207634412072763,0.8660254037844387,-0.4999999999999998,51.243999,-0.571478,36
2019-04-28 14:00:00,19.25233333333333,45.38883333333332,101.80650000000004,4.883333333333334,0.24806016533354416,20.760079416440554,25.636750184594046,4,-0.4999999999999997,-0.8660254037844388,-0.5712682150947924,0.8207634412072763,0.8660254037844387,-0.4999999999999998,51.243999,-0.571478,36
2019-04-28 15:00:00,21.47166666666667,45.24033333333333,101.83199999999998,5.2,0.2384421544533319,23.752870705260438,26.52925407733824,4,-0.7071067811865471,-0.7071067811865479,-0.5712682150947924,0.8207634412072763,0.8660254037844387,-0.4999999999999998,51.243999,-0.571478,36
2019-04-28 16:00:00,21.899666666666675,44.62716666666667,101.84766666666664,9.45,0.2685219609419268,26.064896064102946,28.36993240005521,4,-0.8660254037844385,-0.5000000000000004,-0.5712682150947924,0.8207634412072763,0.8660254037844387,-0.4999999999999998,51.243999,-0.571478,36
2019-04-28 17:00:00,22.288166666666676,44.45733333333333,101.87200000000004,5.35,0.2641280914385863,25.08560315541109,25.407522095723444,4,-0.9659258262890683,-0.25881904510252063,-0.5712682150947924,0.8207634412072763,0.8660254037844387,-0.4999999999999998,51.243999,-0.571478,36
2019-04-28 18:00:00,21.044833333333322,44.385833333333345,101.9233333333333,6.383333333333334,0.25245915648705747,21.27583329498352,26.55171190900397,4,-1.0,-1.8369701987210297e-16,-0.5712682150947924,0.8207634412072763,0.8660254037844387,-0.4999999999999998,51.243999,-0.571478,36
2019-04-28 19:00:00,19.99816666666667,44.680166666666665,101.96300000000002,7.033333333333333,0.2570590036282015,16.926869206072304,30.01241040773651,4,-0.9659258262890684,0.2588190451025203,-0.5712682150947924,0.8207634412072763,0.8660254037844387,-0.4999999999999998,51.243999,-0.571478,36
2019-04-28 20:00:00,18.75533333333333,44.917666666666705,102.02016666666667,6.383333333333334,0.23772045574340794,13.796345143007365,32.56158467682159,4,-0.8660254037844386,0.5000000000000001,-0.5712682150947924,0.8207634412072763,0.8660254037844387,-0.4999999999999998,51.243999,-0.571478,36
2019-04-28 21:00:00,17.292000000000005,45.17466666666669,102.07600000000005,8.683333333333334,0.2451739117591507,9.701687350223716,35.11333825936689,4,-0.7071067811865477,0.7071067811865474,-0.5712682150947924,0.8207634412072763,0.8660254037844387,-0.4999999999999998,51.243999,-0.571478,36
2019-04-28 22:00:00,15.976999999999999,45.38166666666668,102.1118333333333,11.666666666666666,0.27293485039159104,9.919937973074246,37.32956793608899,4,-0.5000000000000004,0.8660254037844384,-0.5712682150947924,0.8207634412072763,0.8660254037844387,-0.4999999999999998,51.243999,-0.571478,36
2019-04-28 23:00:00,14.987499999999995,45.618833333333335,102.12200000000006,16.833333333333332,0.30675202395227996,8.2940652358392,35.74777764390031,4,-0.25881904510252157,0.9659258262890681,-0.5712682150947924,0.8207634412072763,0.8660254037844387,-0.4999999999999998,51.243999,-0.571478,36
2019-04-29 00:00:00,14.348,45.7616666666667,102.1683333333334,17.35,0.3147393828982566,9.142401468770982,31.933490215701347,4,0.0,1.0,-0.3943558551133187,0.9189578116202306,0.8660254037844387,-0.4999999999999998,51.243999,-0.571478,36
2019-04-29 01:00:00,13.908999999999995,45.86283333333331,102.19233333333332,18.45,0.2593317126121733,11.283971832491606,27.771742231149013,4,0.25881904510252074,0.9659258262890683,-0.3943558551133187,0.9189578116202306,0.8660254037844387,-0.4999999999999998,51.243999,-0.571478,36
2019-04-29 02:00:00,13.524833333333333,45.881000000000014,102.20449999999995,19.5,0.2603252370849641,11.824568151756786,29.051873716203605,4,0.49999999999999994,0.8660254037844387,-0.3943558551133187,0.9189578116202306,0.8660254037844387,-0.4999999999999998,51.243999,-0.571478,36
2019-04-29 03:00:00,12.823333333333332,45.80733333333333,102.21216666666662,19.15,0.26151901225945584,14.331724075485294,29.003338624809405,4,0.7071067811865476,0.7071067811865476,-0.3943558551133187,0.9189578116202306,0.8660254037844387,-0.4999999999999998,51.243999,-0.571478,36
2019-04-29 04:00:00,12.049166666666663,45.78966666666666,102.21349999999998,16.0,0.25650631355392445,16.231632543800753,27.62953414487644,4,0.8660254037844386,0.5000000000000001,-0.3943558551133187,0.9189578116202306,0.8660254037844387,-0.4999999999999998,51.243999,-0.571478,36
2019-04-29 05:00:00,11.385333333333334,45.84633333333332,102.2233333333332,16.366666666666667,0.25527300273213227,18.60103478393916,27.61398274878471,4,0.9659258262890683,0.25881904510252074,-0.3943558551133187,0.9189578116202306,0.8660254037844387,-0.4999999999999998,51.243999,-0.571478,36
2019-04-29 06:00:00,10.909166666666671,45.95450000000001,102.26666666666668,18.1,0.33997392208151583,28.25719614053189,28.36595145253131,4,1.0,6.123233995736766e-17,-0.3943558551133187,0.9189578116202306,0.8660254037844387,-0.4999999999999998,51.243999,-0.571478,36
2019-04-29 07:00:00,11.198166666666667,46.36533333333334,102.31766666666664,20.566666666666666,0.3256793731688782,24.13957519701267,31.484529895207686,4,0.9659258262890683,-0.25881904510252063,-0.3943558551133187,0.9189578116202306,0.8660254037844387,-0.4999999999999998,51.243999,-0.571478,36
2019-04-29 08:00:00,12.62216666666667,46.83949999999998,102.33916666666677,20.516666666666666,0.2869361091710921,18.710226042284503,23.493341908029198,4,0.8660254037844387,-0.4999999999999998,-0.3943558551133187,0.9189578116202306,0.8660254037844387,-0.4999999999999998,51.243999,-0.571478,36
2019-04-29 09:00:00,14.665500000000002,46.856500000000004,102.34700000000011,15.133333333333333,0.27008472773114406,22.903045401319897,21.915883442421197,4,0.7071067811865476,-0.7071067811865475,-0.3943558551133187,0.9189578116202306,0.8660254037844387,-0.4999999999999998,51.243999,-0.571478,36
2019-04-29 10:00:00,16.76366666666667,46.56133333333332,102.34966666666655,11.3,0.2543963391841378,22.450757571765713,20.231409457904316,4,0.49999999999999994,-0.8660254037844387,-0.3943558551133187,0.9189578116202306,0.8660254037844387,-0.4999999999999998,51.243999,-0.571478,36
2019-04-29 11:00:00,18.365166666666664,46.096000000000004,102.3488333333334,8.733333333333333,0.24593156678131078,26.888841395988507,19.854099064806196,4,0.258819045102521,-0.9659258262890682,-0.3943558551133187,0.9189578116202306,0.8660254037844387,-0.4999999999999998,51.243999,-0.571478,36
2019-04-29 12:00:00,19.943333333333342,45.67849999999999,102.35316666666674,8.616666666666667,0.24850612138223058,25.691322931959903,20.09259006410734,4,1.2246467991473532e-16,-1.0,-0.3943558551133187,0.9189578116202306,0.8660254037844387,-0.4999999999999998,51.243999,-0.571478,36
2019-04-29 13:00:00,20.715666666666664,45.456666666666685,102.3455,8.75,0.24028632681926207,24.709572386062995,22.29571491921125,4,-0.2588190451025208,-0.9659258262890683,-0.3943558551133187,0.9189578116202306,0.8660254037844387,-0.4999999999999998,51.243999,-0.571478,36
2019-04-29 14:00:00,21.69766666666667,45.356833333333356,102.29850000000006,10.516666666666667,0.260599524731948,21.622966979625268,24.105812649778628,4,-0.4999999999999997,-0.8660254037844388,-0.3943558551133187,0.9189578116202306,0.8660254037844387,-0.4999999999999998,51.243999,-0.571478,36
2019-04-29 15:00:00,23.03416666666668,45.24616666666666,102.284,8.466666666666667,0.2690893699403938,26.232475999770106,30.589248130937392,4,-0.7071067811865471,-0.7071067811865479,-0.3943558551133187,0.9189578116202306,0.8660254037844387,-0.4999999999999998,51.243999,-0.571478,36
2019-04-29 16:00:00,25.200333333333333,44.41316666666667,102.27016666666678,8.4,0.23749828670698978,27.18084916944207,27.310120849140127,4,-0.8660254037844385,-0.5000000000000004,-0.3943558551133187,0.9189578116202306,0.8660254037844387,-0.4999999999999998,51.243999,-0.571478,36
2019-04-29 17:00:00,24.268166666666673,44.42850000000002,102.2635000000001,7.383333333333334,0.26944034847865894,23.395499757476824,27.416293482638288,4,-0.9659258262890683,-0.25881904510252063,-0.3943558551133187,0.9189578116202306,0.8660254037844387,-0.4999999999999998,51.243999,-0.571478,36
2019-04-29 18:00:00,22.91183333333334,44.75433333333334,102.25049999999996,6.433333333333334,0.24242458666613959,18.069795513884124,25.065594546210498,4,-1.0,-1.8369701987210297e-16,-0.3943558551133187,0.9189578116202306,0.8660254037844387,-0.4999999999999998,51.243999,-0.571478,36
2019-04-29 19:00:00,21.34066666666666,44.96766666666668,102.25516666666672,6.25,0.24887467649267977,14.461045009921532,28.312303906455675,4,-0.9659258262890684,0.2588190451025203,-0.3943558551133187,0.9189578116202306,0.8660254037844387,-0.4999999999999998,51.243999,-0.571478,36
2019-04-29 20:00:00,19.689000000000004,45.297833333333315,102.29150000000003,5.883333333333334,0.2605028070244794,11.305755190634114,30.498538549929126,4,-0.8660254037844386,0.5000000000000001,-0.3943558551133187,0.9189578116202306,0.8660254037844387,-0.4999999999999998,51.243999,-0.571478,36
2019-04-29 21:00:00,18.661833333333334,45.6486666666667,102.32766666666673,8.333333333333334,0.2911614414634038,10.117750528481976,31.344323583161376,4,-0.7071067811865477,0.7071067811865474,-0.3943558551133187,0.9189578116202306,0.8660254037844387,-0.4999999999999998,51.243999,-0.571478,36
2019-04-29 22:00:00,18.04683333333332,45.75016666666668,102.3483333333334,13.283333333333333,0.23528703170503504,13.223753638185695,23.116765767497817,4,-0.5000000000000004,0.8660254037844384,-0.3943558551133187,0.9189578116202306,0.8660254037844387,-0.4999999999999998,51.243999,-0.571478,36
2019-04-29 23:00:00,17.591,45.754166666666656,102.35749999999993,19.65,0.21498153954783636,13.518133537968293,21.088031946158537,4,-0.25881904510252157,0.9659258262890681,-0.3943558551133187,0.9189578116202306,0.8660254037844387,-0.4999999999999998,51.243999,-0.571478,36
2019-04-30 00:00:00,16.744833333333332,45.741833333333375,102.34466666666667,29.15,0.2150026314344574,14.73907087967255,16.61333695270218,4,0.0,1.0,-0.20129852008866114,0.9795299412524943,0.8660254037844387,-0.4999999999999998,51.243999,-0.571478,36
2019-04-30 01:00:00,15.644333333333332,45.86716666666667,102.31216666666676,33.4,0.21154590751160718,15.428425028058344,16.924656569230855,4,0.25881904510252074,0.9659258262890683,-0.20129852008866114,0.9795299412524943,0.8660254037844387,-0.4999999999999998,51.243999,-0.571478,36
2019-04-30 02:00:00,14.448500000000001,45.862333333333325,102.28699999999999,30.733333333333334,0.20052078726703293,16.921591095495863,22.378269183070653,4,0.49999999999999994,0.8660254037844387,-0.20129852008866114,0.9795299412524943,0.8660254037844387,-0.4999999999999998,51.243999,-0.571478,36
2019-04-30 03:00:00,13.259166666666669,45.88733333333332,102.27483333333335,28.316666666666666,0.20950857327341962,16.798942852393807,23.77318493241195,4,0.7071067811865476,0.7071067811865476,-0.20129852008866114,0.9795299412524943,0.8660254037844387,-0.4999999999999998,51.243999,-0.571478,36
2019-04-30 04:00:00,12.293833333333334,45.85083333333332,102.27150000000009,26.3,0.23726997751042112,17.31129473933667,24.250265716447938,4,0.8660254037844386,0.5000000000000001,-0.20129852008866114,0.9795299412524943,0.8660254037844387,-0.4999999999999998,51.243999,-0.571478,36
2019-04-30 05:00:00,11.543166666666668,46.12200000000001,102.29733333333348,21.2,0.20549067363316506,14.148892693701923,20.400311899099755,4,0.9659258262890683,0.25881904510252074,-0.20129852008866114,0.9795299412524943,0.8660254037844387,-0.4999999999999998,51.243999,-0.571478,36
2019-04-30 06:00:00,11.479499999999996,46.43633333333334,102.32483333333337,20.2,0.2696350177456832,15.944741518305511,23.95731691013691,4,1.0,6.123233995736766e-17,-0.20129852008866114,0.9795299412524943,0.8660254037844387,-0.4999999999999998,51.243999,-0.571478,36
2019-04-30 07:00:00,12.282499999999999,46.69116666666667,102.33633333333329,15.683333333333334,0.22203544282947005,18.661614905833368,15.460850606369446,4,0.9659258262890683,-0.25881904510252063,-0.20129852008866114,0.9795299412524943,0.8660254037844387,-0.4999999999999998,51.243999,-0.571478,36
2019-04-30 08:00:00,13.490000000000002,46.861833333333315,102.33149999999995,20.05,0.2857065813863595,22.14923954529571,20.256448235915695,4,0.8660254037844387,-0.4999999999999998,-0.20129852008866114,0.9795299412524943,0.8660254037844387,-0.4999999999999998,51.243999,-0.571478,36
2019-04-30 09:00:00,15.224666666666666,46.939666666666675,102.3241666666667,19.433333333333334,0.2198121344894382,22.08064503932123,17.416455835541207,4,0.7071067811865476,-0.7071067811865475,-0.20129852008866114,0.9795299412524943,0.8660254037844387,-0.4999999999999998,51.243999,-0.571478,36
2019-04-30 10:00:00,17.0875,46.81750000000001,102.30900000000004,21.216666666666665,0.2215546479194943,23.839718369139202,18.454207386242924,4,0.49999999999999994,-0.8660254037844387,-0.20129852008866114,0.9795299412524943,0.8660254037844387,-0.4999999999999998,51.243999,-0.571478,36
2019-04-30 11:00:00,18.508166666666664,46.452,102.28000000000016,18.166666666666668,0.2746484555984556,28.672987568140726,17.917441300310568,4,0.258819045102521,-0.9659258262890682,-0.20129852008866114,0.9795299412524943,0.8660254037844387,-0.4999999999999998,51.243999,-0.571478,36
2019-04-30 12:00:00,20.411499999999997,46.251000000000005,102.21549999999993,18.116666666666667,0.2553640633441827,32.72238694842678,18.105429865270438,4,1.2246467991473532e-16,-1.0,-0.20129852008866114,0.9795299412524943,0.8660254037844387,-0.4999999999999998,51.243999,-0.571478,36
2019-04-30 13:00:00,21.906499999999994,45.88450000000001,102.16899999999997,15.833333333333334,0.252564610100105,28.0615989796504,21.113107006098296,4,-0.2588190451025208,-0.9659258262890683,-0.20129852008866114,0.9795299412524943,0.8660254037844387,-0.4999999999999998,51.243999,-0.571478,36
2019-04-30 14:00:00,25.076000000000004,45.395,102.11250000000013,12.5,0.23154688846574512,29.07678863550736,17.517621539059498,4,-0.4999999999999997,-0.8660254037844388,-0.20129852008866114,0.9795299412524943,0.8660254037844387,-0.4999999999999998,51.243999,-0.571478,36
2019-04-30 15:00:00,28.811333333333334,44.690333333333335,102.0513333333333,13.866666666666667,0.30859282068514154,36.67627248561082,35.63016532405225,4,-0.7071067811865471,-0.7071067811865479,-0.20129852008866114,0.9795299412524943,0.8660254037844387,-0.4999999999999998,51.243999,-0.571478,36
2019-04-30 16:00:00,31.663166666666662,44.19366666666665,102.00833333333325,12.366666666666667,0.33623226562740205,35.94288701680655,39.988654828098305,4,-0.8660254037844385,-0.5000000000000004,-0.20129852008866114,0.9795299412524943,0.8660254037844387,-0.4999999999999998,51.243999,-0.571478,36
2019-04-30 17:00:00,32.54116666666667,43.76200000000002,101.95216666666651,10.516666666666667,0.2728773016678306,34.77241290713345,21.1062129189101,4,-0.9659258262890683,-0.25881904510252063,-0.20129852008866114,0.9795299412524943,0.8660254037844387,-0.4999999999999998,51.243999,-0.571478,36
2019-04-30 18:00:00,30.769166666666656,44.36183333333331,101.90766666666674,11.316666666666666,0.30355818036466503,19.795843832793146,24.3628341733527,4,-1.0,-1.8369701987210297e-16,-0.20129852008866114,0.9795299412524943,0.8660254037844387,-0.4999999999999998,51.243999,-0.571478,36
2019-04-30 19:00:00,27.629333333333324,44.11566666666667,101.88283333333331,14.65,0.2936574660350257,10.914834148505161,26.020285350411125,4,-0.9659258262890684,0.2588190451025203,-0.20129852008866114,0.9795299412524943,0.8660254037844387,-0.4999999999999998,51.243999,-0.571478,36
2019-04-30 20:00:00,22.591166666666666,45.07916666666669,101.9051666666666,19.633333333333333,0.2697951682545538,9.428196377108446,17.58574925631259,4,-0.8660254037844386,0.5000000000000001,-0.20129852008866114,0.9795299412524943,0.8660254037844387,-0.4999999999999998,51.243999,-0.571478,36
2019-04-30 21:00:00,19.138500000000004,45.55816666666665,101.91633333333336,19.5,0.24065429410395286,8.8511420816441,10.627912223716153,4,-0.7071067811865477,0.7071067811865474,-0.20129852008866114,0.9795299412524943,0.8660254037844387,-0.4999999999999998,51.243999,-0.571478,36
2019-04-30 22:00:00,16.76216666666667,45.84516666666665,101.91933333333333,21.566666666666666,0.2227857354795067,8.764895528315998,10.292883632529644,4,-0.5000000000000004,0.8660254037844384,-0.20129852008866114,0.9795299412524943,0.8660254037844387,-0.4999999999999998,51.243999,-0.571478,36
2019-04-30 23:00:00,15.552666666666662,46.0285,101.91099999999992,23.15,0.2008198043362719,11.340447941728558,7.059093078163158,4,-0.25881904510252157,0.9659258262890681,-0.20129852008866114,0.9795299412524943,0.8660254037844387,-0.4999999999999998,51.243999,-0.571478,36
2019-05-01 00:00:00,14.927000000000001,46.001166666666656,101.86516666666674,22.05,0.19632440393831177,12.12269838488648,8.041211427446857,5,0.0,1.0,0.20129852008866006,0.9795299412524945,0.49999999999999994,-0.8660254037844387,51.243999,-0.571478,36
2019-05-01 01:00:00,14.450500000000002,45.989166666666655,101.8135,27.1,0.18710617859448916,14.76869309099983,9.246343130332095,5,0.25881904510252074,0.9659258262890683,0.20129852008866006,0.9795299412524945,0.49999999999999994,-0.8660254037844387,51.243999,-0.571478,36
2019-05-01 02:00:00,14.126666666666672,45.94583333333333,101.75683333333333,54.916666666666664,0.18074188222840093,16.15821827824821,8.647730587065519,5,0.49999999999999994,0.8660254037844387,0.20129852008866006,0.9795299412524945,0.49999999999999994,-0.8660254037844387,51.243999,-0.571478,36
2019-05-01 03:00:00,13.7895,45.885499999999986,101.71783333333322,19.416666666666668,0.17789058391643717,15.679306687467063,11.126590449744539,5,0.7071067811865476,0.7071067811865476,0.20129852008866006,0.9795299412524945,0.49999999999999994,-0.8660254037844387,51.243999,-0.571478,36
2019-05-01 04:00:00,13.41966666666667,45.84950000000002,101.66066666666671,24.3,0.19736860946758547,17.73604952258345,14.812654956397003,5,0.8660254037844386,0.5000000000000001,0.20129852008866006,0.9795299412524945,0.49999999999999994,-0.8660254037844387,51.243999,-0.571478,36
2019-05-01 05:00:00,12.916166666666665,45.89350000000001,101.6398333333334,25.116666666666667,0.19475354726984417,16.919534297385795,17.711172079703616,5,0.9659258262890683,0.25881904510252074,0.20129852008866006,0.9795299412524945,0.49999999999999994,-0.8660254037844387,51.243999,-0.571478,36
2019-05-01 06:00:00,12.731000000000002,45.920666666666655,101.64233333333338,28.45,0.2172357582106729,18.021997793720587,22.559355515439886,5,1.0,6.123233995736766e-17,0.20129852008866006,0.9795299412524945,0.49999999999999994,-0.8660254037844387,51.243999,-0.571478,36
2019-05-01 07:00:00,12.976166666666673,46.07133333333333,101.63783333333338,27.583333333333332,0.27995267513979116,19.410952870195793,24.964201857485776,5,0.9659258262890683,-0.25881904510252063,0.20129852008866006,0.9795299412524945,0.49999999999999994,-0.8660254037844387,51.243999,-0.571478,36
2019-05-01 08:00:00,13.890333333333336,46.1736666666667,101.64149999999991,27.566666666666666,0.24731019278664335,19.74865299850071,23.496074194586356,5,0.8660254037844387,-0.4999999999999998,0.20129852008866006,0.9795299412524945,0.49999999999999994,-0.8660254037844387,51.243999,-0.571478,36
2019-05-01 09:00:00,15.526499999999997,46.27466666666667,101.63900000000011,29.383333333333333,0.21504514113089193,16.789370898584924,28.753235120648995,5,0.7071067811865476,-0.7071067811865475,0.20129852008866006,0.9795299412524945,0.49999999999999994,-0.8660254037844387,51.243999,-0.571478,36
2019-05-01 10:00:00,17.333833333333327,46.23533333333332,101.62183333333336,27.25,0.23979429919924802,25.115214249545552,24.16421696488207,5,0.49999999999999994,-0.8660254037844387,0.20129852008866006,0.9795299412524945,0.49999999999999994,-0.8660254037844387,51.243999,-0.571478,36
2019-05-01 11:00:00,19.351499999999998,45.97033333333335,101.59700000000004,27.25,0.21666504923987856,25.39449693409042,18.568888719747846,5,0.258819045102521,-0.9659258262890682,0.20129852008866006,0.9795299412524945,0.49999999999999994,-0.8660254037844387,51.243999,-0.571478,36
2019-05-01 12:00:00,20.668999999999993,45.75549999999997,101.57233333333335,26.85,0.22930875644049706,26.3125508768562,18.04092397891625,5,1.2246467991473532e-16,-1.0,0.20129852008866006,0.9795299412524945,0.49999999999999994,-0.8660254037844387,51.243999,-0.571478,36
2019-05-01 13:00:00,21.993833333333335,45.74283333333335,101.52866666666677,26.483333333333334,0.27850259629449053,28.941429289084915,18.586202147537904,5,-0.2588190451025208,-0.9659258262890683,0.20129852008866006,0.9795299412524945,0.49999999999999994,-0.8660254037844387,51.243999,-0.571478,36
2019-05-01 14:00:00,22.890500000000007,45.696,101.4959999999999,25.066666666666666,0.24715868506243932,31.320015073506422,25.471663998053295,5,-0.4999999999999997,-0.8660254037844388,0.20129852008866006,0.9795299412524945,0.49999999999999994,-0.8660254037844387,51.243999,-0.571478,36
2019-05-01 15:00:00,24.044333333333324,45.52516666666669,101.43633333333331,19.683333333333334,0.3032012304479028,32.84015332964053,29.34225035513562,5,-0.7071067811865471,-0.7071067811865479,0.20129852008866006,0.9795299412524945,0.49999999999999994,-0.8660254037844387,51.243999,-0.571478,36
2019-05-01 16:00:00,24.5085,45.31216666666664,101.37499999999997,19.1,0.35141104416215335,26.887512432922794,26.787101273092116,5,-0.8660254037844385,-0.5000000000000004,0.20129852008866006,0.9795299412524945,0.49999999999999994,-0.8660254037844387,51.243999,-0.571478,36
2019-05-01 17:00:00,23.247166666666676,45.31566666666666,101.40350000000007,28.4,0.4352551638181331,19.598917589522365,37.40551800992331,5,-0.9659258262890683,-0.25881904510252063,0.20129852008866006,0.9795299412524945,0.49999999999999994,-0.8660254037844387,51.243999,-0.571478,36
2019-05-01 18:00:00,21.051833333333335,45.95116666666666,101.41833333333332,24.433333333333334,0.3971616800857415,12.0326592732539,35.37431990951804,5,-1.0,-1.8369701987210297e-16,0.20129852008866006,0.9795299412524945,0.49999999999999994,-0.8660254037844387,51.243999,-0.571478,36
2019-05-01 19:00:00,19.758999999999997,46.41316666666668,101.4096666666666,19.916666666666668,0.30635844259666795,9.000873394750652,28.641853223028892,5,-0.9659258262890684,0.2588190451025203,0.20129852008866006,0.9795299412524945,0.49999999999999994,-0.8660254037844387,51.243999,-0.571478,36
2019-05-01 20:00:00,18.726166666666657,46.64616666666667,101.39000000000009,21.3,0.351775728934688,10.56228362143728,32.707299900457016,5,-0.8660254037844386,0.5000000000000001,0.20129852008866006,0.9795299412524945,0.49999999999999994,-0.8660254037844387,51.243999,-0.571478,36
2019-05-01 21:00:00,18.064333333333348,46.87366666666666,101.39949999999992,15.133333333333333,0.37894811430152714,12.727195986694387,36.06511670721543,5,-0.7071067811865477,0.7071067811865474,0.20129852008866006,0.9795299412524945,0.49999999999999994,-0.8660254037844387,51.243999,-0.571478,36
2019-05-01 22:00:00,17.76433333333334,46.902333333333345,101.38766666666669,17.166666666666668,0.32188246109346785,14.626959192063719,31.023182085162407,5,-0.5000000000000004,0.8660254037844384,0.20129852008866006,0.9795299412524945,0.49999999999999994,-0.8660254037844387,51.243999,-0.571478,36
2019-05-01 23:00:00,17.4925,46.83033333333333,101.35900000000007,20.25,0.2666512665761812,16.455911250026556,19.937720414568428,5,-0.25881904510252157,0.9659258262890681,0.20129852008866006,0.9795299412524945,0.49999999999999994,-0.8660254037844387,51.243999,-0.571478,36
2019-05-02 00:00:00,17.06416666666667,46.88766666666668,101.30683333333337,28.566666666666666,0.23231650952512728,16.940916497032354,17.207463142936934,5,0.0,1.0,0.39435585511331855,0.9189578116202306,0.49999999999999994,-0.8660254037844387,51.243999,-0.571478,36
2019-05-02 01:00:00,16.65133333333334,47.01366666666669,101.27016666666673,26.616666666666667,0.2321718403679154,15.964464209123634,20.37926488237977,5,0.25881904510252074,0.9659258262890683,0.39435585511331855,0.9189578116202306,0.49999999999999994,-0.8660254037844387,51.243999,-0.571478,36
2019-05-02 02:00:00,16.183666666666667,47.008833333333335,101.24083333333326,21.4,0.21761404445645052,18.73024491600239,15.519204131885886,5,0.49999999999999994,0.8660254037844387,0.39435585511331855,0.9189578116202306,0.49999999999999994,-0.8660254037844387,51.243999,-0.571478,36
2019-05-02 03:00:00,15.364166666666666,47.112999999999985,101.22733333333333,17.65,0.20617240601156983,19.480280708651055,16.07193067261264,5,0.7071067811865476,0.7071067811865476,0.39435585511331855,0.9189578116202306,0.49999999999999994,-0.8660254037844387,51.243999,-0.571478,36
2019-05-02 04:00:00,14.814500000000006,47.021499999999996,101.21066666666667,13.933333333333334,0.1931743912000737,19.011172134264132,18.098787141622733,5,0.8660254037844386,0.5000000000000001,0.39435585511331855,0.9189578116202306,0.49999999999999994,-0.8660254037844387,51.243999,-0.571478,36
2019-05-02 05:00:00,14.246999999999996,47.167666666666676,101.22549999999991,17.15,0.20248537079253795,16.97933312655222,22.008409344236533,5,0.9659258262890683,0.25881904510252074,0.39435585511331855,0.9189578116202306,0.49999999999999994,-0.8660254037844387,51.243999,-0.571478,36
2019-05-02 06:00:00,14.048833333333324,47.24683333333337,101.24133333333322,16.683333333333334,0.2340558219238253,21.50258084919883,29.60527650748812,5,1.0,6.123233995736766e-17,0.39435585511331855,0.9189578116202306,0.49999999999999994,-0.8660254037844387,51.243999,-0.571478,36
2019-05-02 07:00:00,14.195333333333334,47.339666666666645,101.24383333333326,16.3,0.38494529893130575,26.826983969383257,34.170698491586215,5,0.9659258262890683,-0.25881904510252063,0.39435585511331855,0.9189578116202306,0.49999999999999994,-0.8660254037844387,51.243999,-0.571478,36
2019-05-02 08:00:00,14.957833333333332,47.55699999999995,101.23283333333339,14.433333333333334,0.5727624324104699,25.802858879217485,28.604417197033584,5,0.8660254037844387,-0.4999999999999998,0.39435585511331855,0.9189578116202306,0.49999999999999994,-0.8660254037844387,51.243999,-0.571478,36
2019-05-02 09:00:00,16.57566666666667,47.42383333333333,101.20616666666663,9.166666666666666,0.266566648767246,27.066081517612346,23.578769553871847,5,0.7071067811865476,-0.7071067811865475,0.39435585511331855,0.9189578116202306,0.49999999999999994,-0.8660254037844387,51.243999,-0.571478,36
2019-05-02 10:00:00,18.158166666666666,47.143,101.19100000000006,4.05,0.2556349986383263,27.051851661052485,22.528994695154058,5,0.49999999999999994,-0.8660254037844387,0.39435585511331855,0.9189578116202306,0.49999999999999994,-0.8660254037844387,51.243999,-0.571478,36
2019-05-02 11:00:00,19.834666666666667,46.791166666666676,101.1591666666667,2.9833333333333334,0.2517574904133778,29.11614627732259,21.049137587180887,5,0.258819045102521,-0.9659258262890682,0.39435585511331855,0.9189578116202306,0.49999999999999994,-0.8660254037844387,51.243999,-0.571478,36
2019-05-02 12:00:00,20.48200000000001,46.466333333333345,101.14000000000006,2.2666666666666666,0.26681321548266934,28.696163964283077,25.680971249119214,5,1.2246467991473532e-16,-1.0,0.39435585511331855,0.9189578116202306,0.49999999999999994,-0.8660254037844387,51.243999,-0.571478,36
2019-05-02 13:00:00,21.482166666666657,46.57200000000001,101.12316666666659,3.0833333333333335,0.2496833443145729,27.743419051692992,27.496774340990296,5,-0.2588190451025208,-0.9659258262890683,0.39435585511331855,0.9189578116202306,0.49999999999999994,-0.8660254037844387,51.243999,-0.571478,36
2019-05-02 14:00:00,21.96083333333333,46.442499999999995,101.08533333333325,3.35,0.2885056563267314,21.624428270248913,29.487178272305506,5,-0.4999999999999997,-0.8660254037844388,0.39435585511331855,0.9189578116202306,0.49999999999999994,-0.8660254037844387,51.243999,-0.571478,36
2019-05-02 15:00:00,21.632333333333335,46.379999999999995,101.06550000000014,2.7,0.29037014069164235,20.53288482531788,29.293883548321595,5,-0.7071067811865471,-0.7071067811865479,0.39435585511331855,0.9189578116202306,0.49999999999999994,-0.8660254037844387,51.243999,-0.571478,36
2019-05-02 16:00:00,21.116499999999995,46.49749999999998,101.03899999999996,4.05,0.3324900679079859,18.791151780842757,31.621954313385274,5,-0.8660254037844385,-0.5000000000000004,0.39435585511331855,0.9189578116202306,0.49999999999999994,-0.8660254037844387,51.243999,-0.571478,36
2019-05-02 17:00:00,20.049333333333337,46.511,101.06383333333342,3.816666666666667,0.3737070714790851,16.15753152316625,29.70680966850627,5,-0.9659258262890683,-0.25881904510252063,0.39435585511331855,0.9189578116202306,0.49999999999999994,-0.8660254037844387,51.243999,-0.571478,36
2019-05-02 18:00:00,17.01066666666667,47.01866666666669,101.10333333333337,2.2,0.43159841617580524,16.088459818745598,26.506691213233022,5,-1.0,-1.8369701987210297e-16,0.39435585511331855,0.9189578116202306,0.49999999999999994,-0.8660254037844387,51.243999,-0.571478,36
2019-05-02 19:00:00,15.726333333333335,48.092666666666645,101.08916666666673,3.1166666666666667,0.3225734822828679,10.441702521924437,26.737529661770516,5,-0.9659258262890684,0.2588190451025203,0.39435585511331855,0.9189578116202306,0.49999999999999994,-0.8660254037844387,51.243999,-0.571478,36
2019-05-02 20:00:00,15.054666666666666,48.63766666666668,101.13266666666674,1.8833333333333333,0.36088710385177963,13.134107040458847,28.640575371980606,5,-0.8660254037844386,0.5000000000000001,0.39435585511331855,0.9189578116202306,0.49999999999999994,-0.8660254037844387,51.243999,-0.571478,36
2019-05-02 21:00:00,14.460666666666661,48.89816666666669,101.15950000000001,3.0,0.2596778721432305,13.382386933990237,29.22315211861298,5,-0.7071067811865477,0.7071067811865474,0.39435585511331855,0.9189578116202306,0.49999999999999994,-0.8660254037844387,51.243999,-0.571478,36
2019-05-02 22:00:00,13.810166666666673,49.1058333333333,101.17866666666671,5.433333333333334,0.31389421749882496,14.678028979034774,30.3266887193626,5,-0.5000000000000004,0.8660254037844384,0.39435585511331855,0.9189578116202306,0.49999999999999994,-0.8660254037844387,51.243999,-0.571478,36
2019-05-02 23:00:00,13.380666666666661,49.309,101.19399999999993,4.416666666666667,0.24576292480925585,15.72755827431047,25.247116245843774,5,-0.25881904510252157,0.9659258262890681,0.39435585511331855,0.9189578116202306,0.49999999999999994,-0.8660254037844387,51.243999,-0.571478,36
2019-05-03 00:00:00,13.025333333333332,49.40633333333336,101.21450000000002,5.166666666666667,0.237379575004063,16.094718600059256,24.793896252314664,5,0.0,1.0,0.5712682150947923,0.8207634412072763,0.49999999999999994,-0.8660254037844387,51.243999,-0.571478,36
2019-05-03 01:00:00,12.79516666666666,49.656833333333346,101.21450000000003,8.25,0.21484454704582687,15.93044874335398,25.077071626753657,5,0.25881904510252074,0.9659258262890683,0.5712682150947923,0.8207634412072763,0.49999999999999994,-0.8660254037844387,51.243999,-0.571478,36
2019-05-03 02:00:00,12.477333333333329,49.72933333333334,101.21799999999999,8.45,0.20472693665142472,17.359526032905567,26.482125042771717,5,0.49999999999999994,0.8660254037844387,0.5712682150947923,0.8207634412072763,0.49999999999999994,-0.8660254037844387,51.243999,-0.571478,36
2019-05-03 03:00:00,12.019499999999995,49.868999999999986,101.22266666666653,9.533333333333333,0.20609820610469068,18.491390385554418,26.904018593230937,5,0.7071067811865476,0.7071067811865476,0.5712682150947923,0.8207634412072763,0.49999999999999994,-0.8660254037844387,51.243999,-0.571478,36
2019-05-03 04:00:00,11.738500000000005,50.21783333333334,101.24566666666666,14.933333333333334,0.22042092409327896,15.03711627000697,27.50359640869195,5,0.8660254037844386,0.5000000000000001,0.5712682150947923,0.8207634412072763,0.49999999999999994,-0.8660254037844387,51.243999,-0.571478,36
2019-05-03 05:00:00,11.868833333333333,50.70350000000003,101.2548333333334,17.766666666666666,0.2640480714746926,16.967337178241568,29.464924116961537,5,0.9659258262890683,0.25881904510252074,0.5712682150947923,0.8207634412072763,0.49999999999999994,-0.8660254037844387,51.243999,-0.571478,36
2019-05-03 06:00:00,12.220666666666668,51.03483333333334,101.25233333333341,19.95,0.27605957498210054,25.767048030981307,33.94254009416811,5,1.0,6.123233995736766e-17,0.5712682150947923,0.8207634412072763,0.49999999999999994,-0.8660254037844387,51.243999,-0.571478,36
2019-05-03 07:00:00,12.751166666666668,51.38933333333334,101.28683333333333,28.416666666666668,0.34970180399804973,34.7399357707022,42.260596937971144,5,0.9659258262890683,-0.25881904510252063,0.5712682150947923,0.8207634412072763,0.49999999999999994,-0.8660254037844387,51.243999,-0.571478,36
2019-05-03 08:00:00,13.510166666666663,51.695666666666696,101.31583333333339,29.016666666666666,0.3947442262838166,32.9458383959844,39.9557995006863,5,0.8660254037844387,-0.4999999999999998,0.5712682150947923,0.8207634412072763,0.49999999999999994,-0.8660254037844387,51.243999,-0.571478,36
2019-05-03 09:00:00,14.1135,51.92950000000004,101.33466666666665,27.683333333333334,0.34914661711931344,24.509560479238242,35.111053612969194,5,0.7071067811865476,-0.7071067811865475,0.5712682150947923,0.8207634412072763,0.49999999999999994,-0.8660254037844387,51.243999,-0.571478,36
2019-05-03 10:00:00,14.874166666666664,52.24966666666666,101.30316666666671,32.68333333333333,0.3364561806809245,29.26761945230633,32.258814471675244,5,0.49999999999999994,-0.8660254037844387,0.5712682150947923,0.8207634412072763,0.49999999999999994,-0.8660254037844387,51.243999,-0.571478,36
2019-05-03 11:00:00,15.518,52.53449999999999,101.249,25.033333333333335,0.2954498515336399,27.858375741605798,28.069604610786538,5,0.258819045102521,-0.9659258262890682,0.5712682150947923,0.8207634412072763,0.49999999999999994,-0.8660254037844387,51.243999,-0.571478,36
2019-05-03 12:00:00,16.48983333333333,52.93733333333334,101.20949999999998,27.0,0.28652652265868983,31.469620323788945,23.837836476367833,5,1.2246467991473532e-16,-1.0,0.5712682150947923,0.8207634412072763,0.49999999999999994,-0.8660254037844387,51.243999,-0.571478,36
2019-05-03 13:00:00,17.843,53.184666666666665,101.20166666666668,21.716666666666665,0.29460622844931716,34.804941198274996,22.07321899181312,5,-0.2588190451025208,-0.9659258262890683,0.5712682150947923,0.8207634412072763,0.49999999999999994,-0.8660254037844387,51.243999,-0.571478,36
2019-05-03 14:00:00,19.50983333333333,53.24033333333332,101.14500000000004,15.533333333333333,0.27754650060836067,34.07336292040307,23.207953077480422,5,-0.4999999999999997,-0.8660254037844388,0.5712682150947923,0.8207634412072763,0.49999999999999994,-0.8660254037844387,51.243999,-0.571478,36
2019-05-03 15:00:00,20.57733333333334,53.58283333333333,101.0966666666667,15.85,0.32829693799113596,37.221232873097776,26.101763995527424,5,-0.7071067811865471,-0.7071067811865479,0.5712682150947923,0.8207634412072763,0.49999999999999994,-0.8660254037844387,51.243999,-0.571478,36
2019-05-03 16:00:00,21.105,53.35766666666666,101.06533333333336,7.516666666666667,0.35617483066928446,32.7810778479258,24.329767104697535,5,-0.8660254037844385,-0.5000000000000004,0.5712682150947923,0.8207634412072763,0.49999999999999994,-0.8660254037844387,51.243999,-0.571478,36
2019-05-03 17:00:00,22.918333333333315,52.7665,101.0263333333333,9.683333333333334,0.3305769453266042,37.64895669232966,16.99604236137963,5,-0.9659258262890683,-0.25881904510252063,0.5712682150947923,0.8207634412072763,0.49999999999999994,-0.8660254037844387,51.243999,-0.571478,36
2019-05-03 18:00:00,20.889833333333332,52.15416666666667,101.06550000000007,7.783333333333333,0.3794149643548961,21.013235491317005,25.019292213583206,5,-1.0,-1.8369701987210297e-16,0.5712682150947923,0.8207634412072763,0.49999999999999994,-0.8660254037844387,51.243999,-0.571478,36
2019-05-03 19:00:00,18.412166666666668,52.46133333333334,101.10450000000004,8.483333333333333,0.3580142771489188,13.637453122764137,26.782041581549972,5,-0.9659258262890684,0.2588190451025203,0.5712682150947923,0.8207634412072763,0.49999999999999994,-0.8660254037844387,51.243999,-0.571478,36
2019-05-03 20:00:00,16.708166666666664,52.73016666666668,101.09983333333328,13.316666666666666,0.3173821078269884,12.359547115560446,26.79865153636778,5,-0.8660254037844386,0.5000000000000001,0.5712682150947923,0.8207634412072763,0.49999999999999994,-0.8660254037844387,51.243999,-0.571478,36
2019-05-03 21:00:00,15.216666666666663,52.62516666666668,101.1486666666667,12.8,0.24198466019652015,16.5403755217157,18.717369427681934,5,-0.7071067811865477,0.7071067811865474,0.5712682150947923,0.8207634412072763,0.49999999999999994,-0.8660254037844387,51.243999,-0.571478,36
2019-05-03 22:00:00,13.9635,52.653333333333336,101.19633333333323,7.233333333333333,0.22788289485243407,15.213884292850317,15.747466047044274,5,-0.5000000000000004,0.8660254037844384,0.5712682150947923,0.8207634412072763,0.49999999999999994,-0.8660254037844387,51.243999,-0.571478,36
2019-05-03 23:00:00,13.29083333333333,52.81266666666668,101.18950000000004,4.2,0.20728451414603286,17.08032015191385,19.138630806406738,5,-0.25881904510252157,0.9659258262890681,0.5712682150947923,0.8207634412072763,0.49999999999999994,-0.8660254037844387,51.243999,-0.571478,36
2019-05-04 00:00:00,12.877833333333335,52.62116666666669,101.19033333333323,3.6166666666666667,0.19118913483205288,16.247388394186604,17.88848892631996,5,0.0,1.0,0.72479278722912,0.6889669190756866,0.49999999999999994,-0.8660254037844387,51.243999,-0.571478,36
2019-05-04 01:00:00,12.435999999999998,52.376000000000005,101.19433333333326,4.433333333333334,0.18348051587667621,16.75200430275823,15.223752963856054,5,0.25881904510252074,0.9659258262890683,0.72479278722912,0.6889669190756866,0.49999999999999994,-0.8660254037844387,51.243999,-0.571478,36
2019-05-04 02:00:00,11.886000000000001,52.152666666666654,101.24049999999997,2.033333333333333,0.16861167865818028,15.702078271206316,12.757018679615369,5,0.49999999999999994,0.8660254037844387,0.72479278722912,0.6889669190756866,0.49999999999999994,-0.8660254037844387,51.243999,-0.571478,36
2019-05-04 03:00:00,11.157833333333327,52.15583333333332,101.24949999999995,1.7833333333333334,0.1650620782654911,13.954178788143384,16.37139153794692,5,0.7071067811865476,0.7071067811865476,0.72479278722912,0.6889669190756866,0.49999999999999994,-0.8660254037844387,51.243999,-0.571478,36
2019-05-04 04:00:00,10.764,52.26166666666668,101.22449999999995,0.65,0.1598796550573001,14.771470410220509,19.00854170807818,5,0.8660254037844386,0.5000000000000001,0.72479278722912,0.6889669190756866,0.49999999999999994,-0.8660254037844387,51.243999,-0.571478,36
2019-05-04 05:00:00,10.379333333333333,52.195,101.2883333333334,1.3,0.16383188117420197,15.065809142228852,19.36399240610253,5,0.9659258262890683,0.25881904510252074,0.72479278722912,0.6889669190756866,0.49999999999999994,-0.8660254037844387,51.243999,-0.571478,36
2019-05-04 06:00:00,10.194666666666665,52.276833333333336,101.35800000000003,3.55,0.19574648391687638,12.949351768937163,22.118255653737002,5,1.0,6.123233995736766e-17,0.72479278722912,0.6889669190756866,0.49999999999999994,-0.8660254037844387,51.243999,-0.571478,36
2019-05-04 07:00:00,10.592000000000004,52.280499999999996,101.40816666666667,3.1166666666666667,0.19713766378518946,16.201140449247287,23.49984232406258,5,0.9659258262890683,-0.25881904510252063,0.72479278722912,0.6889669190756866,0.49999999999999994,-0.8660254037844387,51.243999,-0.571478,36
2019-05-04 08:00:00,11.150833333333336,52.32733333333332,101.46249999999989,2.45,0.20273085497735663,19.29263658060172,25.164503027295385,5,0.8660254037844387,-0.4999999999999998,0.72479278722912,0.6889669190756866,0.49999999999999994,-0.8660254037844387,51.243999,-0.571478,36
2019-05-04 09:00:00,12.150833333333328,52.204166666666666,101.50950000000012,1.4166666666666667,0.18840921369931593,24.732456012623892,20.86964762147851,5,0.7071067811865476,-0.7071067811865475,0.72479278722912,0.6889669190756866,0.49999999999999994,-0.8660254037844387,51.243999,-0.571478,36
2019-05-04 10:00:00,13.337500000000002,51.871,101.56966666666668,1.0666666666666667,0.1874145484953505,28.38439723640464,20.675761702647034,5,0.49999999999999994,-0.8660254037844387,0.72479278722912,0.6889669190756866,0.49999999999999994,-0.8660254037844387,51.243999,-0.571478,36
2019-05-04 11:00:00,14.446166666666668,51.639333333333326,101.61183333333325,0.8666666666666667,0.1978609630107923,32.784803094294794,19.01366421446307,5,0.258819045102521,-0.9659258262890682,0.72479278722912,0.6889669190756866,0.49999999999999994,-0.8660254037844387,51.243999,-0.571478,36
2019-05-04 12:00:00,15.543166666666666,51.15766666666668,101.6428333333333,1.3666666666666667,0.21374398008442375,32.949585227166445,19.046512532632114,5,1.2246467991473532e-16,-1.0,0.72479278722912,0.6889669190756866,0.49999999999999994,-0.8660254037844387,51.243999,-0.571478,36
2019-05-04 13:00:00,16.75100000000001,50.70783333333332,101.69099999999997,1.6,0.21428682844228916,30.405504998655953,18.365326857609315,5,-0.2588190451025208,-0.9659258262890683,0.72479278722912,0.6889669190756866,0.49999999999999994,-0.8660254037844387,51.243999,-0.571478,36
2019-05-04 14:00:00,17.398333333333333,50.193666666666665,101.76800000000009,2.033333333333333,0.22729177494168948,27.460247502602293,18.23969071641451,5,-0.4999999999999997,-0.8660254037844388,0.72479278722912,0.6889669190756866,0.49999999999999994,-0.8660254037844387,51.243999,-0.571478,36
2019-05-04 15:00:00,18.53516666666667,50.2215,101.8165,2.033333333333333,0.2264822224711303,23.81959060017549,25.23066452418836,5,-0.7071067811865471,-0.7071067811865479,0.72479278722912,0.6889669190756866,0.49999999999999994,-0.8660254037844387,51.243999,-0.571478,36
2019-05-04 16:00:00,19.346999999999994,50.15916666666668,101.85716666666664,1.95,0.27969902541498104,30.27178202810127,20.571526604554588,5,-0.8660254037844385,-0.5000000000000004,0.72479278722912,0.6889669190756866,0.49999999999999994,-0.8660254037844387,51.243999,-0.571478,36
2019-05-04 17:00:00,21.009166666666673,50.84150000000001,101.90333333333324,1.65,0.24687473030075416,31.91758551727528,19.511017164536227,5,-0.9659258262890683,-0.25881904510252063,0.72479278722912,0.6889669190756866,0.49999999999999994,-0.8660254037844387,51.243999,-0.571478,36
2019-05-04 18:00:00,20.697666666666667,49.24016666666668,101.96816666666662,2.6333333333333333,0.2807482943938575,22.914691126989982,19.341625812110284,5,-1.0,-1.8369701987210297e-16,0.72479278722912,0.6889669190756866,0.49999999999999994,-0.8660254037844387,51.243999,-0.571478,36
2019-05-04 19:00:00,16.805500000000002,50.42999999999999,102.04783333333327,3.4166666666666665,0.2942678095940893,15.017777393852379,24.83013514555636,5,-0.9659258262890684,0.2588190451025203,0.72479278722912,0.6889669190756866,0.49999999999999994,-0.8660254037844387,51.243999,-0.571478,36
2019-05-04 20:00:00,14.478666666666665,51.20883333333334,102.098,3.9833333333333334,0.2730001572513518,10.861921116273399,26.032536427356,5,-0.8660254037844386,0.5000000000000001,0.72479278722912,0.6889669190756866,0.49999999999999994,-0.8660254037844387,51.243999,-0.571478,36
2019-05-04 21:00:00,13.085999999999997,51.40499999999999,102.1431666666666,5.666666666666667,0.28718766367537696,12.328440590001069,34.11391145665984,5,-0.7071067811865477,0.7071067811865474,0.72479278722912,0.6889669190756866,0.49999999999999994,-0.8660254037844387,51.243999,-0.571478,36
2019-05-04 22:00:00,12.118666666666668,51.485833333333304,102.1904999999999,6.283333333333333,0.2584042225062703,16.314764680965716,35.04517212833285,5,-0.5000000000000004,0.8660254037844384,0.72479278722912,0.6889669190756866,0.49999999999999994,-0.8660254037844387,51.243999,-0.571478,36
2019-05-04 23:00:00,11.252666666666666,51.45166666666667,102.21299999999998,5.716666666666667,0.2540964607464607,11.310045042972693,31.645559720383996,5,-0.25881904510252157,0.9659258262890681,0.72479278722912,0.6889669190756866,0.49999999999999994,-0.8660254037844387,51.243999,-0.571478,36
2019-05-05 00:00:00,10.455000000000002,51.38099999999999,102.26483333333346,4.85,0.2246548817100865,12.924540154951966,24.810973825347226,5,0.0,1.0,0.8486442574947509,0.5289640103269624,0.49999999999999994,-0.8660254037844387,51.243999,-0.571478,36
2019-05-05 01:00:00,9.906500000000001,51.40333333333333,102.27150000000007,4.35,0.18548473981050762,11.668991254634566,20.909177220672102,5,0.25881904510252074,0.9659258262890683,0.8486442574947509,0.5289640103269624,0.49999999999999994,-0.8660254037844387,51.243999,-0.571478,36
2019-05-05 02:00:00,9.5615,51.40400000000001,102.2841666666667,4.433333333333334,0.1713196289658747,11.973965257790422,21.15625262453923,5,0.49999999999999994,0.8660254037844387,0.8486442574947509,0.5289640103269624,0.49999999999999994,-0.8660254037844387,51.243999,-0.571478,36
2019-05-05 03:00:00,9.18733333333333,51.36866666666666,102.29966666666675,4.116666666666666,0.16960844490272814,13.030066001816774,18.50246441029583,5,0.7071067811865476,0.7071067811865476,0.8486442574947509,0.5289640103269624,0.49999999999999994,-0.8660254037844387,51.243999,-0.571478,36
2019-05-05 04:00:00,8.894666666666666,51.344500000000004,102.30233333333341,1.9666666666666666,0.16404137994649942,13.562400785048833,17.517362872486366,5,0.8660254037844386,0.5000000000000001,0.8486442574947509,0.5289640103269624,0.49999999999999994,-0.8660254037844387,51.243999,-0.571478,36
2019-05-05 05:00:00,8.487666666666666,51.31466666666667,102.31433333333327,2.283333333333333,0.1564817311704684,13.391644487045749,21.08534656766368,5,0.9659258262890683,0.25881904510252074,0.8486442574947509,0.5289640103269624,0.49999999999999994,-0.8660254037844387,51.243999,-0.571478,36
2019-05-05 06:00:00,8.3595,51.481666666666676,102.34483333333337,2.7,0.1726382094429875,13.585768562263999,24.30294910443251,5,1.0,6.123233995736766e-17,0.8486442574947509,0.5289640103269624,0.49999999999999994,-0.8660254037844387,51.243999,-0.571478,36
2019-05-05 07:00:00,9.175166666666666,51.800833333333316,102.36749999999998,3.183333333333333,0.1760661648240147,13.329904937337956,19.250210943498185,5,0.9659258262890683,-0.25881904510252063,0.8486442574947509,0.5289640103269624,0.49999999999999994,-0.8660254037844387,51.243999,-0.571478,36
2019-05-05 08:00:00,10.957166666666666,51.94766666666667,102.38383333333337,3.466666666666667,0.18704138389974564,18.42121426558098,18.983810653281378,5,0.8660254037844387,-0.4999999999999998,0.8486442574947509,0.5289640103269624,0.49999999999999994,-0.8660254037844387,51.243999,-0.571478,36
2019-05-05 09:00:00,13.059833333333335,51.57966666666662,102.39466666666668,3.5833333333333335,0.21889460250108714,21.300637673749105,20.41446636992041,5,0.7071067811865476,-0.7071067811865475,0.8486442574947509,0.5289640103269624,0.49999999999999994,-0.8660254037844387,51.243999,-0.571478,36
2019-05-05 10:00:00,14.717666666666664,51.14666666666669,102.3956666666667,3.55,0.21638267171364445,25.418339900815862,19.45524724163007,5,0.49999999999999994,-0.8660254037844387,0.8486442574947509,0.5289640103269624,0.49999999999999994,-0.8660254037844387,51.243999,-0.571478,36
2019-05-05 11:00:00,15.719999999999999,50.67783333333333,102.39199999999998,3.1,0.21595692872296962,27.638675173279946,18.750334256538654,5,0.258819045102521,-0.9659258262890682,0.8486442574947509,0.5289640103269624,0.49999999999999994,-0.8660254037844387,51.243999,-0.571478,36
2019-05-05 12:00:00,16.385833333333334,50.619,102.38333333333338,3.3833333333333333,0.25984255647651555,26.330669963842137,23.311208670643744,5,1.2246467991473532e-16,-1.0,0.8486442574947509,0.5289640103269624,0.49999999999999994,-0.8660254037844387,51.243999,-0.571478,36
2019-05-05 13:00:00,17.172999999999995,50.46450000000001,102.37133333333327,3.1333333333333333,0.23419636466061383,24.888165865764954,21.9228165252342,5,-0.2588190451025208,-0.9659258262890683,0.8486442574947509,0.5289640103269624,0.49999999999999994,-0.8660254037844387,51.243999,-0.571478,36
2019-05-05 14:00:00,17.671333333333337,50.32150000000003,102.37083333333335,3.216666666666667,0.2639575288477165,26.35676831565114,24.478826291428895,5,-0.4999999999999997,-0.8660254037844388,0.8486442574947509,0.5289640103269624,0.49999999999999994,-0.8660254037844387,51.243999,-0.571478,36
2019-05-05 15:00:00,18.195000000000004,50.2555,102.33033333333336,3.3666666666666667,0.2392544481707451,24.40981088416128,23.71575752632079,5,-0.7071067811865471,-0.7071067811865479,0.8486442574947509,0.5289640103269624,0.49999999999999994,-0.8660254037844387,51.243999,-0.571478,36
2019-05-05 16:00:00,18.063166666666664,50.18883333333334,102.28450000000005,3.2333333333333334,0.21907652584324935,22.15746426944801,24.370630256801416,5,-0.8660254037844385,-0.5000000000000004,0.8486442574947509,0.5289640103269624,0.49999999999999994,-0.8660254037844387,51.243999,-0.571478,36
2019-05-05 17:00:00,19.918999999999997,50.371999999999986,102.23566666666666,3.7666666666666666,0.25221086121470077,27.26986303133458,24.90280345388154,5,-0.9659258262890683,-0.25881904510252063,0.8486442574947509,0.5289640103269624,0.49999999999999994,-0.8660254037844387,51.243999,-0.571478,36
2019-05-05 18:00:00,20.051499999999997,49.99116666666669,102.19849999999992,4.65,0.25572231695371617,21.511016762317915,28.03278599544864,5,-1.0,-1.8369701987210297e-16,0.8486442574947509,0.5289640103269624,0.49999999999999994,-0.8660254037844387,51.243999,-0.571478,36
2019-05-05 19:00:00,18.911499999999993,50.03716666666666,102.17966666666666,3.5166666666666666,0.27232288885667716,16.882775676876854,24.55604938924243,5,-0.9659258262890684,0.2588190451025203,0.8486442574947509,0.5289640103269624,0.49999999999999994,-0.8660254037844387,51.243999,-0.571478,36
2019-05-05 20:00:00,17.492833333333337,50.22850000000001,102.15233333333323,6.983333333333333,0.25492453263844034,13.127466281655938,26.31482901562373,5,-0.8660254037844386,0.5000000000000001,0.8486442574947509,0.5289640103269624,0.49999999999999994,-0.8660254037844387,51.243999,-0.571478,36
2019-05-05 21:00:00,16.553499999999996,50.51033333333338,102.1535,10.6,0.28446026855719686,11.74049900318358,32.72619697374747,5,-0.7071067811865477,0.7071067811865474,0.8486442574947509,0.5289640103269624,0.49999999999999994,-0.8660254037844387,51.243999,-0.571478,36
2019-05-05 22:00:00,15.908999999999999,50.530666666666676,102.11466666666676,9.116666666666667,0.30017434101580864,11.145538577415184,30.218440715275786,5,-0.5000000000000004,0.8660254037844384,0.8486442574947509,0.5289640103269624,0.49999999999999994,-0.8660254037844387,51.243999,-0.571478,36
2019-05-05 23:00:00,15.326166666666664,50.50949999999997,102.07233333333345,6.833333333333333,0.2658339443295075,11.445855891908705,27.186064200817523,5,-0.25881904510252157,0.9659258262890681,0.8486442574947509,0.5289640103269624,0.49999999999999994,-0.8660254037844387,51.243999,-0.571478,36
2019-05-06 00:00:00,14.7165,50.54966666666666,102.04233333333332,7.816666666666666,0.2691569640825613,10.770057284519954,27.3884081913895,5,0.0,1.0,0.9377521321470804,0.3473052528448203,0.49999999999999994,-0.8660254037844387,51.243999,-0.571478,36
2019-05-06 01:00:00,14.327833333333333,50.572500000000005,102.0485000000001,4.216666666666667,0.24132237844865834,13.936170049293166,21.69580210275829,5,0.25881904510252074,0.9659258262890683,0.9377521321470804,0.3473052528448203,0.49999999999999994,-0.8660254037844387,51.243999,-0.571478,36
2019-05-06 02:00:00,13.961666666666668,50.515166666666644,102.05766666666668,3.0,0.20090826920289376,15.082248263198661,20.916051801047924,5,0.49999999999999994,0.8660254037844387,0.9377521321470804,0.3473052528448203,0.49999999999999994,-0.8660254037844387,51.243999,-0.571478,36
2019-05-06 03:00:00,13.537499999999998,50.426333333333325,102.06549999999993,2.9166666666666665,0.19250191853237922,15.206089045687602,18.405012737905516,5,0.7071067811865476,0.7071067811865476,0.9377521321470804,0.3473052528448203,0.49999999999999994,-0.8660254037844387,51.243999,-0.571478,36
2019-05-06 04:00:00,13.15949999999999,50.3015,102.0546666666667,7.65,0.18783731161683362,14.109779068919039,23.49261722133162,5,0.8660254037844386,0.5000000000000001,0.9377521321470804,0.3473052528448203,0.49999999999999994,-0.8660254037844387,51.243999,-0.571478,36
2019-05-06 05:00:00,12.5725,50.37616666666666,102.03116666666685,8.55,0.18987911565880836,13.060747132880817,23.243208596582395,5,0.9659258262890683,0.25881904510252074,0.9377521321470804,0.3473052528448203,0.49999999999999994,-0.8660254037844387,51.243999,-0.571478,36
2019-05-06 06:00:00,12.10333333333333,50.424166666666665,102.00133333333332,8.433333333333334,0.1954632974027172,13.030745048131617,22.331937442447074,5,1.0,6.123233995736766e-17,0.9377521321470804,0.3473052528448203,0.49999999999999994,-0.8660254037844387,51.243999,-0.571478,36
2019-05-06 07:00:00,12.128833333333331,50.57883333333332,101.99266666666657,7.066666666666666,0.1836858067477521,12.992653022045324,21.499191976215673,5,0.9659258262890683,-0.25881904510252063,0.9377521321470804,0.3473052528448203,0.49999999999999994,-0.8660254037844387,51.243999,-0.571478,36
2019-05-06 08:00:00,13.056166666666666,50.84183333333332,101.99666666666661,4.566666666666666,0.1837612579668893,17.79274427843551,18.77509027845617,5,0.8660254037844387,-0.4999999999999998,0.9377521321470804,0.3473052528448203,0.49999999999999994,-0.8660254037844387,51.243999,-0.571478,36
2019-05-06 09:00:00,14.659166666666668,50.56899999999998,101.96816666666669,3.7666666666666666,0.19513256102274876,25.602471083822625,16.36395838840556,5,0.7071067811865476,-0.7071067811865475,0.9377521321470804,0.3473052528448203,0.49999999999999994,-0.8660254037844387,51.243999,-0.571478,36
2019-05-06 10:00:00,15.604000000000005,49.8443333333333,101.9714999999999,2.1666666666666665,0.20945154835479068,27.998831287843398,18.125174848232216,5,0.49999999999999994,-0.8660254037844387,0.9377521321470804,0.3473052528448203,0.49999999999999994,-0.8660254037844387,51.243999,-0.571478,36
2019-05-06 11:00:00,16.703999999999997,49.70900000000001,101.96766666666667,2.566666666666667,0.20706018586846228,26.39097524265285,20.6683680105238,5,0.258819045102521,-0.9659258262890682,0.9377521321470804,0.3473052528448203,0.49999999999999994,-0.8660254037844387,51.243999,-0.571478,36
2019-05-06 12:00:00,17.471833333333336,49.47266666666663,101.96683333333335,7.216666666666667,0.2391347412380689,26.227319390485615,22.086596819008516,5,1.2246467991473532e-16,-1.0,0.9377521321470804,0.3473052528448203,0.49999999999999994,-0.8660254037844387,51.243999,-0.571478,36
2019-05-06 13:00:00,18.06550000000001,49.433333333333344,101.96116666666668,4.2,0.26408214790851303,25.107447011026697,23.30628296958714,5,-0.2588190451025208,-0.9659258262890683,0.9377521321470804,0.3473052528448203,0.49999999999999994,-0.8660254037844387,51.243999,-0.571478,36
2019-05-06 14:00:00,18.32349999999999,49.38383333333332,101.94700000000006,5.866666666666666,0.23039021033466422,22.997921380624955,23.41473422246199,5,-0.4999999999999997,-0.8660254037844388,0.9377521321470804,0.3473052528448203,0.49999999999999994,-0.8660254037844387,51.243999,-0.571478,36
2019-05-06 15:00:00,18.521666666666665,49.32300000000001,101.90933333333327,4.933333333333334,0.25218006147297956,20.834889940676174,25.936758135635166,5,-0.7071067811865471,-0.7071067811865479,0.9377521321470804,0.3473052528448203,0.49999999999999994,-0.8660254037844387,51.243999,-0.571478,36
2019-05-06 16:00:00,18.35716666666666,49.432000000000016,101.87116666666657,5.833333333333333,0.28449910579765525,21.982411956253596,26.674103018318128,5,-0.8660254037844385,-0.5000000000000004,0.9377521321470804,0.3473052528448203,0.49999999999999994,-0.8660254037844387,51.243999,-0.571478,36
2019-05-06 17:00:00,18.849499999999995,49.5525,101.81750000000002,7.633333333333334,0.276716915501557,21.325246998248023,28.140068763905884,5,-0.9659258262890683,-0.25881904510252063,0.9377521321470804,0.3473052528448203,0.49999999999999994,-0.8660254037844387,51.243999,-0.571478,36
2019-05-06 18:00:00,19.30200000000001,49.182666666666634,101.78000000000017,7.916666666666667,0.2571773777678214,19.819811458574332,27.11568430658083,5,-1.0,-1.8369701987210297e-16,0.9377521321470804,0.3473052528448203,0.49999999999999994,-0.8660254037844387,51.243999,-0.571478,36
2019-05-06 19:00:00,18.53333333333334,49.16933333333332,101.77583333333332,8.65,0.2766911908495526,19.725119408143136,30.723217165096617,5,-0.9659258262890684,0.2588190451025203,0.9377521321470804,0.3473052528448203,0.49999999999999994,-0.8660254037844387,51.243999,-0.571478,36
2019-05-06 20:00:00,17.68183333333333,49.407666666666664,101.7768333333333,8.166666666666666,0.27690397795406324,14.384790217200615,31.411447588283313,5,-0.8660254037844386,0.5000000000000001,0.9377521321470804,0.3473052528448203,0.49999999999999994,-0.8660254037844387,51.243999,-0.571478,36
2019-05-06 21:00:00,16.855999999999998,49.46599999999999,101.78616666666667,12.75,0.2785617571740439,10.836212253226991,29.629536651735314,5,-0.7071067811865477,0.7071067811865474,0.9377521321470804,0.3473052528448203,0.49999999999999994,-0.8660254037844387,51.243999,-0.571478,36
2019-05-06 22:00:00,15.926499999999997,49.47233333333334,101.75899999999996,13.383333333333333,0.2668003124162681,10.419526308704608,25.622357959395234,5,-0.5000000000000004,0.8660254037844384,0.9377521321470804,0.3473052528448203,0.49999999999999994,-0.8660254037844387,51.243999,-0.571478,36
2019-05-06 23:00:00,15.180666666666655,49.60016666666662,101.71483333333332,10.316666666666666,0.22667613513074242,10.639804774367498,22.177051120624125,5,-0.25881904510252157,0.9659258262890681,0.9377521321470804,0.3473052528448203,0.49999999999999994,-0.8660254037844387,51.243999,-0.571478,36
2019-05-07 00:00:00,14.70683333333333,49.67799999999999,101.70183333333323,13.116666666666667,0.23995467669034207,11.823693285549485,21.269084996842818,5,0.0,1.0,0.9884683243281114,0.1514277775045767,0.49999999999999994,-0.8660254037844387,51.243999,-0.571478,36
2019-05-07 01:00:00,14.148166666666672,49.70083333333334,101.68200000000002,8.966666666666667,0.22513862738896853,13.612321149825071,19.159372422972307,5,0.25881904510252074,0.9659258262890683,0.9884683243281114,0.1514277775045767,0.49999999999999994,-0.8660254037844387,51.243999,-0.571478,36
2019-05-07 02:00:00,13.696666666666674,49.72983333333331,101.62866666666659,9.233333333333333,0.22482536864021502,12.719007103967057,21.15613018798223,5,0.49999999999999994,0.8660254037844387,0.9884683243281114,0.1514277775045767,0.49999999999999994,-0.8660254037844387,51.243999,-0.571478,36
2019-05-07 03:00:00,13.071166666666668,49.77016666666667,101.58349999999997,9.533333333333333,0.22139538205928988,12.54807546098503,22.89310526244929,5,0.7071067811865476,0.7071067811865476,0.9884683243281114,0.1514277775045767,0.49999999999999994,-0.8660254037844387,51.243999,-0.571478,36
2019-05-07 04:00:00,12.722999999999997,49.83833333333334,101.5273333333334,9.5,0.23684935034986224,14.393474722774801,22.821014667920785,5,0.8660254037844386,0.5000000000000001,0.9884683243281114,0.1514277775045767,0.49999999999999994,-0.8660254037844387,51.243999,-0.571478,36
2019-05-07 05:00:00,12.210833333333333,49.79566666666667,101.49549999999986,10.333333333333334,0.20684590300929892,15.305263253690663,19.457028704167104,5,0.9659258262890683,0.25881904510252074,0.9884683243281114,0.1514277775045767,0.49999999999999994,-0.8660254037844387,51.243999,-0.571478,36
2019-05-07 06:00:00,11.985000000000001,50.02049999999999,101.46466666666664,12.116666666666667,0.24293484852478026,17.223853976380568,28.254326932042908,5,1.0,6.123233995736766e-17,0.9884683243281114,0.1514277775045767,0.49999999999999994,-0.8660254037844387,51.243999,-0.571478,36
2019-05-07 07:00:00,12.540333333333335,50.3218333333333,101.44716666666663,14.266666666666667,0.33500259234124435,26.748914967303094,38.1139915337927,5,0.9659258262890683,-0.25881904510252063,0.9884683243281114,0.1514277775045767,0.49999999999999994,-0.8660254037844387,51.243999,-0.571478,36
2019-05-07 08:00:00,13.936833333333336,50.325166666666654,101.41333333333337,12.933333333333334,0.30240255566390384,21.32314286077883,30.02224346884385,5,0.8660254037844387,-0.4999999999999998,0.9884683243281114,0.1514277775045767,0.49999999999999994,-0.8660254037844387,51.243999,-0.571478,36
2019-05-07 09:00:00,15.635666666666669,50.25649999999999,101.36850000000003,10.333333333333334,0.20888359809102128,20.316887122720775,19.696076239038984,5,0.7071067811865476,-0.7071067811865475,0.9884683243281114,0.1514277775045767,0.49999999999999994,-0.8660254037844387,51.243999,-0.571478,36
2019-05-07 10:00:00,17.191666666666663,49.687333333333314,101.28383333333345,8.983333333333333,0.19840709970087103,25.584563642336363,14.314947237373358,5,0.49999999999999994,-0.8660254037844387,0.9884683243281114,0.1514277775045767,0.49999999999999994,-0.8660254037844387,51.243999,-0.571478,36
2019-05-07 11:00:00,18.411833333333334,49.53299999999998,101.22800000000001,10.75,0.21066437257589132,24.311198495766394,19.313845746993753,5,0.258819045102521,-0.9659258262890682,0.9884683243281114,0.1514277775045767,0.49999999999999994,-0.8660254037844387,51.243999,-0.571478,36
2019-05-07 12:00:00,19.4485,49.422166666666655,101.16949999999993,10.333333333333334,0.21886447788597954,26.88710280205317,20.310658355371,5,1.2246467991473532e-16,-1.0,0.9884683243281114,0.1514277775045767,0.49999999999999994,-0.8660254037844387,51.243999,-0.571478,36
2019-05-07 13:00:00,20.380999999999993,49.31866666666668,101.10133333333332,12.916666666666666,0.2168727554346155,22.164088001997907,21.140023432653372,5,-0.2588190451025208,-0.9659258262890683,0.9884683243281114,0.1514277775045767,0.49999999999999994,-0.8660254037844387,51.243999,-0.571478,36
2019-05-07 14:00:00,20.83616666666667,49.32999999999998,101.04333333333344,13.216666666666667,0.23603266248940305,23.123717620189208,25.55404845567996,5,-0.4999999999999997,-0.8660254037844388,0.9884683243281114,0.1514277775045767,0.49999999999999994,-0.8660254037844387,51.243999,-0.571478,36
2019-05-07 15:00:00,21.356166666666677,49.56066666666665,100.96499999999992,13.183333333333334,0.23555541199414914,22.397729262128866,30.498335771142955,5,-0.7071067811865471,-0.7071067811865479,0.9884683243281114,0.1514277775045767,0.49999999999999994,-0.8660254037844387,51.243999,-0.571478,36
2019-05-07 16:00:00,22.418666666666674,49.254333333333356,100.86716666666673,12.933333333333334,0.23832946650941525,25.293142629598456,28.291302848189115,5,-0.8660254037844385,-0.5000000000000004,0.9884683243281114,0.1514277775045767,0.49999999999999994,-0.8660254037844387,51.243999,-0.571478,36
2019-05-07 17:00:00,22.672000000000004,49.143833333333326,100.81833333333341,10.033333333333333,0.24181714149546915,24.289300669036027,27.14804440768985,5,-0.9659258262890683,-0.25881904510252063,0.9884683243281114,0.1514277775045767,0.49999999999999994,-0.8660254037844387,51.243999,-0.571478,36
2019-05-07 18:00:00,21.957500000000003,49.08766666666666,100.75816666666667,8.066666666666666,0.24561444933475635,19.370002063039287,25.37417182242476,5,-1.0,-1.8369701987210297e-16,0.9884683243281114,0.1514277775045767,0.49999999999999994,-0.8660254037844387,51.243999,-0.571478,36
2019-05-07 19:00:00,20.53066666666667,49.19016666666668,100.70266666666664,8.8,0.2279544233531434,15.022972982820692,23.02662980352447,5,-0.9659258262890684,0.2588190451025203,0.9884683243281114,0.1514277775045767,0.49999999999999994,-0.8660254037844387,51.243999,-0.571478,36
2019-05-07 20:00:00,18.929333333333332,49.36949999999997,100.63133333333339,9.883333333333333,0.2173556630252875,13.26006903732031,18.34848327548026,5,-0.8660254037844386,0.5000000000000001,0.9884683243281114,0.1514277775045767,0.49999999999999994,-0.8660254037844387,51.243999,-0.571478,36
2019-05-07 21:00:00,17.644000000000002,49.38350000000001,100.53116666666662,8.65,0.20793437589222563,14.685872224717093,14.63259787205404,5,-0.7071067811865477,0.7071067811865474,0.9884683243281114,0.1514277775045767,0.49999999999999994,-0.8660254037844387,51.243999,-0.571478,36
2019-05-07 22:00:00,16.683666666666664,49.40766666666668,100.44283333333333,9.9,0.1963855901977062,13.45749596262122,13.633369635205343,5,-0.5000000000000004,0.8660254037844384,0.9884683243281114,0.1514277775045767,0.49999999999999994,-0.8660254037844387,51.243999,-0.571478,36
2019-05-07 23:00:00,16.22466666666667,49.36466666666671,100.30166666666675,11.8,0.19247672932562004,14.110581174124908,13.122443459477104,5,-0.25881904510252157,0.9659258262890681,0.9884683243281114,0.1514277775045767,0.49999999999999994,-0.8660254037844387,51.243999,-0.571478,36
2019-05-08 00:00:00,15.800833333333326,49.30533333333333,100.21016666666665,12.933333333333334,0.19215188866340738,10.358279539041053,10.875644551844099,5,0.0,1.0,0.9987165071710528,-0.05064916883871264,0.49999999999999994,-0.8660254037844387,51.243999,-0.571478,36
2019-05-08 01:00:00,15.223833333333339,49.35266666666666,100.06916666666665,14.933333333333334,0.19621534188991505,8.935841178654568,6.998434108485729,5,0.25881904510252074,0.9659258262890683,0.9987165071710528,-0.05064916883871264,0.49999999999999994,-0.8660254037844387,51.243999,-0.571478,36
2019-05-08 02:00:00,14.74266666666666,49.744666666666674,99.90533333333336,12.566666666666666,0.18504385885153804,9.550843895801046,7.030137789253033,5,0.49999999999999994,0.8660254037844387,0.9987165071710528,-0.05064916883871264,0.49999999999999994,-0.8660254037844387,51.243999,-0.571478,36
2019-05-08 03:00:00,14.190666666666663,49.93033333333335,99.7583333333333,9.066666666666666,0.17495424875143303,10.121689277113667,4.81720169204108,5,0.7071067811865476,0.7071067811865476,0.9987165071710528,-0.05064916883871264,0.49999999999999994,-0.8660254037844387,51.243999,-0.571478,36
2019-05-08 04:00:00,13.771333333333335,50.01616666666665,99.55483333333333,8.05,0.16588910836726534,11.694855804331825,3.2895006341008735,5,0.8660254037844386,0.5000000000000001,0.9987165071710528,-0.05064916883871264,0.49999999999999994,-0.8660254037844387,51.243999,-0.571478,36
2019-05-08 05:00:00,13.363166666666672,50.36983333333332,99.38183333333335,8.5,0.16503549224504857,11.729500669483473,3.309441036151701,5,0.9659258262890683,0.25881904510252074,0.9987165071710528,-0.05064916883871264,0.49999999999999994,-0.8660254037844387,51.243999,-0.571478,36
2019-05-08 06:00:00,13.426333333333334,50.6936666666667,99.2183333333333,7.95,0.17318760536499442,12.974525323646427,7.382042234294307,5,1.0,6.123233995736766e-17,0.9987165071710528,-0.05064916883871264,0.49999999999999994,-0.8660254037844387,51.243999,-0.571478,36
2019-05-08 07:00:00,13.908666666666667,51.04133333333332,99.06683333333334,6.583333333333333,0.1906250723663693,17.93405766538611,11.506077256287229,5,0.9659258262890683,-0.25881904510252063,0.9987165071710528,-0.05064916883871264,0.49999999999999994,-0.8660254037844387,51.243999,-0.571478,36
2019-05-08 08:00:00,14.488666666666678,51.345333333333315,98.99933333333334,3.433333333333333,0.21089992192338605,14.8862283336658,12.71793805830727,5,0.8660254037844387,-0.4999999999999998,0.9987165071710528,-0.05064916883871264,0.49999999999999994,-0.8660254037844387,51.243999,-0.571478,36
2019-05-08 09:00:00,14.747166666666669,51.51483333333337,98.96216666666672,2.7333333333333334,0.18504626835514204,19.145815480819092,13.096488166348443,5,0.7071067811865476,-0.7071067811865475,0.9987165071710528,-0.05064916883871264,0.49999999999999994,-0.8660254037844387,51.243999,-0.571478,36
2019-05-08 10:00:00,14.669333333333334,51.785,98.9695,1.8833333333333333,0.1854933767751174,20.787785881457744,10.32706542939021,5,0.49999999999999994,-0.8660254037844387,0.9987165071710528,-0.05064916883871264,0.49999999999999994,-0.8660254037844387,51.243999,-0.571478,36
2019-05-08 11:00:00,14.965999999999998,52.312333333333335,98.9358333333333,2.683333333333333,0.20756515147521978,15.911318605098613,20.53529129372955,5,0.258819045102521,-0.9659258262890682,0.9987165071710528,-0.05064916883871264,0.49999999999999994,-0.8660254037844387,51.243999,-0.571478,36
2019-05-08 12:00:00,16.023666666666674,52.55199999999999,98.91716666666663,3.35,0.22952450595402815,21.565038636415014,17.16951361448974,5,1.2246467991473532e-16,-1.0,0.9987165071710528,-0.05064916883871264,0.49999999999999994,-0.8660254037844387,51.243999,-0.571478,36
2019-05-08 13:00:00,16.26233333333333,52.81200000000001,98.91149999999996,3.1,0.22769644932597147,21.733750669132213,10.73798793410959,5,-0.2588190451025208,-0.9659258262890683,0.9987165071710528,-0.05064916883871264,0.49999999999999994,-0.8660254037844387,51.243999,-0.571478,36
2019-05-08 14:00:00,16.712499999999995,54.04166666666668,98.89716666666672,1.9333333333333333,0.19958995062834653,23.469147926943343,18.317759519887055,5,-0.4999999999999997,-0.8660254037844388,0.9987165071710528,-0.05064916883871264,0.49999999999999994,-0.8660254037844387,51.243999,-0.571478,36
2019-05-08 15:00:00,17.557499999999997,54.16166666666667,98.88233333333336,1.65,0.18086530235745255,30.561641264480503,16.83743039160833,5,-0.7071067811865471,-0.7071067811865479,0.9987165071710528,-0.05064916883871264,0.49999999999999994,-0.8660254037844387,51.243999,-0.571478,36
2019-05-08 16:00:00,18.82166666666666,53.860000000000014,98.88883333333342,1.85,0.2000086280698055,34.34280917503141,19.214100135028495,5,-0.8660254037844385,-0.5000000000000004,0.9987165071710528,-0.05064916883871264,0.49999999999999994,-0.8660254037844387,51.243999,-0.571478,36
2019-05-08 17:00:00,19.078499999999995,53.47283333333335,98.89599999999996,1.65,0.20912475215342088,29.405462504625355,16.549546017287984,5,-0.9659258262890683,-0.25881904510252063,0.9987165071710528,-0.05064916883871264,0.49999999999999994,-0.8660254037844387,51.243999,-0.571478,36
2019-05-08 18:00:00,19.508833333333325,53.06949999999999,98.9196666666667,2.2666666666666666,0.18729667488063387,26.49599917034491,18.680967294730706,5,-1.0,-1.8369701987210297e-16,0.9987165071710528,-0.05064916883871264,0.49999999999999994,-0.8660254037844387,51.243999,-0.571478,36
2019-05-08 19:00:00,18.154333333333334,53.24000000000004,98.91933333333334,2.1333333333333333,0.21437728958846716,16.837647808077083,24.151980980268334,5,-0.9659258262890684,0.2588190451025203,0.9987165071710528,-0.05064916883871264,0.49999999999999994,-0.8660254037844387,51.243999,-0.571478,36
2019-05-08 20:00:00,17.108,53.563166666666625,98.95866666666649,3.533333333333333,0.19624837653353,16.056561190571106,18.83809474343177,5,-0.8660254037844386,0.5000000000000001,0.9987165071710528,-0.05064916883871264,0.49999999999999994,-0.8660254037844387,51.243999,-0.571478,36
2019-05-08 21:00:00,16.4295,53.80799999999999,98.98083333333317,4.45,0.19721441869709777,12.770738063415811,22.27925332742608,5,-0.7071067811865477,0.7071067811865474,0.9987165071710528,-0.05064916883871264,0.49999999999999994,-0.8660254037844387,51.243999,-0.571478,36
2019-05-08 22:00:00,15.847166666666672,53.73333333333331,98.96649999999998,3.0833333333333335,0.1819095369870114,12.950940771506119,18.505159192332503,5,-0.5000000000000004,0.8660254037844384,0.9987165071710528,-0.05064916883871264,0.49999999999999994,-0.8660254037844387,51.243999,-0.571478,36
2019-05-08 23:00:00,15.259166666666662,53.6496666666667,98.95983333333334,2.5,0.16894238593786373,14.66351673805055,15.305806727680704,5,-0.25881904510252157,0.9659258262890681,0.9987165071710528,-0.05064916883871264,0.49999999999999994,-0.8660254037844387,51.243999,-0.571478,36
2019-05-09 00:00:00,14.860833333333344,53.724500000000035,98.96416666666669,3.2,0.17166027108288198,12.50981986895617,22.065912490415997,5,0.0,1.0,0.9680771188662043,-0.2506525322587204,0.49999999999999994,-0.8660254037844387,51.243999,-0.571478,36
2019-05-09 01:00:00,14.916333333333334,53.78533333333336,98.96466666666666,2.8333333333333335,0.159141968650757,13.980302765805583,19.884559594247055,5,0.25881904510252074,0.9659258262890683,0.9680771188662043,-0.2506525322587204,0.49999999999999994,-0.8660254037844387,51.243999,-0.571478,36
2019-05-09 02:00:00,14.957666666666663,53.66333333333336,98.96533333333329,2.8333333333333335,0.15920252634399384,14.851819354536563,23.260686925007757,5,0.49999999999999994,0.8660254037844387,0.9680771188662043,-0.2506525322587204,0.49999999999999994,-0.8660254037844387,51.243999,-0.571478,36
2019-05-09 03:00:00,14.706166666666663,53.50066666666666,98.99916666666672,2.816666666666667,0.17814529289162392,16.56831018589211,27.897225572718355,5,0.7071067811865476,0.7071067811865476,0.9680771188662043,-0.2506525322587204,0.49999999999999994,-0.8660254037844387,51.243999,-0.571478,36
2019-05-09 04:00:00,14.305666666666673,53.33016666666667,99.04000000000009,3.283333333333333,0.19685753280096277,17.361501765194113,31.492969689730216,5,0.8660254037844386,0.5000000000000001,0.9680771188662043,-0.2506525322587204,0.49999999999999994,-0.8660254037844387,51.243999,-0.571478,36
2019-05-09 05:00:00,13.699000000000003,53.30566666666663,99.07616666666665,3.783333333333333,0.1813693949556578,13.791634041561075,31.34347694532379,5,0.9659258262890683,0.25881904510252074,0.9680771188662043,-0.2506525322587204,0.49999999999999994,-0.8660254037844387,51.243999,-0.571478,36
2019-05-09 06:00:00,13.241499999999993,53.37766666666661,99.1461666666667,4.7,0.19790675521938314,17.25843900364028,34.232214893067535,5,1.0,6.123233995736766e-17,0.9680771188662043,-0.2506525322587204,0.49999999999999994,-0.8660254037844387,51.243999,-0.571478,36
2019-05-09 07:00:00,13.62366666666667,53.75599999999998,99.17800000000001,6.166666666666667,0.22568752860612928,16.61549968327211,34.23343257529007,5,0.9659258262890683,-0.25881904510252063,0.9680771188662043,-0.2506525322587204,0.49999999999999994,-0.8660254037844387,51.243999,-0.571478,36
2019-05-09 08:00:00,14.8695,53.90833333333332,99.22183333333334,5.6,0.2567358682426941,20.5497679100935,36.766490874925445,5,0.8660254037844387,-0.4999999999999998,0.9680771188662043,-0.2506525322587204,0.49999999999999994,-0.8660254037844387,51.243999,-0.571478,36
2019-05-09 09:00:00,16.1185,53.968000000000025,99.29233333333342,8.383333333333333,0.2464725934613307,23.63782562960998,33.976364797977375,5,0.7071067811865476,-0.7071067811865475,0.9680771188662043,-0.2506525322587204,0.49999999999999994,-0.8660254037844387,51.243999,-0.571478,36
2019-05-09 10:00:00,17.80033333333334,53.94883333333333,99.31816666666667,5.45,0.20625835661356134,32.61629581511323,20.798879318046712,5,0.49999999999999994,-0.8660254037844387,0.9680771188662043,-0.2506525322587204,0.49999999999999994,-0.8660254037844387,51.243999,-0.571478,36
2019-05-09 11:00:00,18.426833333333338,53.36933333333333,99.38083333333333,11.816666666666666,0.26075479803304036,25.758565188989678,20.96700086386213,5,0.258819045102521,-0.9659258262890682,0.9680771188662043,-0.2506525322587204,0.49999999999999994,-0.8660254037844387,51.243999,-0.571478,36
2019-05-09 12:00:00,18.113333333333337,53.99216666666668,99.41650000000001,5.133333333333334,0.26860698615485307,23.882440152254368,25.404329170036515,5,1.2246467991473532e-16,-1.0,0.9680771188662043,-0.2506525322587204,0.49999999999999994,-0.8660254037844387,51.243999,-0.571478,36
2019-05-09 13:00:00,17.205499999999997,53.95199999999998,99.51816666666677,3.283333333333333,0.22079041623290763,24.94884734480031,18.885775073126993,5,-0.2588190451025208,-0.9659258262890683,0.9680771188662043,-0.2506525322587204,0.49999999999999994,-0.8660254037844387,51.243999,-0.571478,36
2019-05-09 14:00:00,17.293000000000006,54.769999999999996,99.58849999999993,3.3,0.2624726402414115,23.122120062282743,24.40832467235536,5,-0.4999999999999997,-0.8660254037844388,0.9680771188662043,-0.2506525322587204,0.49999999999999994,-0.8660254037844387,51.243999,-0.571478,36
2019-05-09 15:00:00,17.17883333333333,54.64916666666669,99.66416666666662,5.7,0.3274231844716484,21.328691024321827,25.77244558542024,5,-0.7071067811865471,-0.7071067811865479,0.9680771188662043,-0.2506525322587204,0.49999999999999994,-0.8660254037844387,51.243999,-0.571478,36
2019-05-09 16:00:00,17.06083333333333,55.08316666666666,99.73400000000005,10.583333333333334,0.3487797323652273,25.64533961619391,34.43986220363151,5,-0.8660254037844385,-0.5000000000000004,0.9680771188662043,-0.2506525322587204,0.49999999999999994,-0.8660254037844387,51.243999,-0.571478,36
2019-05-09 17:00:00,16.960500000000007,55.12366666666665,99.82683333333334,12.55,0.36282878545293223,29.9713635908785,40.064378009152705,5,-0.9659258262890683,-0.25881904510252063,0.9680771188662043,-0.2506525322587204,0.49999999999999994,-0.8660254037844387,51.243999,-0.571478,36
2019-05-09 18:00:00,16.416499999999996,55.300333333333334,99.92299999999993,10.833333333333334,0.36666534957678304,18.412556623772325,34.73912707798184,5,-1.0,-1.8369701987210297e-16,0.9680771188662043,-0.2506525322587204,0.49999999999999994,-0.8660254037844387,51.243999,-0.571478,36
2019-05-09 19:00:00,15.901,55.35183333333332,99.99150000000004,5.383333333333334,0.3452275071268245,19.110082116831318,31.71292229032077,5,-0.9659258262890684,0.2588190451025203,0.9680771188662043,-0.2506525322587204,0.49999999999999994,-0.8660254037844387,51.243999,-0.571478,36
2019-05-09 20:00:00,15.464833333333333,55.44283333333332,100.06066666666672,6.25,0.31942825945155295,17.15023069769318,30.58398416121087,5,-0.8660254037844386,0.5000000000000001,0.9680771188662043,-0.2506525322587204,0.49999999999999994,-0.8660254037844387,51.243999,-0.571478,36
2019-05-09 21:00:00,14.820500000000003,55.48416666666667,100.16216666666664,5.333333333333333,0.2530464293401153,14.60522749902669,23.850175603259625,5,-0.7071067811865477,0.7071067811865474,0.9680771188662043,-0.2506525322587204,0.49999999999999994,-0.8660254037844387,51.243999,-0.571478,36
2019-05-09 22:00:00,14.39150000000001,55.694500000000026,100.22900000000006,4.466666666666667,0.2639324851423827,13.736586623648536,24.54285937949157,5,-0.5000000000000004,0.8660254037844384,0.9680771188662043,-0.2506525322587204,0.49999999999999994,-0.8660254037844387,51.243999,-0.571478,36
2019-05-09 23:00:00,14.077166666666667,55.65416666666669,100.27616666666663,7.433333333333334,0.2520668904643307,15.02601012677503,23.65730086950394,5,-0.25881904510252157,0.9659258262890681,0.9680771188662043,-0.2506525322587204,0.49999999999999994,-0.8660254037844387,51.243999,-0.571478,36
2019-05-10 00:00:00,13.598333333333336,55.61950000000004,100.31500000000005,8.7,0.21813211101154778,14.270242285573477,26.915017140970132,5,0.0,1.0,0.8978045395707416,-0.4403941515576344,0.49999999999999994,-0.8660254037844387,51.243999,-0.571478,36
2019-05-10 01:00:00,13.163833333333335,55.66483333333334,100.3601666666666,10.55,0.20899600667220114,14.7038336793687,26.361879101259436,5,0.25881904510252074,0.9659258262890683,0.8978045395707416,-0.4403941515576344,0.49999999999999994,-0.8660254037844387,51.243999,-0.571478,36
2019-05-10 02:00:00,12.677,55.548666666666655,100.38283333333338,11.833333333333334,0.22412664751538455,14.37146978254688,28.01616771816043,5,0.49999999999999994,0.8660254037844387,0.8978045395707416,-0.4403941515576344,0.49999999999999994,-0.8660254037844387,51.243999,-0.571478,36
2019-05-10 03:00:00,12.089499999999997,55.552000000000014,100.43933333333332,11.616666666666667,0.22073007388178034,15.064777052606045,30.29169514821377,5,0.7071067811865476,0.7071067811865476,0.8978045395707416,-0.4403941515576344,0.49999999999999994,-0.8660254037844387,51.243999,-0.571478,36
2019-05-10 04:00:00,11.893333333333326,55.70083333333336,100.47133333333332,9.2,0.2188012022261169,12.190751214566143,29.864277967803922,5,0.8660254037844386,0.5000000000000001,0.8978045395707416,-0.4403941515576344,0.49999999999999994,-0.8660254037844387,51.243999,-0.571478,36
2019-05-10 05:00:00,11.818999999999996,55.63983333333336,100.52266666666668,8.583333333333334,0.19596692439636124,15.23008058696442,30.518729956232097,5,0.9659258262890683,0.25881904510252074,0.8978045395707416,-0.4403941515576344,0.49999999999999994,-0.8660254037844387,51.243999,-0.571478,36
2019-05-10 06:00:00,11.62166666666667,55.69033333333334,100.5783333333334,9.383333333333333,0.23590073343699622,21.553359113443488,36.82802878658923,5,1.0,6.123233995736766e-17,0.8978045395707416,-0.4403941515576344,0.49999999999999994,-0.8660254037844387,51.243999,-0.571478,36
2019-05-10 07:00:00,11.857999999999997,55.90249999999999,100.61783333333334,11.033333333333333,0.27683340976276133,18.636671891920752,37.67462868695089,5,0.9659258262890683,-0.25881904510252063,0.8978045395707416,-0.4403941515576344,0.49999999999999994,-0.8660254037844387,51.243999,-0.571478,36
2019-05-10 08:00:00,12.5845,56.107166666666664,100.65416666666661,16.083333333333332,0.31344668421468763,21.4579905633584,39.957930778778156,5,0.8660254037844387,-0.4999999999999998,0.8978045395707416,-0.4403941515576344,0.49999999999999994,-0.8660254037844387,51.243999,-0.571478,36
2019-05-10 09:00:00,13.690166666666666,56.16099999999997,100.66799999999999,18.833333333333332,0.23855371912624473,16.446061509949022,30.010143236985336,5,0.7071067811865476,-0.7071067811865475,0.8978045395707416,-0.4403941515576344,0.49999999999999994,-0.8660254037844387,51.243999,-0.571478,36
2019-05-10 10:00:00,15.14033333333333,56.44549999999996,100.68000000000006,18.35,0.2590926421301848,21.952730201216024,32.24812934580962,5,0.49999999999999994,-0.8660254037844387,0.8978045395707416,-0.4403941515576344,0.49999999999999994,-0.8660254037844387,51.243999,-0.571478,36
2019-05-10 11:00:00,16.23966666666667,56.168166666666636,100.6849999999999,12.816666666666666,0.2703090443686007,26.269637994438742,28.730345651232522,5,0.258819045102521,-0.9659258262890682,0.8978045395707416,-0.4403941515576344,0.49999999999999994,-0.8660254037844387,51.243999,-0.571478,36
2019-05-10 12:00:00,16.670333333333325,56.21666666666666,100.68766666666673,10.766666666666667,0.2670126979368446,22.58737679005084,26.747206230588503,5,1.2246467991473532e-16,-1.0,0.8978045395707416,-0.4403941515576344,0.49999999999999994,-0.8660254037844387,51.243999,-0.571478,36
2019-05-10 13:00:00,16.962833333333336,56.36850000000002,100.6796666666667,7.116666666666666,0.23238690893477582,24.400459194193292,22.14238518402616,5,-0.2588190451025208,-0.9659258262890683,0.8978045395707416,-0.4403941515576344,0.49999999999999994,-0.8660254037844387,51.243999,-0.571478,36
2019-05-10 14:00:00,17.494500000000002,56.469166666666645,100.66533333333335,6.516666666666667,0.22270080338749285,24.392006651491126,23.588808082159296,5,-0.4999999999999997,-0.8660254037844388,0.8978045395707416,-0.4403941515576344,0.49999999999999994,-0.8660254037844387,51.243999,-0.571478,36
2019-05-10 15:00:00,17.7125,56.504666666666665,100.66200000000006,7.9,0.24674433192334214,25.71581227045714,23.12212474851482,5,-0.7071067811865471,-0.7071067811865479,0.8978045395707416,-0.4403941515576344,0.49999999999999994,-0.8660254037844387,51.243999,-0.571478,36
2019-05-10 16:00:00,19.095000000000006,56.73749999999999,100.63633333333333,7.183333333333334,0.22559389552887849,34.47318749461133,23.513278356337633,5,-0.8660254037844385,-0.5000000000000004,0.8978045395707416,-0.4403941515576344,0.49999999999999994,-0.8660254037844387,51.243999,-0.571478,36
2019-05-10 17:00:00,21.493833333333324,55.927666666666674,100.60483333333323,4.333333333333333,0.1992749458624884,37.463454697792756,11.785384746924121,5,-0.9659258262890683,-0.25881904510252063,0.8978045395707416,-0.4403941515576344,0.49999999999999994,-0.8660254037844387,51.243999,-0.571478,36
2019-05-10 18:00:00,21.027333333333335,56.2631666666667,100.59700000000011,5.733333333333333,0.27236008484105756,25.21828421454702,20.147349182963563,5,-1.0,-1.8369701987210297e-16,0.8978045395707416,-0.4403941515576344,0.49999999999999994,-0.8660254037844387,51.243999,-0.571478,36
2019-05-10 19:00:00,19.855166666666662,56.68116666666666,100.63449999999992,9.183333333333334,0.250882794044654,16.622273309090655,21.235450089946326,5,-0.9659258262890684,0.2588190451025203,0.8978045395707416,-0.4403941515576344,0.49999999999999994,-0.8660254037844387,51.243999,-0.571478,36
2019-05-10 20:00:00,18.760833333333334,56.92850000000001,100.6726666666667,11.3,0.23595144941382143,13.1550769004031,23.481363021789516,5,-0.8660254037844386,0.5000000000000001,0.8978045395707416,-0.4403941515576344,0.49999999999999994,-0.8660254037844387,51.243999,-0.571478,36
2019-05-10 21:00:00,17.75083333333333,56.95850000000001,100.69666666666669,13.866666666666667,0.26613335134256627,11.567229304823945,27.073131077643563,5,-0.7071067811865477,0.7071067811865474,0.8978045395707416,-0.4403941515576344,0.49999999999999994,-0.8660254037844387,51.243999,-0.571478,36
2019-05-10 22:00:00,16.897,56.97283333333336,100.73816666666653,16.25,0.2666705949855267,11.216816087938957,32.4861818335683,5,-0.5000000000000004,0.8660254037844384,0.8978045395707416,-0.4403941515576344,0.49999999999999994,-0.8660254037844387,51.243999,-0.571478,36
2019-05-10 23:00:00,16.323500000000006,57.03316666666668,100.75816666666682,16.783333333333335,0.23995904173310312,10.586560856594366,29.156996748342195,5,-0.25881904510252157,0.9659258262890681,0.8978045395707416,-0.4403941515576344,0.49999999999999994,-0.8660254037844387,51.243999,-0.571478,36
2019-05-11 00:00:00,16.007666666666672,57.00433333333332,100.78850000000006,18.9,0.20760485590417332,11.995612364068448,23.304563680583534,5,0.0,1.0,0.7907757369376989,-0.6121059825476626,0.49999999999999994,-0.8660254037844387,51.243999,-0.571478,36
2019-05-11 01:00:00,15.688499999999996,57.14999999999996,100.7955,23.433333333333334,0.23861545247099844,11.576515566272679,26.587509416017113,5,0.25881904510252074,0.9659258262890683,0.7907757369376989,-0.6121059825476626,0.49999999999999994,-0.8660254037844387,51.243999,-0.571478,36
2019-05-11 02:00:00,15.26233333333334,57.04266666666667,100.81316666666662,24.033333333333335,0.20380474279740485,14.812566845797772,25.041565382302128,5,0.49999999999999994,0.8660254037844387,0.7907757369376989,-0.6121059825476626,0.49999999999999994,-0.8660254037844387,51.243999,-0.571478,36
2019-05-11 03:00:00,14.591333333333331,57.01916666666666,100.8341666666667,26.066666666666666,0.2028432286381945,15.932976492258357,28.90976616250546,5,0.7071067811865476,0.7071067811865476,0.7907757369376989,-0.6121059825476626,0.49999999999999994,-0.8660254037844387,51.243999,-0.571478,36
2019-05-11 04:00:00,14.014333333333337,56.897833333333324,100.9413333333333,24.3,0.2053724158946855,14.41017139571839,30.39164682929957,5,0.8660254037844386,0.5000000000000001,0.7907757369376989,-0.6121059825476626,0.49999999999999994,-0.8660254037844387,51.243999,-0.571478,36
2019-05-11 05:00:00,13.499166666666655,56.971333333333334,101.04700000000004,26.95,0.20301157960739874,15.134840618715291,27.879953266914015,5,0.9659258262890683,0.25881904510252074,0.7907757369376989,-0.6121059825476626,0.49999999999999994,-0.8660254037844387,51.243999,-0.571478,36
2019-05-11 06:00:00,13.368666666666664,57.15966666666665,101.16466666666665,28.4,0.2217596477877194,14.767237601504998,25.84297276850875,5,1.0,6.123233995736766e-17,0.7907757369376989,-0.6121059825476626,0.49999999999999994,-0.8660254037844387,51.243999,-0.571478,36
2019-05-11 07:00:00,13.585166666666671,57.36999999999999,101.26550000000006,31.95,0.27261329224153447,19.21951134222126,33.209409972199566,5,0.9659258262890683,-0.25881904510252063,0.7907757369376989,-0.6121059825476626,0.49999999999999994,-0.8660254037844387,51.243999,-0.571478,36
2019-05-11 08:00:00,14.350999999999999,57.575833333333314,101.37066666666664,29.866666666666667,0.2594389820830093,19.526509101880638,31.064026437394116,5,0.8660254037844387,-0.4999999999999998,0.7907757369376989,-0.6121059825476626,0.49999999999999994,-0.8660254037844387,51.243999,-0.571478,36
2019-05-11 09:00:00,15.418333333333333,57.51333333333331,101.47483333333335,27.4,0.24876765146423857,24.010207288817913,29.700106698751036,5,0.7071067811865476,-0.7071067811865475,0.7907757369376989,-0.6121059825476626,0.49999999999999994,-0.8660254037844387,51.243999,-0.571478,36
2019-05-11 10:00:00,16.017333333333326,57.40783333333332,101.58550000000001,22.483333333333334,0.2663936475724871,21.71331236814428,29.72634603541644,5,0.49999999999999994,-0.8660254037844387,0.7907757369376989,-0.6121059825476626,0.49999999999999994,-0.8660254037844387,51.243999,-0.571478,36
2019-05-11 11:00:00,16.7525,57.583833333333324,101.67066666666656,22.0,0.23547527562911516,23.8938669390939,22.385327779162665,5,0.258819045102521,-0.9659258262890682,0.7907757369376989,-0.6121059825476626,0.49999999999999994,-0.8660254037844387,51.243999,-0.571478,36
2019-05-11 12:00:00,17.939833333333336,57.35466666666669,101.73216666666661,20.933333333333334,0.2739290674511664,31.205067061346224,21.190121816969373,5,1.2246467991473532e-16,-1.0,0.7907757369376989,-0.6121059825476626,0.49999999999999994,-0.8660254037844387,51.243999,-0.571478,36
2019-05-11 13:00:00,18.218333333333337,57.13516666666666,101.83500000000012,8.166666666666666,0.29838906762686623,29.64348068571572,31.763102116014274,5,-0.2588190451025208,-0.9659258262890683,0.7907757369376989,-0.6121059825476626,0.49999999999999994,-0.8660254037844387,51.243999,-0.571478,36
2019-05-11 14:00:00,19.06733333333333,57.24983333333336,101.90216666666669,5.833333333333333,0.25335286116199074,32.09569186798288,19.61107932974127,5,-0.4999999999999997,-0.8660254037844388,0.7907757369376989,-0.6121059825476626,0.49999999999999994,-0.8660254037844387,51.243999,-0.571478,36
2019-05-11 15:00:00,21.415,57.23800000000002,101.98116666666662,6.183333333333334,0.23979655738136962,37.96158701574799,23.709971758247455,5,-0.7071067811865471,-0.7071067811865479,0.7907757369376989,-0.6121059825476626,0.49999999999999994,-0.8660254037844387,51.243999,-0.571478,36
2019-05-11 16:00:00,23.0485,56.50350000000001,102.09766666666664,4.366666666666666,0.2994802759365899,50.03260735384866,19.09445354393752,5,-0.8660254037844385,-0.5000000000000004,0.7907757369376989,-0.6121059825476626,0.49999999999999994,-0.8660254037844387,51.243999,-0.571478,36
2019-05-11 17:00:00,22.420000000000005,56.229833333333346,102.19633333333334,7.933333333333334,0.3682158942462696,32.65326869203838,23.008348454756426,5,-0.9659258262890683,-0.25881904510252063,0.7907757369376989,-0.6121059825476626,0.49999999999999994,-0.8660254037844387,51.243999,-0.571478,36
2019-05-11 18:00:00,24.278166666666664,56.389500000000005,102.26816666666672,9.066666666666666,0.315962083756111,30.44555745057166,20.828339562284945,5,-1.0,-1.8369701987210297e-16,0.7907757369376989,-0.6121059825476626,0.49999999999999994,-0.8660254037844387,51.243999,-0.571478,36
2019-05-11 19:00:00,23.05233333333334,55.696666666666644,102.36783333333331,7.033333333333333,0.3165647914003716,24.02150658694674,15.487137270873038,5,-0.9659258262890684,0.2588190451025203,0.7907757369376989,-0.6121059825476626,0.49999999999999994,-0.8660254037844387,51.243999,-0.571478,36
2019-05-11 20:00:00,20.664333333333335,56.263166666666656,102.47783333333334,8.25,0.2775831436873245,15.381052426295236,24.31835216197044,5,-0.8660254037844386,0.5000000000000001,0.7907757369376989,-0.6121059825476626,0.49999999999999994,-0.8660254037844387,51.243999,-0.571478,36
2019-05-11 21:00:00,18.85166666666667,56.61566666666663,102.56216666666668,12.033333333333333,0.24962639505668513,11.123865276571296,27.708514616935926,5,-0.7071067811865477,0.7071067811865474,0.7907757369376989,-0.6121059825476626,0.49999999999999994,-0.8660254037844387,51.243999,-0.571478,36
2019-05-11 22:00:00,17.422666666666665,56.64783333333337,102.628,13.366666666666667,0.2737440361985583,9.89937901504506,32.05002534683585,5,-0.5000000000000004,0.8660254037844384,0.7907757369376989,-0.6121059825476626,0.49999999999999994,-0.8660254037844387,51.243999,-0.571478,36
2019-05-11 23:00:00,16.05816666666666,56.56649999999998,102.71216666666659,20.75,0.3119460407140442,10.100819331965576,33.194789065867106,5,-0.25881904510252157,0.9659258262890681,0.7907757369376989,-0.6121059825476626,0.49999999999999994,-0.8660254037844387,51.243999,-0.571478,36
2019-05-12 00:00:00,14.886333333333335,56.67633333333332,102.77550000000001,20.683333333333334,0.36219210031582044,12.28945400755988,34.830897169175316,5,0.0,1.0,0.6513724827222223,-0.758758122692791,0.49999999999999994,-0.8660254037844387,51.243999,-0.571478,36
2019-05-12 01:00:00,13.999833333333333,56.537000000000006,102.82300000000002,18.85,0.3004258489596372,12.260960490563097,32.12030785695444,5,0.25881904510252074,0.9659258262890683,0.6513724827222223,-0.758758122692791,0.49999999999999994,-0.8660254037844387,51.243999,-0.571478,36
2019-05-12 02:00:00,13.08866666666667,56.516166666666635,102.89449999999997,19.95,0.26290661861276193,12.725935602010148,31.26900067527454,5,0.49999999999999994,0.8660254037844387,0.6513724827222223,-0.758758122692791,0.49999999999999994,-0.8660254037844387,51.243999,-0.571478,36
2019-05-12 03:00:00,12.256166666666665,56.426333333333346,102.93733333333334,18.816666666666666,0.29009163932337995,13.154299088711062,31.359158568450006,5,0.7071067811865476,0.7071067811865476,0.6513724827222223,-0.758758122692791,0.49999999999999994,-0.8660254037844387,51.243999,-0.571478,36
2019-05-12 04:00:00,11.552666666666664,56.44733333333332,102.99933333333342,23.083333333333332,0.3132943267621594,15.103895316537725,29.640324006442256,5,0.8660254037844386,0.5000000000000001,0.6513724827222223,-0.758758122692791,0.49999999999999994,-0.8660254037844387,51.243999,-0.571478,36
2019-05-12 05:00:00,10.937833333333339,56.36283333333331,103.09099999999992,22.8,0.27056609882676436,15.548937314909752,31.519796472235598,5,0.9659258262890683,0.25881904510252074,0.6513724827222223,-0.758758122692791,0.49999999999999994,-0.8660254037844387,51.243999,-0.571478,36
2019-05-12 06:00:00,10.7125,56.57266666666663,103.16683333333327,26.033333333333335,0.26686203994096486,16.285782129088222,29.94563512664668,5,1.0,6.123233995736766e-17,0.6513724827222223,-0.758758122692791,0.49999999999999994,-0.8660254037844387,51.243999,-0.571478,36
2019-05-12 07:00:00,11.393166666666666,56.84550000000002,103.23566666666673,26.383333333333333,0.25218793019006325,13.57411057224665,27.92812534272155,5,0.9659258262890683,-0.25881904510252063,0.6513724827222223,-0.758758122692791,0.49999999999999994,-0.8660254037844387,51.243999,-0.571478,36
2019-05-12 08:00:00,12.705166666666672,57.129,103.25583333333341,28.116666666666667,0.2471000479880172,17.332027176139793,25.44736389187658,5,0.8660254037844387,-0.4999999999999998,0.6513724827222223,-0.758758122692791,0.49999999999999994,-0.8660254037844387,51.243999,-0.571478,36
2019-05-12 09:00:00,14.730166666666667,57.18849999999999,103.27700000000003,17.533333333333335,0.24267990092725586,22.24146576173397,23.229213043298902,5,0.7071067811865476,-0.7071067811865475,0.6513724827222223,-0.758758122692791,0.49999999999999994,-0.8660254037844387,51.243999,-0.571478,36
2019-05-12 10:00:00,16.844999999999995,56.79816666666668,103.2906666666668,12.0,0.2613980249142364,29.439763819093553,21.884221757721498,5,0.49999999999999994,-0.8660254037844387,0.6513724827222223,-0.758758122692791,0.49999999999999994,-0.8660254037844387,51.243999,-0.571478,36
2019-05-12 11:00:00,18.703500000000002,56.35183333333332,103.33233333333342,10.033333333333333,0.30908129225031955,31.971920283069316,21.852336410103742,5,0.258819045102521,-0.9659258262890682,0.6513724827222223,-0.758758122692791,0.49999999999999994,-0.8660254037844387,51.243999,-0.571478,36
2019-05-12 12:00:00,20.406833333333335,55.85399999999998,103.33900000000004,7.833333333333333,0.26787030661817346,33.332778745040045,21.916160204172904,5,1.2246467991473532e-16,-1.0,0.6513724827222223,-0.758758122692791,0.49999999999999994,-0.8660254037844387,51.243999,-0.571478,36
2019-05-12 13:00:00,21.79550000000001,55.48666666666667,103.36950000000006,9.65,0.25678731172664615,31.438213448762458,21.761176941601615,5,-0.2588190451025208,-0.9659258262890683,0.6513724827222223,-0.758758122692791,0.49999999999999994,-0.8660254037844387,51.243999,-0.571478,36
2019-05-12 14:00:00,23.08666666666667,55.74016666666663,103.38216666666676,8.466666666666667,0.27747007161964493,32.61164637282754,28.048742721917865,5,-0.4999999999999997,-0.8660254037844388,0.6513724827222223,-0.758758122692791,0.49999999999999994,-0.8660254037844387,51.243999,-0.571478,36
2019-05-12 15:00:00,25.57633333333334,55.67383333333336,103.39716666666665,6.383333333333334,0.24918970453876585,33.40691968346497,36.90044782253219,5,-0.7071067811865471,-0.7071067811865479,0.6513724827222223,-0.758758122692791,0.49999999999999994,-0.8660254037844387,51.243999,-0.571478,36
2019-05-12 16:00:00,26.170500000000004,55.47699999999998,103.38766666666659,6.066666666666666,0.262987197302129,35.63808196098872,30.445684982634727,5,-0.8660254037844385,-0.5000000000000004,0.6513724827222223,-0.758758122692791,0.49999999999999994,-0.8660254037844387,51.243999,-0.571478,36
2019-05-12 17:00:00,26.591000000000008,56.084999999999994,103.3918333333333,6.983333333333333,0.28140147357254874,29.807058355080553,24.673385799269532,5,-0.9659258262890683,-0.25881904510252063,0.6513724827222223,-0.758758122692791,0.49999999999999994,-0.8660254037844387,51.243999,-0.571478,36
2019-05-12 18:00:00,25.8785,55.51399999999999,103.43899999999998,8.083333333333334,0.2681122638484413,17.76073821741934,19.40378008724884,5,-1.0,-1.8369701987210297e-16,0.6513724827222223,-0.758758122692791,0.49999999999999994,-0.8660254037844387,51.243999,-0.571478,36
2019-05-12 19:00:00,22.715000000000007,55.93016666666668,103.50566666666677,6.5,0.25762231530653024,10.778476088395026,17.892595751333428,5,-0.9659258262890684,0.2588190451025203,0.6513724827222223,-0.758758122692791,0.49999999999999994,-0.8660254037844387,51.243999,-0.571478,36
2019-05-12 20:00:00,19.850166666666663,56.19683333333337,103.55616666666673,8.45,0.2373076507394766,9.582005007169666,14.579067334195665,5,-0.8660254037844386,0.5000000000000001,0.6513724827222223,-0.758758122692791,0.49999999999999994,-0.8660254037844387,51.243999,-0.571478,36
2019-05-12 21:00:00,17.896000000000004,56.35516666666668,103.60049999999997,8.75,0.21494323193256634,10.46691426532567,14.964771089430037,5,-0.7071067811865477,0.7071067811865474,0.6513724827222223,-0.758758122692791,0.49999999999999994,-0.8660254037844387,51.243999,-0.571478,36
2019-05-12 22:00:00,16.641000000000005,56.26783333333333,103.65099999999991,6.083333333333333,0.19809933508593908,11.14575686402634,17.52770513611527,5,-0.5000000000000004,0.8660254037844384,0.6513724827222223,-0.758758122692791,0.49999999999999994,-0.8660254037844387,51.243999,-0.571478,36
2019-05-12 23:00:00,15.718499999999997,56.179333333333375,103.66983333333341,6.266666666666667,0.18418488245681078,12.468163685022374,21.752676888729635,5,-0.25881904510252157,0.9659258262890681,0.6513724827222223,-0.758758122692791,0.49999999999999994,-0.8660254037844387,51.243999,-0.571478,36
2019-05-13 00:00:00,14.62933333333333,55.813499999999955,103.6733333333334,4.733333333333333,0.18121474440066593,14.554422393513732,23.702430497694024,5,0.0,1.0,0.48530196253108104,-0.8743466161445821,0.49999999999999994,-0.8660254037844387,51.243999,-0.571478,36
2019-05-13 01:00:00,13.493500000000001,55.573,103.70366666666656,5.1,0.18107948045558972,14.535833915051159,24.903259451984876,5,0.25881904510252074,0.9659258262890683,0.48530196253108104,-0.8743466161445821,0.49999999999999994,-0.8660254037844387,51.243999,-0.571478,36
2019-05-13 02:00:00,12.453000000000003,55.44150000000001,103.69199999999992,3.85,0.1739447191218521,15.1030399047555,24.519208174759047,5,0.49999999999999994,0.8660254037844387,0.48530196253108104,-0.8743466161445821,0.49999999999999994,-0.8660254037844387,51.243999,-0.571478,36
2019-05-13 03:00:00,11.57583333333333,55.352333333333334,103.67950000000005,3.1166666666666667,0.17029200477903547,15.935738232210179,23.05734060115295,5,0.7071067811865476,0.7071067811865476,0.48530196253108104,-0.8743466161445821,0.49999999999999994,-0.8660254037844387,51.243999,-0.571478,36
2019-05-13 04:00:00,10.906500000000001,55.13599999999999,103.69416666666667,3.533333333333333,0.1634039265618617,18.533453100553963,25.96655560121547,5,0.8660254037844386,0.5000000000000001,0.48530196253108104,-0.8743466161445821,0.49999999999999994,-0.8660254037844387,51.243999,-0.571478,36
2019-05-13 05:00:00,10.210833333333332,55.09133333333331,103.71699999999994,6.716666666666667,0.1655001539569799,15.945521427666778,27.143529447715476,5,0.9659258262890683,0.25881904510252074,0.48530196253108104,-0.8743466161445821,0.49999999999999994,-0.8660254037844387,51.243999,-0.571478,36
2019-05-13 06:00:00,10.050166666666666,55.396166666666645,103.72833333333323,8.1,0.2234240502325826,21.380705545341872,35.29857289779923,5,1.0,6.123233995736766e-17,0.48530196253108104,-0.8743466161445821,0.49999999999999994,-0.8660254037844387,51.243999,-0.571478,36
2019-05-13 07:00:00,10.887666666666668,55.73916666666669,103.7441666666666,7.5,0.23999524830779098,22.963946043687482,35.70937161412585,5,0.9659258262890683,-0.25881904510252063,0.48530196253108104,-0.8743466161445821,0.49999999999999994,-0.8660254037844387,51.243999,-0.571478,36
2019-05-13 08:00:00,12.703000000000001,56.04333333333333,103.75566666666681,7.7,0.20403203930405295,18.369873970308436,31.349191472865254,5,0.8660254037844387,-0.4999999999999998,0.48530196253108104,-0.8743466161445821,0.49999999999999994,-0.8660254037844387,51.243999,-0.571478,36
2019-05-13 09:00:00,15.0445,55.83066666666664,103.73733333333317,3.3833333333333333,0.18042100502501532,26.02030542102939,22.78331421076872,5,0.7071067811865476,-0.7071067811865475,0.48530196253108104,-0.8743466161445821,0.49999999999999994,-0.8660254037844387,51.243999,-0.571478,36
2019-05-13 10:00:00,16.989499999999996,55.34299999999999,103.72633333333336,2.466666666666667,0.1783557752535568,30.3160827947214,17.695609063400585,5,0.49999999999999994,-0.8660254037844387,0.48530196253108104,-0.8743466161445821,0.49999999999999994,-0.8660254037844387,51.243999,-0.571478,36
2019-05-13 11:00:00,18.61199999999999,55.040499999999966,103.72016666666666,2.9166666666666665,0.21413859159012746,33.437990398648495,20.425874197650906,5,0.258819045102521,-0.9659258262890682,0.48530196253108104,-0.8743466161445821,0.49999999999999994,-0.8660254037844387,51.243999,-0.571478,36
2019-05-13 12:00:00,19.939833333333336,54.81699999999999,103.69316666666656,4.816666666666666,0.20147330943815586,30.467335641512115,23.622578387174364,5,1.2246467991473532e-16,-1.0,0.48530196253108104,-0.8743466161445821,0.49999999999999994,-0.8660254037844387,51.243999,-0.571478,36
2019-05-13 13:00:00,21.531,54.66866666666668,103.64299999999994,4.166666666666667,0.2047230779536239,31.18822810397744,25.99644597387722,5,-0.2588190451025208,-0.9659258262890683,0.48530196253108104,-0.8743466161445821,0.49999999999999994,-0.8660254037844387,51.243999,-0.571478,36
2019-05-13 14:00:00,23.298000000000005,54.54166666666664,103.6015,3.3666666666666667,0.196536224913358,32.20903138156495,24.116932302497236,5,-0.4999999999999997,-0.8660254037844388,0.48530196253108104,-0.8743466161445821,0.49999999999999994,-0.8660254037844387,51.243999,-0.571478,36
2019-05-13 15:00:00,25.291666666666668,54.635333333333314,103.57100000000011,3.9166666666666665,0.22682497144877686,34.892117990546005,37.02231927569794,5,-0.7071067811865471,-0.7071067811865479,0.48530196253108104,-0.8743466161445821,0.49999999999999994,-0.8660254037844387,51.243999,-0.571478,36
2019-05-13 16:00:00,27.501500000000004,54.56216666666667,103.52283333333338,5.833333333333333,0.29622240008170037,56.53268161274771,43.091600407532525,5,-0.8660254037844385,-0.5000000000000004,0.48530196253108104,-0.8743466161445821,0.49999999999999994,-0.8660254037844387,51.243999,-0.571478,36
2019-05-13 17:00:00,29.339333333333343,54.133166666666654,103.5025,3.3666666666666667,0.25511548288903224,45.90998743000226,20.958324077681443,5,-0.9659258262890683,-0.25881904510252063,0.48530196253108104,-0.8743466161445821,0.49999999999999994,-0.8660254037844387,51.243999,-0.571478,36
2019-05-13 18:00:00,30.550500000000003,53.79866666666666,103.49183333333329,3.3,0.2405081059118602,28.839502352052566,29.535900889267534,5,-1.0,-1.8369701987210297e-16,0.48530196253108104,-0.8743466161445821,0.49999999999999994,-0.8660254037844387,51.243999,-0.571478,36
2019-05-13 19:00:00,27.31683333333334,53.592499999999994,103.49616666666662,2.65,0.26353251336416855,16.514293651467668,29.960540449654037,5,-0.9659258262890684,0.2588190451025203,0.48530196253108104,-0.8743466161445821,0.49999999999999994,-0.8660254037844387,51.243999,-0.571478,36
2019-05-13 20:00:00,22.948500000000006,53.978999999999964,103.49316666666655,2.566666666666667,0.26500167035636324,10.671642111381328,30.304236999131426,5,-0.8660254037844386,0.5000000000000001,0.48530196253108104,-0.8743466161445821,0.49999999999999994,-0.8660254037844387,51.243999,-0.571478,36
2019-05-13 21:00:00,20.049666666666667,53.7528333333333,103.50566666666678,1.9166666666666667,0.2507166546971154,10.007397383268245,30.12087885406838,5,-0.7071067811865477,0.7071067811865474,0.48530196253108104,-0.8743466161445821,0.49999999999999994,-0.8660254037844387,51.243999,-0.571478,36
2019-05-13 22:00:00,17.863333333333333,53.51933333333333,103.49166666666655,1.5666666666666667,0.20850513142347601,8.705145646281807,26.82887833700924,5,-0.5000000000000004,0.8660254037844384,0.48530196253108104,-0.8743466161445821,0.49999999999999994,-0.8660254037844387,51.243999,-0.571478,36
2019-05-13 23:00:00,16.140499999999996,53.24083333333332,103.45616666666658,4.033333333333333,0.2143694092312693,8.592188334410878,24.810601895260284,5,-0.25881904510252157,0.9659258262890681,0.48530196253108104,-0.8743466161445821,0.49999999999999994,-0.8660254037844387,51.243999,-0.571478,36
2019-05-14 00:00:00,14.652166666666668,53.10450000000001,103.43850000000006,4.916666666666667,0.2189338180452515,9.131135970870302,22.37104433178273,5,0.0,1.0,0.29936312297335804,-0.9541392564000488,0.49999999999999994,-0.8660254037844387,51.243999,-0.571478,36
2019-05-14 01:00:00,13.623500000000003,53.18416666666667,103.41099999999986,5.316666666666666,0.18988090241631195,10.864543356164797,17.123012578018894,5,0.25881904510252074,0.9659258262890683,0.29936312297335804,-0.9541392564000488,0.49999999999999994,-0.8660254037844387,51.243999,-0.571478,36
2019-05-14 02:00:00,12.854499999999996,53.08699999999999,103.38583333333335,8.183333333333334,0.17727741180966436,11.73470671094715,17.052324395661564,5,0.49999999999999994,0.8660254037844387,0.29936312297335804,-0.9541392564000488,0.49999999999999994,-0.8660254037844387,51.243999,-0.571478,36
2019-05-14 03:00:00,12.176,53.03233333333333,103.37133333333324,11.6,0.17817436407641182,12.897866021200292,20.955918010690343,5,0.7071067811865476,0.7071067811865476,0.29936312297335804,-0.9541392564000488,0.49999999999999994,-0.8660254037844387,51.243999,-0.571478,36
2019-05-14 04:00:00,11.629333333333337,52.917333333333346,103.33833333333324,14.0,0.1769841507768128,14.53944284124,21.780461214047804,5,0.8660254037844386,0.5000000000000001,0.29936312297335804,-0.9541392564000488,0.49999999999999994,-0.8660254037844387,51.243999,-0.571478,36
2019-05-14 05:00:00,11.122999999999998,52.95116666666668,103.3136666666667,15.65,0.18562309420585868,13.779921126223142,26.61910114777986,5,0.9659258262890683,0.25881904510252074,0.29936312297335804,-0.9541392564000488,0.49999999999999994,-0.8660254037844387,51.243999,-0.571478,36
2019-05-14 06:00:00,11.095666666666666,53.15983333333331,103.30650000000009,20.516666666666666,0.21392646215205932,20.823938419361845,29.383251643073912,5,1.0,6.123233995736766e-17,0.29936312297335804,-0.9541392564000488,0.49999999999999994,-0.8660254037844387,51.243999,-0.571478,36
2019-05-14 07:00:00,11.958333333333336,53.426000000000016,103.29850000000009,19.9,0.28530546305691357,20.484318733703965,31.584883099890924,5,0.9659258262890683,-0.25881904510252063,0.29936312297335804,-0.9541392564000488,0.49999999999999994,-0.8660254037844387,51.243999,-0.571478,36
2019-05-14 08:00:00,13.757000000000001,53.763833333333345,103.25650000000002,12.283333333333333,0.2741914530815554,23.26884260312204,32.857133393482975,5,0.8660254037844387,-0.4999999999999998,0.29936312297335804,-0.9541392564000488,0.49999999999999994,-0.8660254037844387,51.243999,-0.571478,36
2019-05-14 09:00:00,16.358833333333333,53.67766666666668,103.22499999999991,3.9166666666666665,0.23187788674827914,33.74168974918883,19.89655697626341,5,0.7071067811865476,-0.7071067811865475,0.29936312297335804,-0.9541392564000488,0.49999999999999994,-0.8660254037844387,51.243999,-0.571478,36
2019-05-14 10:00:00,18.8095,52.95133333333336,103.19316666666666,2.45,0.2142346458110963,30.0458152254264,18.79717219242848,5,0.49999999999999994,-0.8660254037844387,0.29936312297335804,-0.9541392564000488,0.49999999999999994,-0.8660254037844387,51.243999,-0.571478,36
2019-05-14 11:00:00,20.734333333333336,52.66166666666667,103.14850000000001,2.3,0.22976244734495585,30.877420488501393,20.461414294879418,5,0.258819045102521,-0.9659258262890682,0.29936312297335804,-0.9541392564000488,0.49999999999999994,-0.8660254037844387,51.243999,-0.571478,36
2019-05-14 12:00:00,22.019500000000004,52.311000000000014,103.10666666666674,2.0166666666666666,0.2134910113062844,34.65576246153818,14.665135839344265,5,1.2246467991473532e-16,-1.0,0.29936312297335804,-0.9541392564000488,0.49999999999999994,-0.8660254037844387,51.243999,-0.571478,36
2019-05-14 13:00:00,23.20216666666666,52.1195,103.06500000000008,3.65,0.21669094849359352,28.119215578512385,20.17841945897841,5,-0.2588190451025208,-0.9659258262890683,0.29936312297335804,-0.9541392564000488,0.49999999999999994,-0.8660254037844387,51.243999,-0.571478,36
2019-05-14 14:00:00,24.39883333333334,51.903499999999994,102.99783333333332,3.2,0.22217426282938227,29.822075795604597,18.68114283450633,5,-0.4999999999999997,-0.8660254037844388,0.29936312297335804,-0.9541392564000488,0.49999999999999994,-0.8660254037844387,51.243999,-0.571478,36
2019-05-14 15:00:00,26.13383333333333,52.15116666666664,102.93116666666664,5.75,0.2637496596913832,29.323646425651997,32.36765523888211,5,-0.7071067811865471,-0.7071067811865479,0.29936312297335804,-0.9541392564000488,0.49999999999999994,-0.8660254037844387,51.243999,-0.571478,36
2019-05-14 16:00:00,27.987833333333334,52.04916666666668,102.86150000000005,3.1166666666666667,0.25035610798511826,32.72499007370152,39.48841520809547,5,-0.8660254037844385,-0.5000000000000004,0.29936312297335804,-0.9541392564000488,0.49999999999999994,-0.8660254037844387,51.243999,-0.571478,36
2019-05-14 17:00:00,30.17366666666667,52.15516666666667,102.8236666666668,2.1666666666666665,0.2747464362582963,38.332296593229806,26.68139972389075,5,-0.9659258262890683,-0.25881904510252063,0.29936312297335804,-0.9541392564000488,0.49999999999999994,-0.8660254037844387,51.243999,-0.571478,36
2019-05-14 18:00:00,31.721500000000002,51.52166666666666,102.78933333333333,2.316666666666667,0.2733027012751415,22.54453444959594,33.72852102180378,5,-1.0,-1.8369701987210297e-16,0.29936312297335804,-0.9541392564000488,0.49999999999999994,-0.8660254037844387,51.243999,-0.571478,36
2019-05-14 19:00:00,27.904333333333334,51.28966666666667,102.76500000000003,1.9833333333333334,0.26821096037529485,13.937132013759564,25.49503133851249,5,-0.9659258262890684,0.2588190451025203,0.29936312297335804,-0.9541392564000488,0.49999999999999994,-0.8660254037844387,51.243999,-0.571478,36
2019-05-14 20:00:00,23.225333333333325,52.13883333333334,102.73116666666651,1.8833333333333333,0.27981686410935563,11.222351411051978,27.65109571098983,5,-0.8660254037844386,0.5000000000000001,0.29936312297335804,-0.9541392564000488,0.49999999999999994,-0.8660254037844387,51.243999,-0.571478,36
2019-05-14 21:00:00,20.404666666666667,52.06233333333334,102.72899999999996,2.15,0.24594962641822707,11.399122971115009,24.786247591950488,5,-0.7071067811865477,0.7071067811865474,0.29936312297335804,-0.9541392564000488,0.49999999999999994,-0.8660254037844387,51.243999,-0.571478,36
2019-05-14 22:00:00,18.5235,51.889500000000034,102.72416666666668,2.033333333333333,0.20718737739445928,10.190351316325371,23.751564559916154,5,-0.5000000000000004,0.8660254037844384,0.29936312297335804,-0.9541392564000488,0.49999999999999994,-0.8660254037844387,51.243999,-0.571478,36
2019-05-14 23:00:00,17.049666666666663,51.567666666666646,102.71049999999997,2.6666666666666665,0.20994744049266237,11.866203655050738,18.931925461469415,5,-0.25881904510252157,0.9659258262890681,0.29936312297335804,-0.9541392564000488,0.49999999999999994,-0.8660254037844387,51.243999,-0.571478,36
2019-05-15 00:00:00,15.697000000000003,51.40516666666667,102.66616666666667,3.816666666666667,0.18754293895309246,12.151337777767816,14.153582948819317,5,0.0,1.0,0.10116832198743272,-0.994869323391895,0.49999999999999994,-0.8660254037844387,51.243999,-0.571478,36
2019-05-15 01:00:00,14.511333333333333,51.27549999999998,102.61533333333333,5.783333333333333,0.17109692448421113,13.497366789919335,12.30629952331186,5,0.25881904510252074,0.9659258262890683,0.10116832198743272,-0.994869323391895,0.49999999999999994,-0.8660254037844387,51.243999,-0.571478,36
2019-05-15 02:00:00,13.473666666666666,51.216999999999985,102.57716666666664,9.05,0.16835101576466757,15.407428526925251,13.718711113587277,5,0.49999999999999994,0.8660254037844387,0.10116832198743272,-0.994869323391895,0.49999999999999994,-0.8660254037844387,51.243999,-0.571478,36
2019-05-15 03:00:00,12.597500000000004,51.26033333333334,102.56516666666677,13.666666666666666,0.17367398752970423,12.549438982250148,19.696342476514936,5,0.7071067811865476,0.7071067811865476,0.10116832198743272,-0.994869323391895,0.49999999999999994,-0.8660254037844387,51.243999,-0.571478,36
2019-05-15 04:00:00,12.135999999999994,51.25683333333333,102.53583333333329,21.516666666666666,0.17837036031643538,13.794773432594413,20.300126071683852,5,0.8660254037844386,0.5000000000000001,0.10116832198743272,-0.994869323391895,0.49999999999999994,-0.8660254037844387,51.243999,-0.571478,36
2019-05-15 05:00:00,11.721833333333334,51.265000000000036,102.5445000000001,23.0,0.17345021215755008,15.522791047728104,24.06718803693162,5,0.9659258262890683,0.25881904510252074,0.10116832198743272,-0.994869323391895,0.49999999999999994,-0.8660254037844387,51.243999,-0.571478,36
2019-05-15 06:00:00,11.678166666666662,51.406166666666685,102.54633333333342,30.116666666666667,0.19529314803589543,15.256297227365405,26.39398614851876,5,1.0,6.123233995736766e-17,0.10116832198743272,-0.994869323391895,0.49999999999999994,-0.8660254037844387,51.243999,-0.571478,36
2019-05-15 07:00:00,12.430499999999997,51.660666666666685,102.52683333333337,34.55,0.23871557491182074,21.17057426417466,28.005499858007173,5,0.9659258262890683,-0.25881904510252063,0.10116832198743272,-0.994869323391895,0.49999999999999994,-0.8660254037844387,51.243999,-0.571478,36
2019-05-15 08:00:00,14.070166666666667,52.011666666666656,102.49999999999996,27.816666666666666,0.26933653030163274,23.458999163139442,27.768926956625428,5,0.8660254037844387,-0.4999999999999998,0.10116832198743272,-0.994869323391895,0.49999999999999994,-0.8660254037844387,51.243999,-0.571478,36
2019-05-15 09:00:00,16.599499999999995,52.13183333333335,102.47033333333333,21.766666666666666,0.2640246632053798,25.183500011317427,26.870472603545245,5,0.7071067811865476,-0.7071067811865475,0.10116832198743272,-0.994869323391895,0.49999999999999994,-0.8660254037844387,51.243999,-0.571478,36
2019-05-15 10:00:00,19.251333333333335,51.708166666666685,102.43950000000004,18.95,0.2216702982724314,38.888301083781506,13.867601744236612,5,0.49999999999999994,-0.8660254037844387,0.10116832198743272,-0.994869323391895,0.49999999999999994,-0.8660254037844387,51.243999,-0.571478,36
2019-05-15 11:00:00,21.29883333333333,51.1015,102.38466666666662,16.583333333333332,0.20520689929324742,37.70266015304994,10.475136806305931,5,0.258819045102521,-0.9659258262890682,0.10116832198743272,-0.994869323391895,0.49999999999999994,-0.8660254037844387,51.243999,-0.571478,36
2019-05-15 12:00:00,22.923000000000005,50.767500000000005,102.33716666666668,15.933333333333334,0.24490628807744844,32.66720233103274,15.296508191921147,5,1.2246467991473532e-16,-1.0,0.10116832198743272,-0.994869323391895,0.49999999999999994,-0.8660254037844387,51.243999,-0.571478,36
2019-05-15 13:00:00,24.517833333333346,50.45499999999999,102.289,17.183333333333334,0.2289927215245474,30.840619992965237,19.835611038198316,5,-0.2588190451025208,-0.9659258262890683,0.10116832198743272,-0.994869323391895,0.49999999999999994,-0.8660254037844387,51.243999,-0.571478,36
2019-05-15 14:00:00,26.076500000000003,50.44866666666668,102.23716666666664,17.416666666666668,0.23630026289087722,31.09361254651486,24.5253086701488,5,-0.4999999999999997,-0.8660254037844388,0.10116832198743272,-0.994869323391895,0.49999999999999994,-0.8660254037844387,51.243999,-0.571478,36
2019-05-15 15:00:00,27.740166666666664,50.509999999999984,102.16450000000006,15.55,0.25126005596039724,31.992228901637592,34.92631888772728,5,-0.7071067811865471,-0.7071067811865479,0.10116832198743272,-0.994869323391895,0.49999999999999994,-0.8660254037844387,51.243999,-0.571478,36
2019-05-15 16:00:00,29.984333333333332,50.40500000000001,102.1150000000001,14.5,0.26323759943512504,39.37345283910976,44.7247683546693,5,-0.8660254037844385,-0.5000000000000004,0.10116832198743272,-0.994869323391895,0.49999999999999994,-0.8660254037844387,51.243999,-0.571478,36
2019-05-15 17:00:00,31.977833333333344,50.359,102.1106666666666,13.75,0.27609666620545453,41.5064950064699,22.14139524518406,5,-0.9659258262890683,-0.25881904510252063,0.10116832198743272,-0.994869323391895,0.49999999999999994,-0.8660254037844387,51.243999,-0.571478,36
2019-05-15 18:00:00,31.892499999999995,50.315000000000005,102.09300000000007,14.466666666666667,0.3053950252788137,27.92740675099287,27.96564490266304,5,-1.0,-1.8369701987210297e-16,0.10116832198743272,-0.994869323391895,0.49999999999999994,-0.8660254037844387,51.243999,-0.571478,36
2019-05-15 19:00:00,28.444166666666668,50.092333333333364,102.077,15.133333333333333,0.3240894325334598,14.850148631466624,25.296210620766306,5,-0.9659258262890684,0.2588190451025203,0.10116832198743272,-0.994869323391895,0.49999999999999994,-0.8660254037844387,51.243999,-0.571478,36
2019-05-15 20:00:00,24.634333333333338,50.25633333333333,102.07966666666661,12.6,0.2805992834741128,10.901021495068118,26.508497987722457,5,-0.8660254037844386,0.5000000000000001,0.10116832198743272,-0.994869323391895,0.49999999999999994,-0.8660254037844387,51.243999,-0.571478,36
2019-05-15 21:00:00,22.101,50.25849999999999,102.07799999999999,12.633333333333333,0.2709922899618293,9.979063656584483,23.78642968836235,5,-0.7071067811865477,0.7071067811865474,0.10116832198743272,-0.994869323391895,0.49999999999999994,-0.8660254037844387,51.243999,-0.571478,36
2019-05-15 22:00:00,20.216333333333335,50.00250000000001,102.07950000000005,13.666666666666666,0.25299580066414534,10.772100681339582,20.05716434040787,5,-0.5000000000000004,0.8660254037844384,0.10116832198743272,-0.994869323391895,0.49999999999999994,-0.8660254037844387,51.243999,-0.571478,36
2019-05-15 23:00:00,18.538,49.76099999999999,102.0913333333334,15.783333333333333,0.23563388964293394,10.643838467077227,20.578068452049436,5,-0.25881904510252157,0.9659258262890681,0.10116832198743272,-0.994869323391895,0.49999999999999994,-0.8660254037844387,51.243999,-0.571478,36
2019-05-16 00:00:00,16.916166666666665,49.54599999999998,102.04750000000008,19.4,0.2171436441683029,11.397558411536066,17.274842807201075,5,0.0,1.0,-0.10116832198743204,-0.9948693233918952,0.49999999999999994,-0.8660254037844387,51.243999,-0.571478,36
2019-05-16 01:00:00,15.453666666666667,49.5,101.98299999999992,21.916666666666668,0.20745100851704945,13.614189952811467,14.22627666109605,5,0.25881904510252074,0.9659258262890683,-0.10116832198743204,-0.9948693233918952,0.49999999999999994,-0.8660254037844387,51.243999,-0.571478,36
2019-05-16 02:00:00,14.240500000000004,49.43966666666666,101.89483333333334,21.966666666666665,0.20562889416720473,12.905435057738735,17.51600491624423,5,0.49999999999999994,0.8660254037844387,-0.10116832198743204,-0.9948693233918952,0.49999999999999994,-0.8660254037844387,51.243999,-0.571478,36
2019-05-16 03:00:00,13.180166666666668,49.51916666666666,101.86383333333336,33.78333333333333,0.1991408633889862,13.315209379398578,17.75523655096351,5,0.7071067811865476,0.7071067811865476,-0.10116832198743204,-0.9948693233918952,0.49999999999999994,-0.8660254037844387,51.243999,-0.571478,36
2019-05-16 04:00:00,12.592166666666664,49.465833333333286,101.8358333333333,40.666666666666664,0.1947041175256192,14.067076042270099,19.51027711472862,5,0.8660254037844386,0.5000000000000001,-0.10116832198743204,-0.9948693233918952,0.49999999999999994,-0.8660254037844387,51.243999,-0.571478,36
2019-05-16 05:00:00,11.979166666666664,49.43333333333333,101.83283333333326,40.53333333333333,0.19483376511567635,13.663968845989496,23.810722593219772,5,0.9659258262890683,0.25881904510252074,-0.10116832198743204,-0.9948693233918952,0.49999999999999994,-0.8660254037844387,51.243999,-0.571478,36
2019-05-16 06:00:00,11.814333333333332,49.62416666666666,101.81116666666672,40.833333333333336,0.24595889194899442,20.071951167467976,28.542696188410034,5,1.0,6.123233995736766e-17,-0.10116832198743204,-0.9948693233918952,0.49999999999999994,-0.8660254037844387,51.243999,-0.571478,36
2019-05-16 07:00:00,12.63383333333333,49.99066666666668,101.79433333333331,34.86666666666667,0.29394076895032517,15.723585556201462,22.79483373350703,5,0.9659258262890683,-0.25881904510252063,-0.10116832198743204,-0.9948693233918952,0.49999999999999994,-0.8660254037844387,51.243999,-0.571478,36
2019-05-16 08:00:00,14.584,50.324833333333316,101.77950000000004,28.633333333333333,0.2885271905376854,19.95439183780505,25.13647634845792,5,0.8660254037844387,-0.4999999999999998,-0.10116832198743204,-0.9948693233918952,0.49999999999999994,-0.8660254037844387,51.243999,-0.571478,36
2019-05-16 09:00:00,17.425666666666668,50.24633333333334,101.74049999999993,16.75,0.2662574640584026,29.32540591108569,19.54939501756146,5,0.7071067811865476,-0.7071067811865475,-0.10116832198743204,-0.9948693233918952,0.49999999999999994,-0.8660254037844387,51.243999,-0.571478,36
2019-05-16 10:00:00,19.93716666666667,49.525333333333336,101.6876666666667,11.05,0.22984023822701297,37.1617888565477,12.549937784615167,5,0.49999999999999994,-0.8660254037844387,-0.10116832198743204,-0.9948693233918952,0.49999999999999994,-0.8660254037844387,51.243999,-0.571478,36
2019-05-16 11:00:00,21.80366666666667,48.97433333333334,101.64933333333333,13.3,0.22913910177852148,33.63608105812565,18.604313309251186,5,0.258819045102521,-0.9659258262890682,-0.10116832198743204,-0.9948693233918952,0.49999999999999994,-0.8660254037844387,51.243999,-0.571478,36
2019-05-16 12:00:00,22.810000000000002,48.785333333333334,101.59433333333327,13.766666666666667,0.22933932919999478,32.41867793762155,18.395582749495123,5,1.2246467991473532e-16,-1.0,-0.10116832198743204,-0.9948693233918952,0.49999999999999994,-0.8660254037844387,51.243999,-0.571478,36
2019-05-16 13:00:00,23.8585,48.69133333333335,101.54833333333337,13.466666666666667,0.24839480115171236,32.55975589065597,20.81215481808654,5,-0.2588190451025208,-0.9659258262890683,-0.10116832198743204,-0.9948693233918952,0.49999999999999994,-0.8660254037844387,51.243999,-0.571478,36
2019-05-16 14:00:00,24.790000000000003,48.411500000000004,101.47166666666656,13.633333333333333,0.22410399003342688,27.6873503167049,22.121207867517676,5,-0.4999999999999997,-0.8660254037844388,-0.10116832198743204,-0.9948693233918952,0.49999999999999994,-0.8660254037844387,51.243999,-0.571478,36
2019-05-16 15:00:00,25.89133333333334,48.49383333333333,101.41150000000003,7.283333333333333,0.2494348511602777,29.451703024679244,30.749559765100244,5,-0.7071067811865471,-0.7071067811865479,-0.10116832198743204,-0.9948693233918952,0.49999999999999994,-0.8660254037844387,51.243999,-0.571478,36
2019-05-16 16:00:00,28.065666666666672,48.61100000000003,101.3646666666667,3.1166666666666667,0.2191055388274671,32.47459656285244,49.129919990822124,5,-0.8660254037844385,-0.5000000000000004,-0.10116832198743204,-0.9948693233918952,0.49999999999999994,-0.8660254037844387,51.243999,-0.571478,36
2019-05-16 17:00:00,30.106333333333335,48.31933333333334,101.3158333333334,4.1,0.29453257562779733,41.038332032340904,23.025976714712662,5,-0.9659258262890683,-0.25881904510252063,-0.10116832198743204,-0.9948693233918952,0.49999999999999994,-0.8660254037844387,51.243999,-0.571478,36
2019-05-16 18:00:00,31.688999999999982,47.471,101.30183333333338,3.2666666666666666,0.2454037981911702,22.311835296305016,28.911840692394822,5,-1.0,-1.8369701987210297e-16,-0.10116832198743204,-0.9948693233918952,0.49999999999999994,-0.8660254037844387,51.243999,-0.571478,36
2019-05-16 19:00:00,27.5095,47.54466666666667,101.27583333333341,3.05,0.2564458082412007,13.739438482331108,26.645568829708616,5,-0.9659258262890684,0.2588190451025203,-0.10116832198743204,-0.9948693233918952,0.49999999999999994,-0.8660254037844387,51.243999,-0.571478,36
2019-05-16 20:00:00,22.844833333333334,48.21249999999998,101.25433333333345,4.033333333333333,0.28251279017925773,10.109710099949393,22.743292188068104,5,-0.8660254037844386,0.5000000000000001,-0.10116832198743204,-0.9948693233918952,0.49999999999999994,-0.8660254037844387,51.243999,-0.571478,36
2019-05-16 21:00:00,20.015499999999996,48.237333333333304,101.23733333333323,4.5,0.2812358463900273,10.01586363131739,20.578118309332343,5,-0.7071067811865477,0.7071067811865474,-0.10116832198743204,-0.9948693233918952,0.49999999999999994,-0.8660254037844387,51.243999,-0.571478,36
2019-05-16 22:00:00,18.134333333333323,48.12833333333336,101.20333333333328,7.85,0.27441533321473593,10.408382282066555,20.173196110888476,5,-0.5000000000000004,0.8660254037844384,-0.10116832198743204,-0.9948693233918952,0.49999999999999994,-0.8660254037844387,51.243999,-0.571478,36
2019-05-16 23:00:00,16.662333333333333,47.98683333333331,101.12766666666667,8.75,0.2597352113449382,9.169492766500916,21.913736111935297,5,-0.25881904510252157,0.9659258262890681,-0.10116832198743204,-0.9948693233918952,0.49999999999999994,-0.8660254037844387,51.243999,-0.571478,36
2019-05-17 00:00:00,15.46,47.86650000000002,101.0423333333334,7.95,0.25031419193449905,8.302019992281538,21.74517806000604,5,0.0,1.0,-0.2993631229733582,-0.9541392564000488,0.49999999999999994,-0.8660254037844387,51.243999,-0.571478,36
2019-05-17 01:00:00,14.403333333333332,47.92600000000002,100.98799999999996,8.016666666666667,0.21285133465986708,8.961149180529917,12.66311192396816,5,0.25881904510252074,0.9659258262890683,-0.2993631229733582,-0.9541392564000488,0.49999999999999994,-0.8660254037844387,51.243999,-0.571478,36
2019-05-17 02:00:00,13.988333333333335,48.152333333333345,100.9061666666667,10.65,0.1929512502141342,10.210891188129802,8.237498857309081,5,0.49999999999999994,0.8660254037844387,-0.2993631229733582,-0.9541392564000488,0.49999999999999994,-0.8660254037844387,51.243999,-0.571478,36
2019-05-17 03:00:00,14.119333333333321,48.25266666666668,100.84566666666666,11.533333333333333,0.18646180516206118,13.331571745781087,5.3219191781255635,5,0.7071067811865476,0.7071067811865476,-0.2993631229733582,-0.9541392564000488,0.49999999999999994,-0.8660254037844387,51.243999,-0.571478,36
2019-05-17 04:00:00,14.283833333333327,48.21500000000002,100.78550000000011,11.05,0.19115318433987363,14.903972050248147,8.395231540244847,5,0.8660254037844386,0.5000000000000001,-0.2993631229733582,-0.9541392564000488,0.49999999999999994,-0.8660254037844387,51.243999,-0.571478,36
2019-05-17 05:00:00,14.550333333333333,48.352833333333336,100.75466666666675,11.266666666666667,0.20085610985192892,13.797243788575457,12.486726736507412,5,0.9659258262890683,0.25881904510252074,-0.2993631229733582,-0.9541392564000488,0.49999999999999994,-0.8660254037844387,51.243999,-0.571478,36
2019-05-17 06:00:00,14.990499999999999,48.4485,100.73633333333322,11.316666666666666,0.2358662495991846,16.198928026729973,17.38168969521163,5,1.0,6.123233995736766e-17,-0.2993631229733582,-0.9541392564000488,0.49999999999999994,-0.8660254037844387,51.243999,-0.571478,36
2019-05-17 07:00:00,15.66583333333333,48.47316666666664,100.68866666666665,12.15,0.25071997212961367,15.708162364716793,19.05579840766104,5,0.9659258262890683,-0.25881904510252063,-0.2993631229733582,-0.9541392564000488,0.49999999999999994,-0.8660254037844387,51.243999,-0.571478,36
2019-05-17 08:00:00,16.266,48.44633333333334,100.64733333333336,9.983333333333333,0.3675710435691664,23.08178475633242,13.752328881293879,5,0.8660254037844387,-0.4999999999999998,-0.2993631229733582,-0.9541392564000488,0.49999999999999994,-0.8660254037844387,51.243999,-0.571478,36
2019-05-17 09:00:00,16.835666666666665,48.4955,100.60999999999999,12.216666666666667,0.2782844489174694,19.69094128587046,16.827633218554034,5,0.7071067811865476,-0.7071067811865475,-0.2993631229733582,-0.9541392564000488,0.49999999999999994,-0.8660254037844387,51.243999,-0.571478,36
2019-05-17 10:00:00,17.37833333333333,48.60766666666665,100.57250000000009,15.65,0.26825663618274537,18.796975998643152,24.340751553392263,5,0.49999999999999994,-0.8660254037844387,-0.2993631229733582,-0.9541392564000488,0.49999999999999994,-0.8660254037844387,51.243999,-0.571478,36
2019-05-17 11:00:00,17.948333333333345,48.62633333333331,100.56699999999992,18.166666666666668,0.27137921317221647,21.168978317527444,20.642256216384183,5,0.258819045102521,-0.9659258262890682,-0.2993631229733582,-0.9541392564000488,0.49999999999999994,-0.8660254037844387,51.243999,-0.571478,36
2019-05-17 12:00:00,18.840500000000002,48.7703333333333,100.56316666666676,18.5,0.34026505297350007,28.64551666305503,25.880864389014672,5,1.2246467991473532e-16,-1.0,-0.2993631229733582,-0.9541392564000488,0.49999999999999994,-0.8660254037844387,51.243999,-0.571478,36
2019-05-17 13:00:00,20.381333333333334,48.57616666666666,100.52300000000011,13.6,0.25690458005543326,27.730190754345397,21.665522824547573,5,-0.2588190451025208,-0.9659258262890683,-0.2993631229733582,-0.9541392564000488,0.49999999999999994,-0.8660254037844387,51.243999,-0.571478,36
2019-05-17 14:00:00,21.161499999999997,48.26350000000003,100.51466666666686,15.066666666666666,0.25873848584078957,26.215856991054103,21.572007679061908,5,-0.4999999999999997,-0.8660254037844388,-0.2993631229733582,-0.9541392564000488,0.49999999999999994,-0.8660254037844387,51.243999,-0.571478,36
2019-05-17 15:00:00,20.463166666666663,48.44849999999999,100.50249999999997,20.866666666666667,0.30107162502580587,20.34329361695952,25.706170760791412,5,-0.7071067811865471,-0.7071067811865479,-0.2993631229733582,-0.9541392564000488,0.49999999999999994,-0.8660254037844387,51.243999,-0.571478,36
2019-05-17 16:00:00,19.895500000000013,48.71600000000004,100.481,20.583333333333332,0.31915478661255103,19.334534274237285,23.457619486666022,5,-0.8660254037844385,-0.5000000000000004,-0.2993631229733582,-0.9541392564000488,0.49999999999999994,-0.8660254037844387,51.243999,-0.571478,36
2019-05-17 17:00:00,19.420666666666662,48.94516666666668,100.45416666666657,22.55,0.32190383234282555,16.737686757170323,29.08707032117464,5,-0.9659258262890683,-0.25881904510252063,-0.2993631229733582,-0.9541392564000488,0.49999999999999994,-0.8660254037844387,51.243999,-0.571478,36
2019-05-17 18:00:00,19.06916666666667,49.066166666666646,100.42516666666673,18.733333333333334,0.3074461123117267,14.895043628171154,26.5853974835723,5,-1.0,-1.8369701987210297e-16,-0.2993631229733582,-0.9541392564000488,0.49999999999999994,-0.8660254037844387,51.243999,-0.571478,36
2019-05-17 19:00:00,18.754166666666663,49.26300000000001,100.43916666666658,17.966666666666665,0.32305130314370933,17.804703486657193,27.010588275140535,5,-0.9659258262890684,0.2588190451025203,-0.2993631229733582,-0.9541392564000488,0.49999999999999994,-0.8660254037844387,51.243999,-0.571478,36
2019-05-17 20:00:00,18.370500000000003,49.37533333333336,100.44283333333328,23.8,0.3081389842792573,15.202471972341481,28.24881551228088,5,-0.8660254037844386,0.5000000000000001,-0.2993631229733582,-0.9541392564000488,0.49999999999999994,-0.8660254037844387,51.243999,-0.571478,36
2019-05-17 21:00:00,17.879500000000004,49.519166666666685,100.4461666666666,27.583333333333332,0.28332630028858696,15.841436532056814,24.22053656409813,5,-0.7071067811865477,0.7071067811865474,-0.2993631229733582,-0.9541392564000488,0.49999999999999994,-0.8660254037844387,51.243999,-0.571478,36
2019-05-17 22:00:00,17.545999999999992,49.65583333333334,100.44233333333325,32.38333333333333,0.3223033035961363,15.179374642329558,26.593169381089595,5,-0.5000000000000004,0.8660254037844384,-0.2993631229733582,-0.9541392564000488,0.49999999999999994,-0.8660254037844387,51.243999,-0.571478,36
2019-05-17 23:00:00,17.369500000000006,49.824166666666656,100.43483333333342,30.833333333333332,0.2828532635146116,15.723348650170482,27.45635446100379,5,-0.25881904510252157,0.9659258262890681,-0.2993631229733582,-0.9541392564000488,0.49999999999999994,-0.8660254037844387,51.243999,-0.571478,36
2019-05-18 00:00:00,17.199500000000004,49.895,100.40666666666661,32.483333333333334,0.2597529799790038,13.887285476147605,28.125003311392934,5,0.0,1.0,-0.4853019625310808,-0.8743466161445822,0.49999999999999994,-0.8660254037844387,51.243999,-0.571478,36
2019-05-18 01:00:00,17.15266666666667,49.98299999999999,100.3856666666667,37.0,0.2518178618647901,14.668236761803941,27.120146158103744,5,0.25881904510252074,0.9659258262890683,-0.4853019625310808,-0.8743466161445822,0.49999999999999994,-0.8660254037844387,51.243999,-0.571478,36
2019-05-18 02:00:00,16.99783333333334,50.003000000000036,100.36316666666659,34.36666666666667,0.236863219545728,16.59519436567075,24.50449166291741,5,0.49999999999999994,0.8660254037844387,-0.4853019625310808,-0.8743466161445822,0.49999999999999994,-0.8660254037844387,51.243999,-0.571478,36
2019-05-18 03:00:00,16.828833333333314,50.08999999999998,100.33316666666657,34.81666666666667,0.2342683238455422,16.44609621790232,26.751475437581885,5,0.7071067811865476,0.7071067811865476,-0.4853019625310808,-0.8743466161445822,0.49999999999999994,-0.8660254037844387,51.243999,-0.571478,36
2019-05-18 04:00:00,16.783999999999995,49.93383333333333,100.30866666666672,30.116666666666667,0.22669414238714575,16.4137175240172,28.69918018248769,5,0.8660254037844386,0.5000000000000001,-0.4853019625310808,-0.8743466161445822,0.49999999999999994,-0.8660254037844387,51.243999,-0.571478,36
2019-05-18 05:00:00,16.421333333333333,49.959499999999984,100.3075000000001,30.216666666666665,0.2248533863946833,16.957656246807844,29.0068290628766,5,0.9659258262890683,0.25881904510252074,-0.4853019625310808,-0.8743466161445822,0.49999999999999994,-0.8660254037844387,51.243999,-0.571478,36
2019-05-18 06:00:00,15.989333333333333,50.03383333333333,100.33166666666669,37.833333333333336,0.251254369764694,15.641971690273461,29.328622610890086,5,1.0,6.123233995736766e-17,-0.4853019625310808,-0.8743466161445822,0.49999999999999994,-0.8660254037844387,51.243999,-0.571478,36
2019-05-18 07:00:00,16.2845,50.354833333333325,100.34433333333332,39.266666666666666,0.2749361235565159,16.2845292229725,29.92235575816717,5,0.9659258262890683,-0.25881904510252063,-0.4853019625310808,-0.8743466161445822,0.49999999999999994,-0.8660254037844387,51.243999,-0.571478,36
2019-05-18 08:00:00,17.224666666666668,50.378333333333316,100.35699999999999,40.733333333333334,0.2644934455176775,26.573555087006973,26.938749154917573,5,0.8660254037844387,-0.4999999999999998,-0.4853019625310808,-0.8743466161445822,0.49999999999999994,-0.8660254037844387,51.243999,-0.571478,36
2019-05-18 09:00:00,18.560166666666664,50.310166666666674,100.38000000000004,34.15,0.28031896624806174,25.373808371433647,22.37979057223637,5,0.7071067811865476,-0.7071067811865475,-0.4853019625310808,-0.8743466161445822,0.49999999999999994,-0.8660254037844387,51.243999,-0.571478,36
2019-05-18 10:00:00,19.78483333333334,50.040333333333315,100.3646666666666,21.283333333333335,0.25684246258691645,29.95763992356522,21.22115972650083,5,0.49999999999999994,-0.8660254037844387,-0.4853019625310808,-0.8743466161445822,0.49999999999999994,-0.8660254037844387,51.243999,-0.571478,36
2019-05-18 11:00:00,21.083500000000008,49.93966666666666,100.37950000000008,18.05,0.24572608966841045,33.9002609197505,21.165062005244817,5,0.258819045102521,-0.9659258262890682,-0.4853019625310808,-0.8743466161445822,0.49999999999999994,-0.8660254037844387,51.243999,-0.571478,36
2019-05-18 12:00:00,21.57516666666667,49.611166666666655,100.36283333333326,20.65,0.24464002046903072,26.858410575316068,17.462919659709137,5,1.2246467991473532e-16,-1.0,-0.4853019625310808,-0.8743466161445822,0.49999999999999994,-0.8660254037844387,51.243999,-0.571478,36
2019-05-18 13:00:00,22.016000000000002,49.78833333333333,100.37150000000001,17.033333333333335,0.2628287520699636,27.684038440520638,23.078289638116164,5,-0.2588190451025208,-0.9659258262890683,-0.4853019625310808,-0.8743466161445822,0.49999999999999994,-0.8660254037844387,51.243999,-0.571478,36
2019-05-18 14:00:00,22.920666666666666,49.89516666666669,100.37583333333335,15.35,0.27719639507864763,27.95657727430193,27.58178256886665,5,-0.4999999999999997,-0.8660254037844388,-0.4853019625310808,-0.8743466161445822,0.49999999999999994,-0.8660254037844387,51.243999,-0.571478,36
2019-05-18 15:00:00,24.02666666666668,49.737666666666655,100.37166666666661,15.05,0.28534747222844487,29.411550363579916,26.71235674612523,5,-0.7071067811865471,-0.7071067811865479,-0.4853019625310808,-0.8743466161445822,0.49999999999999994,-0.8660254037844387,51.243999,-0.571478,36
2019-05-18 16:00:00,24.405833333333344,49.73566666666666,100.37400000000001,17.416666666666668,0.32000221601416146,26.95004983337851,29.469706822126227,5,-0.8660254037844385,-0.5000000000000004,-0.4853019625310808,-0.8743466161445822,0.49999999999999994,-0.8660254037844387,51.243999,-0.571478,36
2019-05-18 17:00:00,24.092499999999998,49.7915,100.3931666666666,16.8,0.31506064422540525,24.466090986915738,28.90866796126085,5,-0.9659258262890683,-0.25881904510252063,-0.4853019625310808,-0.8743466161445822,0.49999999999999994,-0.8660254037844387,51.243999,-0.571478,36
2019-05-18 18:00:00,23.97233333333331,49.81549999999997,100.42333333333332,14.483333333333333,0.3200938178915142,22.387551221706296,27.813393340662362,5,-1.0,-1.8369701987210297e-16,-0.4853019625310808,-0.8743466161445822,0.49999999999999994,-0.8660254037844387,51.243999,-0.571478,36
2019-05-18 19:00:00,23.176666666666662,49.65066666666665,100.48233333333332,11.333333333333334,0.2977024289403981,16.98250681062964,27.423943470202246,5,-0.9659258262890684,0.2588190451025203,-0.4853019625310808,-0.8743466161445822,0.49999999999999994,-0.8660254037844387,51.243999,-0.571478,36
2019-05-18 20:00:00,21.90816666666667,49.993499999999976,100.53250000000006,12.083333333333334,0.2743527443216011,8.64596705896192,26.555956223575727,5,-0.8660254037844386,0.5000000000000001,-0.4853019625310808,-0.8743466161445822,0.49999999999999994,-0.8660254037844387,51.243999,-0.571478,36
2019-05-18 21:00:00,20.445500000000013,50.342166666666664,100.5445000000001,17.883333333333333,0.31207441371161504,8.607719579967686,29.77701911677357,5,-0.7071067811865477,0.7071067811865474,-0.4853019625310808,-0.8743466161445822,0.49999999999999994,-0.8660254037844387,51.243999,-0.571478,36
2019-05-18 22:00:00,19.298,50.621666666666655,100.56499999999998,21.233333333333334,0.2775380266053473,10.141247325182254,29.38177215313925,5,-0.5000000000000004,0.8660254037844384,-0.4853019625310808,-0.8743466161445822,0.49999999999999994,-0.8660254037844387,51.243999,-0.571478,36
2019-05-18 23:00:00,18.211833333333338,50.70916666666667,100.58099999999993,28.45,0.3252762818401044,13.813156357493446,32.103503545464115,5,-0.25881904510252157,0.9659258262890681,-0.4853019625310808,-0.8743466161445822,0.49999999999999994,-0.8660254037844387,51.243999,-0.571478,36
2019-05-19 00:00:00,17.257833333333338,50.74950000000001,100.55733333333347,24.633333333333333,0.3431774677041742,12.019426454300532,30.421358714162,5,0.0,1.0,-0.651372482722222,-0.7587581226927911,0.49999999999999994,-0.8660254037844387,51.243999,-0.571478,36
2019-05-19 01:00:00,16.407,50.812500000000014,100.55850000000008,20.933333333333334,0.3051288624314221,12.456820629544456,28.74907221985118,5,0.25881904510252074,0.9659258262890683,-0.651372482722222,-0.7587581226927911,0.49999999999999994,-0.8660254037844387,51.243999,-0.571478,36
2019-05-19 02:00:00,15.657999999999994,50.87249999999997,100.57249999999995,23.266666666666666,0.2885604929039229,13.006006154950295,27.41550619638359,5,0.49999999999999994,0.8660254037844387,-0.651372482722222,-0.7587581226927911,0.49999999999999994,-0.8660254037844387,51.243999,-0.571478,36
2019-05-19 03:00:00,15.107833333333328,50.87566666666665,100.57333333333332,22.3,0.2769022435770729,14.194867175060555,28.068500325230016,5,0.7071067811865476,0.7071067811865476,-0.651372482722222,-0.7587581226927911,0.49999999999999994,-0.8660254037844387,51.243999,-0.571478,36
2019-05-19 04:00:00,14.667500000000002,50.89066666666664,100.57466666666667,21.45,0.28280843743548506,13.41044416741782,29.108496013444032,5,0.8660254037844386,0.5000000000000001,-0.651372482722222,-0.7587581226927911,0.49999999999999994,-0.8660254037844387,51.243999,-0.571478,36
2019-05-19 05:00:00,14.467833333333344,51.01366666666667,100.59899999999998,24.666666666666668,0.28434734199094264,14.099953355257592,29.840368430314683,5,0.9659258262890683,0.25881904510252074,-0.651372482722222,-0.7587581226927911,0.49999999999999994,-0.8660254037844387,51.243999,-0.571478,36
2019-05-19 06:00:00,14.602499999999996,51.118333333333325,100.62066666666665,30.033333333333335,0.30561585570211847,14.091101543203454,29.861670939953758,5,1.0,6.123233995736766e-17,-0.651372482722222,-0.7587581226927911,0.49999999999999994,-0.8660254037844387,51.243999,-0.571478,36
2019-05-19 07:00:00,15.065,51.326833333333326,100.636,41.7,0.32399312222998233,14.94374297171724,29.204585607586314,5,0.9659258262890683,-0.25881904510252063,-0.651372482722222,-0.7587581226927911,0.49999999999999994,-0.8660254037844387,51.243999,-0.571478,36
2019-05-19 08:00:00,15.817000000000002,51.502000000000024,100.66950000000007,36.6,0.32629253945559406,15.192980890261252,28.582916996710694,5,0.8660254037844387,-0.4999999999999998,-0.651372482722222,-0.7587581226927911,0.49999999999999994,-0.8660254037844387,51.243999,-0.571478,36
2019-05-19 09:00:00,16.9255,51.778,100.70116666666668,44.483333333333334,0.37009578430209816,16.487934479163847,31.019041847440075,5,0.7071067811865476,-0.7071067811865475,-0.651372482722222,-0.7587581226927911,0.49999999999999994,-0.8660254037844387,51.243999,-0.571478,36
2019-05-19 10:00:00,18.2405,51.86516666666667,100.7153333333333,40.25,0.4253526452708193,21.765817043711547,29.27338478624638,5,0.49999999999999994,-0.8660254037844387,-0.651372482722222,-0.7587581226927911,0.49999999999999994,-0.8660254037844387,51.243999,-0.571478,36
2019-05-19 11:00:00,19.507000000000005,51.95200000000003,100.74249999999998,35.333333333333336,0.4017398882549053,24.004063886804154,28.333496328996414,5,0.258819045102521,-0.9659258262890682,-0.651372482722222,-0.7587581226927911,0.49999999999999994,-0.8660254037844387,51.243999,-0.571478,36
2019-05-19 12:00:00,20.91883333333333,51.95833333333332,100.75250000000003,24.583333333333332,0.3416414207967108,25.786921719143837,23.861363135147595,5,1.2246467991473532e-16,-1.0,-0.651372482722222,-0.7587581226927911,0.49999999999999994,-0.8660254037844387,51.243999,-0.571478,36
2019-05-19 13:00:00,22.325833333333325,51.908166666666645,100.73666666666652,22.916666666666668,0.32531624235156653,26.52443149462732,26.10714047839777,5,-0.2588190451025208,-0.9659258262890683,-0.651372482722222,-0.7587581226927911,0.49999999999999994,-0.8660254037844387,51.243999,-0.571478,36
2019-05-19 14:00:00,23.787333333333333,51.81816666666669,100.72116666666672,22.433333333333334,0.3233245024400314,30.509150379177356,29.81910769323154,5,-0.4999999999999997,-0.8660254037844388,-0.651372482722222,-0.7587581226927911,0.49999999999999994,-0.8660254037844387,51.243999,-0.571478,36
2019-05-19 15:00:00,24.199999999999985,51.70050000000003,100.7211666666666,21.7,0.3027065605220041,22.85108279356157,25.96865720330006,5,-0.7071067811865471,-0.7071067811865479,-0.651372482722222,-0.7587581226927911,0.49999999999999994,-0.8660254037844387,51.243999,-0.571478,36
2019-05-19 16:00:00,23.941666666666677,51.97000000000003,100.72000000000001,22.5,0.2892383665845271,23.75839177039599,26.053875859848258,5,-0.8660254037844385,-0.5000000000000004,-0.651372482722222,-0.7587581226927911,0.49999999999999994,-0.8660254037844387,51.243999,-0.571478,36
2019-05-19 17:00:00,23.876000000000015,52.05866666666665,100.7096666666666,23.083333333333332,0.33178704576102197,18.57175188414932,25.410771421779867,5,-0.9659258262890683,-0.25881904510252063,-0.651372482722222,-0.7587581226927911,0.49999999999999994,-0.8660254037844387,51.243999,-0.571478,36
2019-05-19 18:00:00,25.132333333333335,51.877499999999976,100.69833333333325,22.65,0.2794842944114275,19.745731488159418,27.58120416399846,5,-1.0,-1.8369701987210297e-16,-0.651372482722222,-0.7587581226927911,0.49999999999999994,-0.8660254037844387,51.243999,-0.571478,36
2019-05-19 19:00:00,25.68066666666667,51.13450000000001,100.73116666666662,19.716666666666665,0.2825831954089633,20.59539269605152,22.838964615710324,5,-0.9659258262890684,0.2588190451025203,-0.651372482722222,-0.7587581226927911,0.49999999999999994,-0.8660254037844387,51.243999,-0.571478,36
2019-05-19 20:00:00,24.018666666666668,51.74549999999999,100.75283333333343,15.7,0.28305337453494445,15.228364174583708,27.62653859236774,5,-0.8660254037844386,0.5000000000000001,-0.651372482722222,-0.7587581226927911,0.49999999999999994,-0.8660254037844387,51.243999,-0.571478,36
2019-05-19 21:00:00,22.801833333333327,51.898499999999984,100.80150000000008,19.433333333333334,0.32278641488880394,13.216599986199691,27.852775801890612,5,-0.7071067811865477,0.7071067811865474,-0.651372482722222,-0.7587581226927911,0.49999999999999994,-0.8660254037844387,51.243999,-0.571478,36
2019-05-19 22:00:00,21.518000000000008,52.039999999999985,100.81966666666668,19.333333333333332,0.3071337556718103,10.240106356833031,28.078132882186427,5,-0.5000000000000004,0.8660254037844384,-0.651372482722222,-0.7587581226927911,0.49999999999999994,-0.8660254037844387,51.243999,-0.571478,36
2019-05-19 23:00:00,20.723166666666664,52.27050000000001,100.84449999999994,25.1,0.30892502953953455,10.212444489808544,29.536966631176295,5,-0.25881904510252157,0.9659258262890681,-0.651372482722222,-0.7587581226927911,0.49999999999999994,-0.8660254037844387,51.243999,-0.571478,36
2019-05-20 00:00:00,20.2015,52.309999999999995,100.85233333333339,22.45,0.2645257235538805,11.945429365348838,27.003477808409812,5,0.0,1.0,-0.7907757369376986,-0.6121059825476627,0.49999999999999994,-0.8660254037844387,51.243999,-0.571478,36
2019-05-20 01:00:00,19.79133333333333,52.31516666666666,100.83583333333331,26.916666666666668,0.26517564932070053,14.828283036199768,26.44264592084261,5,0.25881904510252074,0.9659258262890683,-0.7907757369376986,-0.6121059825476627,0.49999999999999994,-0.8660254037844387,51.243999,-0.571478,36
2019-05-20 02:00:00,19.3705,52.25933333333331,100.81916666666667,28.683333333333334,0.26649906626519243,14.367791891005204,26.04097481065502,5,0.49999999999999994,0.8660254037844387,-0.7907757369376986,-0.6121059825476627,0.49999999999999994,-0.8660254037844387,51.243999,-0.571478,36
2019-05-20 03:00:00,18.92449999999999,52.289500000000004,100.81466666666658,30.266666666666666,0.24860335125471625,15.507278379522624,25.467115311397194,5,0.7071067811865476,0.7071067811865476,-0.7907757369376986,-0.6121059825476627,0.49999999999999994,-0.8660254037844387,51.243999,-0.571478,36
2019-05-20 04:00:00,18.711499999999994,52.30983333333334,100.81666666666658,32.38333333333333,0.24149000773079263,14.558736389740229,27.60791513573044,5,0.8660254037844386,0.5000000000000001,-0.7907757369376986,-0.6121059825476627,0.49999999999999994,-0.8660254037844387,51.243999,-0.571478,36
2019-05-20 05:00:00,18.40716666666666,52.372333333333344,100.85899999999995,41.35,0.24996461020991748,16.39888252200852,31.401209141266197,5,0.9659258262890683,0.25881904510252074,-0.7907757369376986,-0.6121059825476627,0.49999999999999994,-0.8660254037844387,51.243999,-0.571478,36
2019-05-20 06:00:00,18.26716666666666,52.51333333333334,100.88816666666655,49.25,0.3432331772899179,21.029599158746397,34.09000270357159,5,1.0,6.123233995736766e-17,-0.7907757369376986,-0.6121059825476627,0.49999999999999994,-0.8660254037844387,51.243999,-0.571478,36
2019-05-20 07:00:00,18.44333333333334,52.67066666666667,100.9271666666666,40.916666666666664,0.35899990380434066,32.30848434931833,37.31841211409831,5,0.9659258262890683,-0.25881904510252063,-0.7907757369376986,-0.6121059825476627,0.49999999999999994,-0.8660254037844387,51.243999,-0.571478,36
2019-05-20 08:00:00,19.089833333333342,52.67716666666666,100.97016666666659,34.81666666666667,0.3353612184344267,21.854131965448556,30.933231388394848,5,0.8660254037844387,-0.4999999999999998,-0.7907757369376986,-0.6121059825476627,0.49999999999999994,-0.8660254037844387,51.243999,-0.571478,36
2019-05-20 09:00:00,20.171333333333337,52.75000000000001,101.00250000000013,32.03333333333333,0.31260035480385295,24.693912975773117,30.576823591584265,5,0.7071067811865476,-0.7071067811865475,-0.7907757369376986,-0.6121059825476627,0.49999999999999994,-0.8660254037844387,51.243999,-0.571478,36
2019-05-20 10:00:00,21.418333333333333,52.60266666666667,101.01683333333344,29.616666666666667,0.2864611575983591,31.13713491864548,24.623814418000684,5,0.49999999999999994,-0.8660254037844387,-0.7907757369376986,-0.6121059825476627,0.49999999999999994,-0.8660254037844387,51.243999,-0.571478,36
2019-05-20 11:00:00,22.50283333333334,52.57649999999998,101.00383333333335,22.483333333333334,0.2943344725271347,27.127385328058587,23.13991478830024,5,0.258819045102521,-0.9659258262890682,-0.7907757369376986,-0.6121059825476627,0.49999999999999994,-0.8660254037844387,51.243999,-0.571478,36
2019-05-20 12:00:00,23.79083333333333,52.44416666666667,101.02000000000014,15.95,0.2800296512138663,35.24332720566758,19.6949367245924,5,1.2246467991473532e-16,-1.0,-0.7907757369376986,-0.6121059825476627,0.49999999999999994,-0.8660254037844387,51.243999,-0.571478,36
2019-05-20 13:00:00,24.95083333333333,52.26566666666664,101.01683333333332,14.2,0.26483860981898516,34.31748827218328,24.07109894321092,5,-0.2588190451025208,-0.9659258262890683,-0.7907757369376986,-0.6121059825476627,0.49999999999999994,-0.8660254037844387,51.243999,-0.571478,36
2019-05-20 14:00:00,26.12883333333335,52.04866666666668,101.04466666666677,13.333333333333334,0.2832535495759045,31.858425902104518,24.97693388341109,5,-0.4999999999999997,-0.8660254037844388,-0.7907757369376986,-0.6121059825476627,0.49999999999999994,-0.8660254037844387,51.243999,-0.571478,36
2019-05-20 15:00:00,27.31533333333335,52.09933333333334,101.04766666666673,10.033333333333333,0.29404895217011257,32.443674022909455,34.70742105474061,5,-0.7071067811865471,-0.7071067811865479,-0.7907757369376986,-0.6121059825476627,0.49999999999999994,-0.8660254037844387,51.243999,-0.571478,36
2019-05-20 16:00:00,28.500333333333348,51.959666666666635,101.0600000000001,6.45,0.29304570238205047,41.60468214277335,29.137075934526024,5,-0.8660254037844385,-0.5000000000000004,-0.7907757369376986,-0.6121059825476627,0.49999999999999994,-0.8660254037844387,51.243999,-0.571478,36
2019-05-20 17:00:00,27.323166666666665,51.817499999999974,101.07050000000001,6.65,0.35714407968426737,27.50431324333122,28.49991616248944,5,-0.9659258262890683,-0.25881904510252063,-0.7907757369376986,-0.6121059825476627,0.49999999999999994,-0.8660254037844387,51.243999,-0.571478,36
2019-05-20 18:00:00,25.6835,51.9935,101.09016666666676,7.3,0.3327600603528931,17.65713086865161,30.48755311928279,5,-1.0,-1.8369701987210297e-16,-0.7907757369376986,-0.6121059825476627,0.49999999999999994,-0.8660254037844387,51.243999,-0.571478,36
2019-05-20 19:00:00,24.591166666666663,51.94483333333332,101.11700000000006,8.45,0.36495819881314756,13.033729691729803,31.6096908368572,5,-0.9659258262890684,0.2588190451025203,-0.7907757369376986,-0.6121059825476627,0.49999999999999994,-0.8660254037844387,51.243999,-0.571478,36
2019-05-20 20:00:00,23.980833333333326,51.84933333333332,101.14366666666656,13.8,0.31231798309767594,9.69909998658358,31.655714509600937,5,-0.8660254037844386,0.5000000000000001,-0.7907757369376986,-0.6121059825476627,0.49999999999999994,-0.8660254037844387,51.243999,-0.571478,36
2019-05-20 21:00:00,23.295833333333327,51.66616666666669,101.1911666666666,11.75,0.309131723044351,10.838625592723611,29.51784994247284,5,-0.7071067811865477,0.7071067811865474,-0.7907757369376986,-0.6121059825476627,0.49999999999999994,-0.8660254037844387,51.243999,-0.571478,36
2019-05-20 22:00:00,22.389666666666667,51.555333333333344,101.26133333333343,11.25,0.3002308304891923,11.46946346404301,28.12546880014329,5,-0.5000000000000004,0.8660254037844384,-0.7907757369376986,-0.6121059825476627,0.49999999999999994,-0.8660254037844387,51.243999,-0.571478,36
2019-05-20 23:00:00,21.324333333333335,51.29133333333332,101.28150000000007,12.75,0.2530071148549817,10.763978351438357,26.169484104655865,5,-0.25881904510252157,0.9659258262890681,-0.7907757369376986,-0.6121059825476627,0.49999999999999994,-0.8660254037844387,51.243999,-0.571478,36
2019-05-21 00:00:00,19.9055,51.21300000000003,101.3086666666666,14.883333333333333,0.2902680918119485,11.908702095067676,28.03102787515161,5,0.0,1.0,-0.8978045395707417,-0.44039415155763423,0.49999999999999994,-0.8660254037844387,51.243999,-0.571478,36
2019-05-21 01:00:00,18.561500000000002,51.27800000000001,101.32700000000001,13.45,0.22348279206803098,15.274119750327943,21.43551762153407,5,0.25881904510252074,0.9659258262890683,-0.8978045395707417,-0.44039415155763423,0.49999999999999994,-0.8660254037844387,51.243999,-0.571478,36
2019-05-21 02:00:00,17.392666666666663,51.28383333333334,101.3458333333334,12.516666666666667,0.21114901454355378,14.212992926609063,22.71453112269155,5,0.49999999999999994,0.8660254037844387,-0.8978045395707417,-0.44039415155763423,0.49999999999999994,-0.8660254037844387,51.243999,-0.571478,36
2019-05-21 03:00:00,16.42916666666667,51.27833333333335,101.37966666666654,11.4,0.2051729392605673,13.831244474291143,25.28208628569614,5,0.7071067811865476,0.7071067811865476,-0.8978045395707417,-0.44039415155763423,0.49999999999999994,-0.8660254037844387,51.243999,-0.571478,36
2019-05-21 04:00:00,15.68016666666667,51.15200000000001,101.41966666666671,10.966666666666667,0.19110289322721055,15.044558473278764,24.470168256808808,5,0.8660254037844386,0.5000000000000001,-0.8978045395707417,-0.44039415155763423,0.49999999999999994,-0.8660254037844387,51.243999,-0.571478,36
2019-05-21 05:00:00,14.984,51.17333333333332,101.4511666666667,11.583333333333334,0.19183192520897296,14.093389567504422,27.6144300692201,5,0.9659258262890683,0.25881904510252074,-0.8978045395707417,-0.44039415155763423,0.49999999999999994,-0.8660254037844387,51.243999,-0.571478,36
2019-05-21 06:00:00,14.809333333333335,51.45883333333335,101.48783333333331,15.7,0.2272176797958368,19.330404009657766,31.416734593591336,5,1.0,6.123233995736766e-17,-0.8978045395707417,-0.44039415155763423,0.49999999999999994,-0.8660254037844387,51.243999,-0.571478,36
2019-05-21 07:00:00,15.556833333333335,51.58999999999998,101.53750000000012,15.983333333333333,0.2712522660886141,27.59573471335946,30.36568533825611,5,0.9659258262890683,-0.25881904510252063,-0.8978045395707417,-0.44039415155763423,0.49999999999999994,-0.8660254037844387,51.243999,-0.571478,36
2019-05-21 08:00:00,16.923999999999996,51.690833333333316,101.57850000000002,9.066666666666666,0.24133190006193406,27.32797309065843,24.684869650066517,5,0.8660254037844387,-0.4999999999999998,-0.8978045395707417,-0.44039415155763423,0.49999999999999994,-0.8660254037844387,51.243999,-0.571478,36
2019-05-21 09:00:00,18.648999999999997,51.47766666666666,101.58183333333336,6.35,0.20592982021514442,32.23462708844801,22.622785727992348,5,0.7071067811865476,-0.7071067811865475,-0.8978045395707417,-0.44039415155763423,0.49999999999999994,-0.8660254037844387,51.243999,-0.571478,36
2019-05-21 10:00:00,20.364666666666672,51.16083333333335,101.58600000000006,4.85,0.19761898250029644,36.99918282624424,14.851836904186664,5,0.49999999999999994,-0.8660254037844387,-0.8978045395707417,-0.44039415155763423,0.49999999999999994,-0.8660254037844387,51.243999,-0.571478,36
2019-05-21 11:00:00,21.837,50.8981666666667,101.58600000000001,3.683333333333333,0.1910505883748205,38.86505901512409,14.119180195516805,5,0.258819045102521,-0.9659258262890682,-0.8978045395707417,-0.44039415155763423,0.49999999999999994,-0.8660254037844387,51.243999,-0.571478,36
2019-05-21 12:00:00,23.215666666666667,50.65183333333335,101.59466666666675,3.65,0.22668579060532984,39.8115727505284,14.763266782985236,5,1.2246467991473532e-16,-1.0,-0.8978045395707417,-0.44039415155763423,0.49999999999999994,-0.8660254037844387,51.243999,-0.571478,36
2019-05-21 13:00:00,24.897499999999994,50.45700000000001,101.58916666666666,3.6166666666666667,0.21655123220490105,38.39156377181845,15.360571058834294,5,-0.2588190451025208,-0.9659258262890683,-0.8978045395707417,-0.44039415155763423,0.49999999999999994,-0.8660254037844387,51.243999,-0.571478,36
2019-05-21 14:00:00,26.604,50.27533333333335,101.59316666666665,4.366666666666666,0.2637869953571318,42.76615152335591,15.90120694520147,5,-0.4999999999999997,-0.8660254037844388,-0.8978045395707417,-0.44039415155763423,0.49999999999999994,-0.8660254037844387,51.243999,-0.571478,36
2019-05-21 15:00:00,27.920666666666662,50.21800000000001,101.58766666666666,3.95,0.2473323846640399,44.17796656077909,28.830678779096015,5,-0.7071067811865471,-0.7071067811865479,-0.8978045395707417,-0.44039415155763423,0.49999999999999994,-0.8660254037844387,51.243999,-0.571478,36
2019-05-21 16:00:00,28.55516666666666,50.362,101.5983333333334,4.583333333333333,0.35255435362227167,45.30358104909638,25.645991208957234,5,-0.8660254037844385,-0.5000000000000004,-0.8978045395707417,-0.44039415155763423,0.49999999999999994,-0.8660254037844387,51.243999,-0.571478,36
2019-05-21 17:00:00,29.566500000000012,50.27083333333333,101.59516666666677,3.4166666666666665,0.2826735576141719,45.76374230844437,14.535215029188326,5,-0.9659258262890683,-0.25881904510252063,-0.8978045395707417,-0.44039415155763423,0.49999999999999994,-0.8660254037844387,51.243999,-0.571478,36
2019-05-21 18:00:00,30.014833333333335,49.73483333333333,101.60416666666659,3.316666666666667,0.32851508536815704,36.71735081770393,23.44243802932839,5,-1.0,-1.8369701987210297e-16,-0.8978045395707417,-0.44039415155763423,0.49999999999999994,-0.8660254037844387,51.243999,-0.571478,36
2019-05-21 19:00:00,28.368833333333328,49.39166666666668,101.62816666666671,3.7,0.31569395372944853,23.0074318694383,25.25715588402405,5,-0.9659258262890684,0.2588190451025203,-0.8978045395707417,-0.44039415155763423,0.49999999999999994,-0.8660254037844387,51.243999,-0.571478,36
2019-05-21 20:00:00,25.494499999999995,49.80733333333331,101.64649999999997,4.083333333333333,0.336522546791062,17.09928664275401,27.676136617893647,5,-0.8660254037844386,0.5000000000000001,-0.8978045395707417,-0.44039415155763423,0.49999999999999994,-0.8660254037844387,51.243999,-0.571478,36
2019-05-21 21:00:00,23.691666666666666,49.671666666666695,101.68549999999992,10.516666666666667,0.28035349664632947,11.347822795996594,26.007110606715525,5,-0.7071067811865477,0.7071067811865474,-0.8978045395707417,-0.44039415155763423,0.49999999999999994,-0.8660254037844387,51.243999,-0.571478,36
2019-05-21 22:00:00,21.69133333333333,49.45566666666668,101.69816666666664,11.6,0.2661468829751253,10.080515211682778,26.88331509814896,5,-0.5000000000000004,0.8660254037844384,-0.8978045395707417,-0.44039415155763423,0.49999999999999994,-0.8660254037844387,51.243999,-0.571478,36
2019-05-21 23:00:00,19.910666666666664,49.401166666666676,101.72116666666656,10.066666666666666,0.31576881712282734,8.269721043572444,30.975059686256294,5,-0.25881904510252157,0.9659258262890681,-0.8978045395707417,-0.44039415155763423,0.49999999999999994,-0.8660254037844387,51.243999,-0.571478,36
2019-05-22 00:00:00,18.46583333333334,49.463666666666676,101.71466666666664,11.733333333333333,0.35420379852060735,8.791422766748163,29.482897137501325,5,0.0,1.0,-0.9680771188662041,-0.2506525322587213,0.49999999999999994,-0.8660254037844387,51.243999,-0.571478,36
2019-05-22 01:00:00,17.458666666666662,49.481,101.74233333333329,11.933333333333334,0.32539581999112716,9.19599010960883,30.187991758243925,5,0.25881904510252074,0.9659258262890683,-0.9680771188662041,-0.2506525322587213,0.49999999999999994,-0.8660254037844387,51.243999,-0.571478,36
2019-05-22 02:00:00,16.678499999999996,49.49966666666668,101.75883333333346,13.333333333333334,0.25761434764847724,12.477447435328935,24.109570979994636,5,0.49999999999999994,0.8660254037844387,-0.9680771188662041,-0.2506525322587213,0.49999999999999994,-0.8660254037844387,51.243999,-0.571478,36
2019-05-22 03:00:00,16.02683333333333,49.453833333333336,101.75833333333343,14.4,0.23601463195277178,14.697490230837253,22.50486430133981,5,0.7071067811865476,0.7071067811865476,-0.9680771188662041,-0.2506525322587213,0.49999999999999994,-0.8660254037844387,51.243999,-0.571478,36
2019-05-22 04:00:00,15.536999999999995,49.329666666666654,101.74483333333322,13.45,0.2328309443646474,14.800736171404028,24.85736772029237,5,0.8660254037844386,0.5000000000000001,-0.9680771188662041,-0.2506525322587213,0.49999999999999994,-0.8660254037844387,51.243999,-0.571478,36
2019-05-22 05:00:00,15.166500000000006,49.39199999999999,101.74816666666669,11.15,0.21628451063203621,19.907894587713383,23.506544526047694,5,0.9659258262890683,0.25881904510252074,-0.9680771188662041,-0.2506525322587213,0.49999999999999994,-0.8660254037844387,51.243999,-0.571478,36
2019-05-22 06:00:00,15.189333333333337,49.509666666666675,101.76116666666684,11.916666666666666,0.26204406870302777,22.311950536920804,31.729139850008902,5,1.0,6.123233995736766e-17,-0.9680771188662041,-0.2506525322587213,0.49999999999999994,-0.8660254037844387,51.243999,-0.571478,36
2019-05-22 07:00:00,15.858666666666664,49.54949999999999,101.7865,12.266666666666667,0.2838011005398377,26.305315264483493,29.202159009002756,5,0.9659258262890683,-0.25881904510252063,-0.9680771188662041,-0.2506525322587213,0.49999999999999994,-0.8660254037844387,51.243999,-0.571478,36
2019-05-22 08:00:00,17.31716666666666,49.518333333333345,101.79700000000007,8.916666666666666,0.29901794806752147,27.254611558367856,28.60878917177405,5,0.8660254037844387,-0.4999999999999998,-0.9680771188662041,-0.2506525322587213,0.49999999999999994,-0.8660254037844387,51.243999,-0.571478,36
2019-05-22 09:00:00,19.18116666666667,49.22333333333333,101.78316666666667,4.766666666666667,0.2473277984591125,28.781885199311528,26.212858065288085,5,0.7071067811865476,-0.7071067811865475,-0.9680771188662041,-0.2506525322587213,0.49999999999999994,-0.8660254037844387,51.243999,-0.571478,36
2019-05-22 10:00:00,20.895333333333333,49.03566666666665,101.79600000000006,5.8,0.24958336155511932,34.45100604563979,22.494538256857588,5,0.49999999999999994,-0.8660254037844387,-0.9680771188662041,-0.2506525322587213,0.49999999999999994,-0.8660254037844387,51.243999,-0.571478,36
2019-05-22 11:00:00,22.65216666666667,48.875,101.76500000000006,4.316666666666666,0.222141455167991,31.923663524126038,21.171017072788757,5,0.258819045102521,-0.9659258262890682,-0.9680771188662041,-0.2506525322587213,0.49999999999999994,-0.8660254037844387,51.243999,-0.571478,36
2019-05-22 12:00:00,24.234166666666663,48.575666666666656,101.75283333333337,3.8333333333333335,0.22836497599501016,34.7634983905294,17.73059633180132,5,1.2246467991473532e-16,-1.0,-0.9680771188662041,-0.2506525322587213,0.49999999999999994,-0.8660254037844387,51.243999,-0.571478,36
2019-05-22 13:00:00,25.31183333333333,48.53833333333333,101.72733333333336,4.016666666666667,0.23595248538396996,34.36776971372597,21.214391353678046,5,-0.2588190451025208,-0.9659258262890683,-0.9680771188662041,-0.2506525322587213,0.49999999999999994,-0.8660254037844387,51.243999,-0.571478,36
2019-05-22 14:00:00,26.27466666666668,48.495,101.69566666666657,4.55,0.22972620584992592,32.81611443469018,18.831874979147454,5,-0.4999999999999997,-0.8660254037844388,-0.9680771188662041,-0.2506525322587213,0.49999999999999994,-0.8660254037844387,51.243999,-0.571478,36
2019-05-22 15:00:00,27.522333333333343,48.538833333333315,101.67699999999998,4.933333333333334,0.2412343733665406,33.96377701409772,27.783132728083157,5,-0.7071067811865471,-0.7071067811865479,-0.9680771188662041,-0.2506525322587213,0.49999999999999994,-0.8660254037844387,51.243999,-0.571478,36
2019-05-22 16:00:00,28.53366666666667,48.634666666666675,101.6541666666666,6.283333333333333,0.24790191798331732,32.08368786139689,26.36379820049258,5,-0.8660254037844385,-0.5000000000000004,-0.9680771188662041,-0.2506525322587213,0.49999999999999994,-0.8660254037844387,51.243999,-0.571478,36
2019-05-22 17:00:00,30.449666666666662,48.81666666666667,101.62049999999992,8.483333333333333,0.25244056722495284,38.074098770990155,22.634026244020074,5,-0.9659258262890683,-0.25881904510252063,-0.9680771188662041,-0.2506525322587213,0.49999999999999994,-0.8660254037844387,51.243999,-0.571478,36
2019-05-22 18:00:00,33.525333333333336,48.30033333333335,101.61199999999991,6.95,0.26687638638150585,31.428724008258126,27.003600186407404,5,-1.0,-1.8369701987210297e-16,-0.9680771188662041,-0.2506525322587213,0.49999999999999994,-0.8660254037844387,51.243999,-0.571478,36
2019-05-22 19:00:00,30.927500000000006,48.11249999999998,101.59700000000011,6.283333333333333,0.27648684282771313,22.32563955680211,19.831050616505863,5,-0.9659258262890684,0.2588190451025203,-0.9680771188662041,-0.2506525322587213,0.49999999999999994,-0.8660254037844387,51.243999,-0.571478,36
2019-05-22 20:00:00,26.586333333333336,48.669333333333356,101.58833333333335,4.15,0.258214703989704,16.273186150962744,19.83793635054167,5,-0.8660254037844386,0.5000000000000001,-0.9680771188662041,-0.2506525322587213,0.49999999999999994,-0.8660254037844387,51.243999,-0.571478,36
2019-05-22 21:00:00,23.715999999999998,48.5308333333333,101.6111666666666,4.633333333333334,0.24733871688607165,12.41426891957151,23.151623949879426,5,-0.7071067811865477,0.7071067811865474,-0.9680771188662041,-0.2506525322587213,0.49999999999999994,-0.8660254037844387,51.243999,-0.571478,36
2019-05-22 22:00:00,21.675166666666666,48.310500000000005,101.61133333333322,4.033333333333333,0.23165150981063942,13.540908523471737,20.652965381655974,5,-0.5000000000000004,0.8660254037844384,-0.9680771188662041,-0.2506525322587213,0.49999999999999994,-0.8660254037844387,51.243999,-0.571478,36
2019-05-22 23:00:00,19.881000000000007,48.01716666666666,101.60383333333338,6.033333333333333,0.24264618533697024,11.26408774378197,18.727852642610873,5,-0.25881904510252157,0.9659258262890681,-0.9680771188662041,-0.2506525322587213,0.49999999999999994,-0.8660254037844387,51.243999,-0.571478,36
2019-05-23 00:00:00,18.325833333333335,47.99849999999999,101.5743333333334,9.333333333333334,0.24223883372646174,11.92855287229226,13.3434841810545,5,0.0,1.0,-0.9987165071710528,-0.05064916883871355,0.49999999999999994,-0.8660254037844387,51.243999,-0.571478,36
2019-05-23 01:00:00,16.780666666666665,48.08299999999997,101.57366666666661,11.6,0.21460764744510472,13.05654709779131,9.544117628803187,5,0.25881904510252074,0.9659258262890683,-0.9987165071710528,-0.05064916883871355,0.49999999999999994,-0.8660254037844387,51.243999,-0.571478,36
2019-05-23 02:00:00,15.781166666666667,48.19633333333335,101.55049999999997,11.383333333333333,0.19621117472909283,15.410484933907384,9.78620726621521,5,0.49999999999999994,0.8660254037844387,-0.9987165071710528,-0.05064916883871355,0.49999999999999994,-0.8660254037844387,51.243999,-0.571478,36
2019-05-23 03:00:00,14.899499999999998,48.099000000000004,101.51066666666672,10.45,0.2054985307101348,16.341829399219264,10.38715652310628,5,0.7071067811865476,0.7071067811865476,-0.9987165071710528,-0.05064916883871355,0.49999999999999994,-0.8660254037844387,51.243999,-0.571478,36
2019-05-23 04:00:00,14.34316666666667,48.032000000000004,101.50266666666673,11.566666666666666,0.20813559854344824,17.359420653462294,11.164650060079634,5,0.8660254037844386,0.5000000000000001,-0.9987165071710528,-0.05064916883871355,0.49999999999999994,-0.8660254037844387,51.243999,-0.571478,36
2019-05-23 05:00:00,13.932666666666668,48.033166666666666,101.52566666666677,12.416666666666666,0.20296208584254655,18.565319389173542,12.321052794521782,5,0.9659258262890683,0.25881904510252074,-0.9987165071710528,-0.05064916883871355,0.49999999999999994,-0.8660254037844387,51.243999,-0.571478,36
2019-05-23 06:00:00,14.053333333333335,48.150499999999994,101.50666666666669,12.233333333333333,0.2598177688536903,23.665775902377963,20.84130403247652,5,1.0,6.123233995736766e-17,-0.9987165071710528,-0.05064916883871355,0.49999999999999994,-0.8660254037844387,51.243999,-0.571478,36
2019-05-23 07:00:00,15.253833333333327,48.42116666666667,101.50466666666676,12.983333333333333,0.3238301082530605,28.03529133065562,27.279552433194677,5,0.9659258262890683,-0.25881904510252063,-0.9987165071710528,-0.05064916883871355,0.49999999999999994,-0.8660254037844387,51.243999,-0.571478,36
2019-05-23 08:00:00,17.314000000000004,48.26833333333332,101.48616666666658,6.166666666666667,0.23871360191249275,26.80980516652996,22.308059499900175,5,0.8660254037844387,-0.4999999999999998,-0.9987165071710528,-0.05064916883871355,0.49999999999999994,-0.8660254037844387,51.243999,-0.571478,36
2019-05-23 09:00:00,19.886333333333333,47.909999999999975,101.47899999999996,4.183333333333334,0.2058166026460395,30.246719797401557,16.647238150219334,5,0.7071067811865476,-0.7071067811865475,-0.9987165071710528,-0.05064916883871355,0.49999999999999994,-0.8660254037844387,51.243999,-0.571478,36
2019-05-23 10:00:00,21.89466666666666,47.726666666666645,101.44833333333322,5.583333333333333,0.21365993264107602,35.79347573613196,19.359655941025434,5,0.49999999999999994,-0.8660254037844387,-0.9987165071710528,-0.05064916883871355,0.49999999999999994,-0.8660254037844387,51.243999,-0.571478,36
2019-05-23 11:00:00,23.677333333333333,47.64483333333336,101.40200000000003,6.4,0.2106059450235218,32.23047927610116,13.574199645560052,5,0.258819045102521,-0.9659258262890682,-0.9987165071710528,-0.05064916883871355,0.49999999999999994,-0.8660254037844387,51.243999,-0.571478,36
2019-05-23 12:00:00,25.274833333333337,47.616666666666696,101.34116666666674,10.016666666666667,0.22634993839524545,31.642222749622913,16.254170750039513,5,1.2246467991473532e-16,-1.0,-0.9987165071710528,-0.05064916883871355,0.49999999999999994,-0.8660254037844387,51.243999,-0.571478,36
2019-05-23 13:00:00,27.157333333333337,47.54933333333334,101.29466666666667,7.05,0.22553806372193747,39.816897298972634,16.20093476238538,5,-0.2588190451025208,-0.9659258262890683,-0.9987165071710528,-0.05064916883871355,0.49999999999999994,-0.8660254037844387,51.243999,-0.571478,36
2019-05-23 14:00:00,28.867333333333338,47.36966666666665,101.26050000000012,5.583333333333333,0.20196050059079074,39.28941410699815,17.867830008181333,5,-0.4999999999999997,-0.8660254037844388,-0.9987165071710528,-0.05064916883871355,0.49999999999999994,-0.8660254037844387,51.243999,-0.571478,36
2019-05-23 15:00:00,29.503666666666675,47.44083333333335,101.25516666666668,5.9,0.23714848382024153,37.48266713917904,27.685286989037817,5,-0.7071067811865471,-0.7071067811865479,-0.9987165071710528,-0.05064916883871355,0.49999999999999994,-0.8660254037844387,51.243999,-0.571478,36
2019-05-23 16:00:00,31.16783333333333,47.45450000000002,101.25433333333335,4.6,0.19214513157721344,55.08190869339003,37.57093494752982,5,-0.8660254037844385,-0.5000000000000004,-0.9987165071710528,-0.05064916883871355,0.49999999999999994,-0.8660254037844387,51.243999,-0.571478,36
2019-05-23 17:00:00,31.99616666666668,47.356166666666674,101.24649999999991,2.0833333333333335,0.23979059764298669,46.97920044524378,15.816685347403956,5,-0.9659258262890683,-0.25881904510252063,-0.9987165071710528,-0.05064916883871355,0.49999999999999994,-0.8660254037844387,51.243999,-0.571478,36
2019-05-23 18:00:00,32.89516666666666,46.834499999999984,101.23749999999986,3.216666666666667,0.2326939693228089,32.06977521589175,22.72811459051078,5,-1.0,-1.8369701987210297e-16,-0.9987165071710528,-0.05064916883871355,0.49999999999999994,-0.8660254037844387,51.243999,-0.571478,36
2019-05-23 19:00:00,30.3055,46.89299999999996,101.23866666666657,4.366666666666666,0.3089734931542952,18.170357690748048,25.78603007753467,5,-0.9659258262890684,0.2588190451025203,-0.9987165071710528,-0.05064916883871355,0.49999999999999994,-0.8660254037844387,51.243999,-0.571478,36
2019-05-23 20:00:00,27.092,46.842833333333346,101.26700000000005,4.95,0.29329855475904953,15.743212480767074,25.19274706958983,5,-0.8660254037844386,0.5000000000000001,-0.9987165071710528,-0.05064916883871355,0.49999999999999994,-0.8660254037844387,51.243999,-0.571478,36
2019-05-23 21:00:00,24.64,46.575166666666654,101.28016666666674,5.316666666666666,0.26503808645310356,9.126421402694186,27.05824196573765,5,-0.7071067811865477,0.7071067811865474,-0.9987165071710528,-0.05064916883871355,0.49999999999999994,-0.8660254037844387,51.243999,-0.571478,36
2019-05-23 22:00:00,22.43416666666667,46.517333333333326,101.30883333333335,5.983333333333333,0.26408539550032717,9.012090620699674,21.4117790142102,5,-0.5000000000000004,0.8660254037844384,-0.9987165071710528,-0.05064916883871355,0.49999999999999994,-0.8660254037844387,51.243999,-0.571478,36
2019-05-23 23:00:00,20.780000000000005,46.435166666666674,101.29300000000012,8.3,0.24227623923289449,8.984074628126944,16.055416682474615,5,-0.25881904510252157,0.9659258262890681,-0.9987165071710528,-0.05064916883871355,0.49999999999999994,-0.8660254037844387,51.243999,-0.571478,36
2019-05-24 00:00:00,19.440833333333334,46.46583333333337,101.31016666666669,9.466666666666667,0.22370272620255552,9.08628956380331,17.3656209220111,5,0.0,1.0,-0.9884683243281114,0.15142777750457667,0.49999999999999994,-0.8660254037844387,51.243999,-0.571478,36
2019-05-24 01:00:00,18.570666666666675,46.53466666666668,101.30516666666676,9.05,0.21803882131766086,11.09019293619848,14.748473334830084,5,0.25881904510252074,0.9659258262890683,-0.9884683243281114,0.15142777750457667,0.49999999999999994,-0.8660254037844387,51.243999,-0.571478,36
2019-05-24 02:00:00,17.82033333333333,46.581,101.32016666666664,9.433333333333334,0.19699621893956362,13.74752111777193,10.249986957457473,5,0.49999999999999994,0.8660254037844387,-0.9884683243281114,0.15142777750457667,0.49999999999999994,-0.8660254037844387,51.243999,-0.571478,36
2019-05-24 03:00:00,17.4295,46.61200000000001,101.33816666666677,9.916666666666666,0.18957886473748245,15.278812737759278,13.173961245020488,5,0.7071067811865476,0.7071067811865476,-0.9884683243281114,0.15142777750457667,0.49999999999999994,-0.8660254037844387,51.243999,-0.571478,36
2019-05-24 04:00:00,16.99966666666667,46.44183333333334,101.36650000000002,10.266666666666667,0.1824896220696562,16.645242919425293,12.55790908456018,5,0.8660254037844386,0.5000000000000001,-0.9884683243281114,0.15142777750457667,0.49999999999999994,-0.8660254037844387,51.243999,-0.571478,36
2019-05-24 05:00:00,16.478166666666663,46.43966666666665,101.42066666666668,11.333333333333334,0.17999575091912978,17.64287971768748,17.649009756929157,5,0.9659258262890683,0.25881904510252074,-0.9884683243281114,0.15142777750457667,0.49999999999999994,-0.8660254037844387,51.243999,-0.571478,36
2019-05-24 06:00:00,16.355833333333333,46.62599999999999,101.45566666666667,16.15,0.2323754841628562,17.490771109960527,25.919226963383966,5,1.0,6.123233995736766e-17,-0.9884683243281114,0.15142777750457667,0.49999999999999994,-0.8660254037844387,51.243999,-0.571478,36
2019-05-24 07:00:00,17.09766666666667,46.763500000000015,101.45749999999984,20.283333333333335,0.2565215446431316,21.528421902604805,24.50119456962783,5,0.9659258262890683,-0.25881904510252063,-0.9884683243281114,0.15142777750457667,0.49999999999999994,-0.8660254037844387,51.243999,-0.571478,36
2019-05-24 08:00:00,18.621000000000002,46.82616666666667,101.47833333333327,17.816666666666666,0.25612813206917306,24.65528329821719,18.405846191221816,5,0.8660254037844387,-0.4999999999999998,-0.9884683243281114,0.15142777750457667,0.49999999999999994,-0.8660254037844387,51.243999,-0.571478,36
2019-05-24 09:00:00,20.484166666666685,46.707166666666694,101.51916666666668,15.466666666666667,0.2191787784249388,27.9933959989354,20.471434978602932,5,0.7071067811865476,-0.7071067811865475,-0.9884683243281114,0.15142777750457667,0.49999999999999994,-0.8660254037844387,51.243999,-0.571478,36
2019-05-24 10:00:00,22.527666666666665,46.55199999999998,101.53166666666668,11.516666666666667,0.205152499220332,36.404913515742514,19.000523271772934,5,0.49999999999999994,-0.8660254037844387,-0.9884683243281114,0.15142777750457667,0.49999999999999994,-0.8660254037844387,51.243999,-0.571478,36
2019-05-24 11:00:00,24.261166666666668,46.309833333333344,101.51916666666669,8.383333333333333,0.22418646606138073,36.987974433276925,17.425958839409066,5,0.258819045102521,-0.9659258262890682,-0.9884683243281114,0.15142777750457667,0.49999999999999994,-0.8660254037844387,51.243999,-0.571478,36
2019-05-24 12:00:00,25.550999999999984,46.18000000000003,101.49900000000004,5.8,0.23447109463193092,38.07057264715876,22.38023342969839,5,1.2246467991473532e-16,-1.0,-0.9884683243281114,0.15142777750457667,0.49999999999999994,-0.8660254037844387,51.243999,-0.571478,36
2019-05-24 13:00:00,26.50233333333332,46.156666666666624,101.50149999999998,6.133333333333334,0.24013422544924254,37.298478572158864,24.55197519210728,5,-0.2588190451025208,-0.9659258262890683,-0.9884683243281114,0.15142777750457667,0.49999999999999994,-0.8660254037844387,51.243999,-0.571478,36
2019-05-24 14:00:00,27.29883333333333,46.160333333333355,101.48149999999991,7.183333333333334,0.2651814984780001,32.73278552577781,25.567689551267552,5,-0.4999999999999997,-0.8660254037844388,-0.9884683243281114,0.15142777750457667,0.49999999999999994,-0.8660254037844387,51.243999,-0.571478,36
2019-05-24 15:00:00,26.758999999999997,46.21816666666667,101.47999999999995,9.4,0.3462869030049064,26.66353860163706,34.202258754540125,5,-0.7071067811865471,-0.7071067811865479,-0.9884683243281114,0.15142777750457667,0.49999999999999994,-0.8660254037844387,51.243999,-0.571478,36
2019-05-24 16:00:00,26.079500000000003,46.39250000000003,101.47949999999989,6.8,0.33772560495649234,25.92292336926259,29.821459191212536,5,-0.8660254037844385,-0.5000000000000004,-0.9884683243281114,0.15142777750457667,0.49999999999999994,-0.8660254037844387,51.243999,-0.571478,36
2019-05-24 17:00:00,25.4625,46.41483333333333,101.47650000000004,6.483333333333333,0.3124386270595315,24.13987556341093,26.394185641979597,5,-0.9659258262890683,-0.25881904510252063,-0.9884683243281114,0.15142777750457667,0.49999999999999994,-0.8660254037844387,51.243999,-0.571478,36
2019-05-24 18:00:00,24.988166666666693,46.5385,101.45316666666658,7.016666666666667,0.33877560144249563,19.28241744523276,32.23514664005485,5,-1.0,-1.8369701987210297e-16,-0.9884683243281114,0.15142777750457667,0.49999999999999994,-0.8660254037844387,51.243999,-0.571478,36
2019-05-24 19:00:00,25.167333333333325,46.50949999999998,101.4576666666667,9.35,0.3961041815462465,20.488629474599914,28.919151157481085,5,-0.9659258262890684,0.2588190451025203,-0.9884683243281114,0.15142777750457667,0.49999999999999994,-0.8660254037844387,51.243999,-0.571478,36
2019-05-24 20:00:00,24.724833333333336,46.39066666666666,101.48216666666666,9.8,0.3662168909035803,18.959148970574354,29.78487031923187,5,-0.8660254037844386,0.5000000000000001,-0.9884683243281114,0.15142777750457667,0.49999999999999994,-0.8660254037844387,51.243999,-0.571478,36
2019-05-24 21:00:00,23.59733333333333,46.522333333333336,101.54183333333339,10.666666666666666,0.3075394951265259,14.359261530720325,25.016202872782422,5,-0.7071067811865477,0.7071067811865474,-0.9884683243281114,0.15142777750457667,0.49999999999999994,-0.8660254037844387,51.243999,-0.571478,36
2019-05-24 22:00:00,22.593499999999985,46.76566666666668,101.56983333333326,10.333333333333334,0.33119932476357383,15.097319434882454,27.205987724163343,5,-0.5000000000000004,0.8660254037844384,-0.9884683243281114,0.15142777750457667,0.49999999999999994,-0.8660254037844387,51.243999,-0.571478,36
2019-05-24 23:00:00,21.891499999999997,46.745166666666655,101.5863333333334,9.2,0.28074200291222484,13.535428179747194,28.880014334291648,5,-0.25881904510252157,0.9659258262890681,-0.9884683243281114,0.15142777750457667,0.49999999999999994,-0.8660254037844387,51.243999,-0.571478,36
2019-05-25 00:00:00,21.123000000000015,46.818166666666656,101.58933333333336,11.65,0.2932297558650801,10.742045113341304,33.098020361855056,5,0.0,1.0,-0.9377521321470804,0.3473052528448203,0.49999999999999994,-0.8660254037844387,51.243999,-0.571478,36
2019-05-25 01:00:00,20.810333333333343,46.94116666666669,101.57699999999996,11.25,0.2518615530327987,11.26029362217312,30.71212981971145,5,0.25881904510252074,0.9659258262890683,-0.9377521321470804,0.3473052528448203,0.49999999999999994,-0.8660254037844387,51.243999,-0.571478,36
2019-05-25 02:00:00,20.57366666666667,46.941,101.58300000000001,13.516666666666667,0.2420923661716325,11.967825751348396,31.32743425696719,5,0.49999999999999994,0.8660254037844387,-0.9377521321470804,0.3473052528448203,0.49999999999999994,-0.8660254037844387,51.243999,-0.571478,36
2019-05-25 03:00:00,20.374833333333335,47.02283333333333,101.58916666666673,12.733333333333333,0.2387207722227346,15.017176870869694,28.844842562621206,5,0.7071067811865476,0.7071067811865476,-0.9377521321470804,0.3473052528448203,0.49999999999999994,-0.8660254037844387,51.243999,-0.571478,36
2019-05-25 04:00:00,20.175333333333313,47.01300000000003,101.59466666666677,9.333333333333334,0.21454747969568783,17.071991094871272,26.2844210875936,5,0.8660254037844386,0.5000000000000001,-0.9377521321470804,0.3473052528448203,0.49999999999999994,-0.8660254037844387,51.243999,-0.571478,36
2019-05-25 05:00:00,20.04299999999999,47.12699999999999,101.60649999999993,10.066666666666666,0.21581923199406133,15.019539459417073,29.49695236136071,5,0.9659258262890683,0.25881904510252074,-0.9377521321470804,0.3473052528448203,0.49999999999999994,-0.8660254037844387,51.243999,-0.571478,36
2019-05-25 06:00:00,20.051333333333332,47.21033333333333,101.62316666666666,13.05,0.22213878376182133,15.949479721785185,31.829494770925386,5,1.0,6.123233995736766e-17,-0.9377521321470804,0.3473052528448203,0.49999999999999994,-0.8660254037844387,51.243999,-0.571478,36
2019-05-25 07:00:00,20.28033333333332,47.328833333333314,101.64199999999991,13.9,0.2388416431668138,19.264534550109026,30.617779302691645,5,0.9659258262890683,-0.25881904510252063,-0.9377521321470804,0.3473052528448203,0.49999999999999994,-0.8660254037844387,51.243999,-0.571478,36
2019-05-25 08:00:00,21.000499999999995,47.40033333333335,101.6788333333332,10.216666666666667,0.24896327522061304,22.968255041959665,28.098486289082384,5,0.8660254037844387,-0.4999999999999998,-0.9377521321470804,0.3473052528448203,0.49999999999999994,-0.8660254037844387,51.243999,-0.571478,36
2019-05-25 09:00:00,22.158166666666663,47.41133333333333,101.7001666666667,8.716666666666667,0.2714060319949398,27.98050690420896,27.152519326415597,5,0.7071067811865476,-0.7071067811865475,-0.9377521321470804,0.3473052528448203,0.49999999999999994,-0.8660254037844387,51.243999,-0.571478,36
2019-05-25 10:00:00,23.451999999999998,47.331999999999994,101.68033333333337,8.016666666666667,0.24098144532880017,34.94836562499246,23.889677756288492,5,0.49999999999999994,-0.8660254037844387,-0.9377521321470804,0.3473052528448203,0.49999999999999994,-0.8660254037844387,51.243999,-0.571478,36
2019-05-25 11:00:00,24.6495,47.250166666666665,101.65933333333341,5.983333333333333,0.23982697881938494,34.6717020476191,25.150360244518993,5,0.258819045102521,-0.9659258262890682,-0.9377521321470804,0.3473052528448203,0.49999999999999994,-0.8660254037844387,51.243999,-0.571478,36
2019-05-25 12:00:00,25.580666666666662,47.228166666666674,101.60500000000006,5.066666666666666,0.22258118375567174,36.36954829797404,24.30088589260046,5,1.2246467991473532e-16,-1.0,-0.9377521321470804,0.3473052528448203,0.49999999999999994,-0.8660254037844387,51.243999,-0.571478,36
2019-05-25 13:00:00,26.72533333333333,47.24616666666665,101.57133333333347,4.6,0.22978757835114488,35.16554149203835,23.378067263088294,5,-0.2588190451025208,-0.9659258262890683,-0.9377521321470804,0.3473052528448203,0.49999999999999994,-0.8660254037844387,51.243999,-0.571478,36
2019-05-25 14:00:00,28.011000000000003,47.159166666666664,101.54900000000002,3.4166666666666665,0.2066826154896973,38.71058679718829,24.581219411327172,5,-0.4999999999999997,-0.8660254037844388,-0.9377521321470804,0.3473052528448203,0.49999999999999994,-0.8660254037844387,51.243999,-0.571478,36
2019-05-25 15:00:00,29.809000000000008,47.19749999999999,101.51183333333347,2.4,0.19879223615375485,45.7343378881168,25.86529039746592,5,-0.7071067811865471,-0.7071067811865479,-0.9377521321470804,0.3473052528448203,0.49999999999999994,-0.8660254037844387,51.243999,-0.571478,36
2019-05-25 16:00:00,31.195000000000007,47.286666666666676,101.49916666666664,3.3,0.2158682950746944,54.0972130336368,24.237046340051265,5,-0.8660254037844385,-0.5000000000000004,-0.9377521321470804,0.3473052528448203,0.49999999999999994,-0.8660254037844387,51.243999,-0.571478,36
2019-05-25 17:00:00,32.445666666666675,47.19083333333335,101.49483333333328,3.1,0.242254507140002,54.77172616333952,9.649164130981228,5,-0.9659258262890683,-0.25881904510252063,-0.9377521321470804,0.3473052528448203,0.49999999999999994,-0.8660254037844387,51.243999,-0.571478,36
2019-05-25 18:00:00,31.305,47.15216666666666,101.48116666666668,4.933333333333334,0.3651490443027132,29.427423580232862,21.617927258484208,5,-1.0,-1.8369701987210297e-16,-0.9377521321470804,0.3473052528448203,0.49999999999999994,-0.8660254037844387,51.243999,-0.571478,36
2019-05-25 19:00:00,28.96966666666667,47.232166666666686,101.47916666666664,4.45,0.3011461217555927,17.48891489365715,24.16254465884575,5,-0.9659258262890684,0.2588190451025203,-0.9377521321470804,0.3473052528448203,0.49999999999999994,-0.8660254037844387,51.243999,-0.571478,36
2019-05-25 20:00:00,27.22766666666666,47.293499999999966,101.48716666666655,6.85,0.2982496539811386,12.823872426726542,27.03093193986157,5,-0.8660254037844386,0.5000000000000001,-0.9377521321470804,0.3473052528448203,0.49999999999999994,-0.8660254037844387,51.243999,-0.571478,36
2019-05-25 21:00:00,26.07916666666667,47.20466666666667,101.50516666666682,10.366666666666667,0.32673098181067456,12.069585789489297,27.719885971617813,5,-0.7071067811865477,0.7071067811865474,-0.9377521321470804,0.3473052528448203,0.49999999999999994,-0.8660254037844387,51.243999,-0.571478,36
2019-05-25 22:00:00,24.793166666666668,46.996999999999964,101.5066666666667,10.416666666666666,0.28544274656177393,12.679571056287681,25.870554581773277,5,-0.5000000000000004,0.8660254037844384,-0.9377521321470804,0.3473052528448203,0.49999999999999994,-0.8660254037844387,51.243999,-0.571478,36
2019-05-25 23:00:00,23.53433333333334,46.938500000000005,101.51966666666677,4.016666666666667,0.23273970333082963,12.88220890312828,24.249618181658327,5,-0.25881904510252157,0.9659258262890681,-0.9377521321470804,0.3473052528448203,0.49999999999999994,-0.8660254037844387,51.243999,-0.571478,36
2019-05-26 00:00:00,22.201666666666657,46.8915,101.48083333333332,3.216666666666667,0.21463950061714562,10.039578146130548,27.45550521779213,5,0.0,1.0,-0.8486442574947509,0.5289640103269624,0.49999999999999994,-0.8660254037844387,51.243999,-0.571478,36
2019-05-26 01:00:00,21.41133333333334,47.00299999999998,101.43216666666667,2.9166666666666665,0.20205983732391578,9.728786104077862,26.982244577892832,5,0.25881904510252074,0.9659258262890683,-0.8486442574947509,0.5289640103269624,0.49999999999999994,-0.8660254037844387,51.243999,-0.571478,36
2019-05-26 02:00:00,20.8905,46.945333333333345,101.41433333333325,3.3666666666666667,0.20224121940077572,9.886968109101867,27.906701720464753,5,0.49999999999999994,0.8660254037844387,-0.8486442574947509,0.5289640103269624,0.49999999999999994,-0.8660254037844387,51.243999,-0.571478,36
2019-05-26 03:00:00,20.429666666666673,46.84266666666665,101.36033333333337,3.9833333333333334,0.19920413322879196,11.140243922041586,26.297931104353363,5,0.7071067811865476,0.7071067811865476,-0.8486442574947509,0.5289640103269624,0.49999999999999994,-0.8660254037844387,51.243999,-0.571478,36
2019-05-26 04:00:00,19.805333333333337,46.64683333333336,101.31766666666677,3.5166666666666666,0.18721499038043404,11.654086779624107,22.854569539848658,5,0.8660254037844386,0.5000000000000001,-0.8486442574947509,0.5289640103269624,0.49999999999999994,-0.8660254037844387,51.243999,-0.571478,36
2019-05-26 05:00:00,19.017666666666663,46.78966666666664,101.3041666666668,4.983333333333333,0.1791981644857924,10.989073429462445,22.00494737712503,5,0.9659258262890683,0.25881904510252074,-0.8486442574947509,0.5289640103269624,0.49999999999999994,-0.8660254037844387,51.243999,-0.571478,36
2019-05-26 06:00:00,18.881666666666664,47.05733333333331,101.28400000000008,4.5,0.18466932654253473,11.169448420282622,24.06346287222948,5,1.0,6.123233995736766e-17,-0.8486442574947509,0.5289640103269624,0.49999999999999994,-0.8660254037844387,51.243999,-0.571478,36
2019-05-26 07:00:00,19.334500000000006,47.18766666666667,101.27416666666667,3.8333333333333335,0.1765276138644739,14.483852469344859,22.382395014197705,5,0.9659258262890683,-0.25881904510252063,-0.8486442574947509,0.5289640103269624,0.49999999999999994,-0.8660254037844387,51.243999,-0.571478,36
2019-05-26 08:00:00,20.257000000000005,47.27800000000001,101.25849999999991,4.016666666666667,0.1890274026952355,16.307239322923493,24.66612985263976,5,0.8660254037844387,-0.4999999999999998,-0.8486442574947509,0.5289640103269624,0.49999999999999994,-0.8660254037844387,51.243999,-0.571478,36
2019-05-26 09:00:00,21.556666666666665,47.261666666666656,101.23116666666655,4.233333333333333,0.1781234909580473,20.743665938646586,22.155145009296188,5,0.7071067811865476,-0.7071067811865475,-0.8486442574947509,0.5289640103269624,0.49999999999999994,-0.8660254037844387,51.243999,-0.571478,36
2019-05-26 10:00:00,22.732666666666667,47.18083333333334,101.20649999999992,4.6,0.1805197597524389,21.923695176428783,25.980098281054563,5,0.49999999999999994,-0.8660254037844387,-0.8486442574947509,0.5289640103269624,0.49999999999999994,-0.8660254037844387,51.243999,-0.571478,36
2019-05-26 11:00:00,23.689999999999998,47.27133333333336,101.17483333333334,4.833333333333333,0.1909437321280324,22.064952664065128,27.55445576473782,5,0.258819045102521,-0.9659258262890682,-0.8486442574947509,0.5289640103269624,0.49999999999999994,-0.8660254037844387,51.243999,-0.571478,36
2019-05-26 12:00:00,24.79016666666666,47.33183333333333,101.11816666666677,4.766666666666667,0.19938921104185608,24.820810123466718,27.395448597123217,5,1.2246467991473532e-16,-1.0,-0.8486442574947509,0.5289640103269624,0.49999999999999994,-0.8660254037844387,51.243999,-0.571478,36
2019-05-26 13:00:00,25.188499999999994,47.38216666666667,101.06566666666679,4.866666666666666,0.20110452152542588,19.016184037952602,28.46311487605315,5,-0.2588190451025208,-0.9659258262890683,-0.8486442574947509,0.5289640103269624,0.49999999999999994,-0.8660254037844387,51.243999,-0.571478,36
2019-05-26 14:00:00,24.97166666666667,47.80866666666669,101.02733333333344,4.95,0.23649471681579184,15.596013465373362,28.492550487220225,5,-0.4999999999999997,-0.8660254037844388,-0.8486442574947509,0.5289640103269624,0.49999999999999994,-0.8660254037844387,51.243999,-0.571478,36
2019-05-26 15:00:00,24.973666666666656,48.129,100.98316666666668,2.1166666666666667,0.21099932267713842,20.121904706725157,29.507519468743226,5,-0.7071067811865471,-0.7071067811865479,-0.8486442574947509,0.5289640103269624,0.49999999999999994,-0.8660254037844387,51.243999,-0.571478,36
2019-05-26 16:00:00,24.988166666666668,48.109666666666726,100.94283333333331,2.1,0.19826390301808386,20.128958799012462,28.680669346261933,5,-0.8660254037844385,-0.5000000000000004,-0.8486442574947509,0.5289640103269624,0.49999999999999994,-0.8660254037844387,51.243999,-0.571478,36
2019-05-26 17:00:00,24.53483333333333,48.30433333333334,100.9153333333333,1.7333333333333334,0.20664584436947914,18.269059335338845,29.27928852747872,5,-0.9659258262890683,-0.25881904510252063,-0.8486442574947509,0.5289640103269624,0.49999999999999994,-0.8660254037844387,51.243999,-0.571478,36
2019-05-26 18:00:00,24.08133333333332,48.469000000000015,100.8856666666667,3.283333333333333,0.2100279609814592,16.929632071867584,30.007034144503642,5,-1.0,-1.8369701987210297e-16,-0.8486442574947509,0.5289640103269624,0.49999999999999994,-0.8660254037844387,51.243999,-0.571478,36
2019-05-26 19:00:00,23.67950000000001,48.53883333333337,100.86849999999994,0.9,0.19077007326683093,16.410974303200184,26.71799861609577,5,-0.9659258262890684,0.2588190451025203,-0.8486442574947509,0.5289640103269624,0.49999999999999994,-0.8660254037844387,51.243999,-0.571478,36
2019-05-26 20:00:00,23.1175,48.49666666666666,100.87766666666674,2.2,0.19594032673580455,15.798720372115985,26.73978008068671,5,-0.8660254037844386,0.5000000000000001,-0.8486442574947509,0.5289640103269624,0.49999999999999994,-0.8660254037844387,51.243999,-0.571478,36
2019-05-26 21:00:00,22.438666666666663,48.650500000000015,100.91416666666673,9.716666666666667,0.18916622269514766,21.791604179418794,24.248750378732623,5,-0.7071067811865477,0.7071067811865474,-0.8486442574947509,0.5289640103269624,0.49999999999999994,-0.8660254037844387,51.243999,-0.571478,36
2019-05-26 22:00:00,21.845666666666677,48.41650000000001,100.96399999999991,4.383333333333334,0.18493797455427144,22.45260011947921,23.968876096940644,5,-0.5000000000000004,0.8660254037844384,-0.8486442574947509,0.5289640103269624,0.49999999999999994,-0.8660254037844387,51.243999,-0.571478,36
2019-05-26 23:00:00,21.043333333333337,48.17683333333337,100.98249999999986,4.3,0.16245506520660102,19.572790431042144,26.371414790607442,5,-0.25881904510252157,0.9659258262890681,-0.8486442574947509,0.5289640103269624,0.49999999999999994,-0.8660254037844387,51.243999,-0.571478,36
2019-05-27 00:00:00,19.963166666666666,47.972666666666655,100.97433333333335,4.266666666666667,0.1644546214547067,17.810544505529208,23.945946071711397,5,0.0,1.0,-0.72479278722912,0.6889669190756865,0.49999999999999994,-0.8660254037844387,51.243999,-0.571478,36
2019-05-27 01:00:00,18.833666666666673,47.943333333333335,100.95899999999996,3.566666666666667,0.15145897540641567,15.389899598345778,23.953980513570066,5,0.25881904510252074,0.9659258262890683,-0.72479278722912,0.6889669190756865,0.49999999999999994,-0.8660254037844387,51.243999,-0.571478,36
2019-05-27 02:00:00,18.03900000000001,47.91200000000004,100.9288333333334,3.6333333333333333,0.14511297147952437,14.856601789760335,24.876245856290698,5,0.49999999999999994,0.8660254037844387,-0.72479278722912,0.6889669190756865,0.49999999999999994,-0.8660254037844387,51.243999,-0.571478,36
2019-05-27 03:00:00,17.154833333333332,47.6815,100.91699999999994,3.316666666666667,0.13974444030817745,12.921784980444915,24.913512081852442,5,0.7071067811865476,0.7071067811865476,-0.72479278722912,0.6889669190756865,0.49999999999999994,-0.8660254037844387,51.243999,-0.571478,36
2019-05-27 04:00:00,16.166333333333338,47.58249999999999,100.90583333333335,4.283333333333333,0.13937131645297168,11.936783378262158,23.15252831806098,5,0.8660254037844386,0.5000000000000001,-0.72479278722912,0.6889669190756865,0.49999999999999994,-0.8660254037844387,51.243999,-0.571478,36
2019-05-27 05:00:00,15.386833333333332,47.78999999999997,100.91599999999997,5.25,0.15297280133619717,11.162390061633296,23.97082718162143,5,0.9659258262890683,0.25881904510252074,-0.72479278722912,0.6889669190756865,0.49999999999999994,-0.8660254037844387,51.243999,-0.571478,36
2019-05-27 06:00:00,15.320999999999996,48.03133333333334,100.9240000000001,6.15,0.16493920522179903,12.391501366382261,27.422455172894253,5,1.0,6.123233995736766e-17,-0.72479278722912,0.6889669190756865,0.49999999999999994,-0.8660254037844387,51.243999,-0.571478,36
2019-05-27 07:00:00,16.024333333333338,48.22850000000004,100.93699999999995,5.0,0.17357528518279372,13.995233277926124,29.314391034160337,5,0.9659258262890683,-0.25881904510252063,-0.72479278722912,0.6889669190756865,0.49999999999999994,-0.8660254037844387,51.243999,-0.571478,36
2019-05-27 08:00:00,17.165000000000003,48.21249999999999,100.9408333333333,2.8833333333333333,0.16526110675521935,19.991879042076718,27.075923321307656,5,0.8660254037844387,-0.4999999999999998,-0.72479278722912,0.6889669190756865,0.49999999999999994,-0.8660254037844387,51.243999,-0.571478,36
2019-05-27 09:00:00,18.22800000000001,48.0261666666667,100.94099999999993,2.0166666666666666,0.17535707235758435,23.948362466248803,24.349671626777738,5,0.7071067811865476,-0.7071067811865475,-0.72479278722912,0.6889669190756865,0.49999999999999994,-0.8660254037844387,51.243999,-0.571478,36
2019-05-27 10:00:00,19.893166666666662,48.135833333333345,100.92533333333337,1.6833333333333333,0.16839646458989457,27.44852067796847,23.52071154964877,5,0.49999999999999994,-0.8660254037844387,-0.72479278722912,0.6889669190756865,0.49999999999999994,-0.8660254037844387,51.243999,-0.571478,36
2019-05-27 11:00:00,21.539333333333342,47.70750000000001,100.86083333333328,2.966666666666667,0.15939597339904507,29.421513497668208,21.63681599095945,5,0.258819045102521,-0.9659258262890682,-0.72479278722912,0.6889669190756865,0.49999999999999994,-0.8660254037844387,51.243999,-0.571478,36
2019-05-27 12:00:00,22.24300000000002,47.44283333333332,100.81750000000005,3.25,0.15354213095347902,24.56829207918776,22.392995831601848,5,1.2246467991473532e-16,-1.0,-0.72479278722912,0.6889669190756865,0.49999999999999994,-0.8660254037844387,51.243999,-0.571478,36
2019-05-27 13:00:00,22.846666666666668,47.75899999999999,100.765,1.7166666666666666,0.15934508282050935,29.125263475583967,22.577349520866274,5,-0.2588190451025208,-0.9659258262890683,-0.72479278722912,0.6889669190756865,0.49999999999999994,-0.8660254037844387,51.243999,-0.571478,36
2019-05-27 14:00:00,24.48333333333333,47.41516666666668,100.75116666666673,1.85,0.15853903402427294,33.99771825822793,24.11406995336375,5,-0.4999999999999997,-0.8660254037844388,-0.72479278722912,0.6889669190756865,0.49999999999999994,-0.8660254037844387,51.243999,-0.571478,36
2019-05-27 15:00:00,25.142500000000016,47.28166666666665,100.75216666666665,1.1833333333333333,0.16686993347565024,32.270882795368266,26.513543731491307,5,-0.7071067811865471,-0.7071067811865479,-0.72479278722912,0.6889669190756865,0.49999999999999994,-0.8660254037844387,51.243999,-0.571478,36
2019-05-27 16:00:00,25.494999999999997,47.300833333333344,100.72183333333328,1.95,0.17590241751990898,29.540117864395825,28.169736399222312,5,-0.8660254037844385,-0.5000000000000004,-0.72479278722912,0.6889669190756865,0.49999999999999994,-0.8660254037844387,51.243999,-0.571478,36
2019-05-27 17:00:00,25.15783333333333,47.260499999999986,100.6853333333334,1.1666666666666667,0.17300877829316397,22.93676533045512,24.59049209438798,5,-0.9659258262890683,-0.25881904510252063,-0.72479278722912,0.6889669190756865,0.49999999999999994,-0.8660254037844387,51.243999,-0.571478,36
2019-05-27 18:00:00,26.020166666666675,47.14516666666666,100.65083333333335,1.1833333333333333,0.17775120519105161,22.36364932770223,25.287399999311432,5,-1.0,-1.8369701987210297e-16,-0.72479278722912,0.6889669190756865,0.49999999999999994,-0.8660254037844387,51.243999,-0.571478,36
2019-05-27 19:00:00,25.14316666666667,46.53599999999999,100.63683333333339,1.1166666666666667,0.16863862552215786,21.2305888746111,22.491105867728077,5,-0.9659258262890684,0.2588190451025203,-0.72479278722912,0.6889669190756865,0.49999999999999994,-0.8660254037844387,51.243999,-0.571478,36
2019-05-27 20:00:00,22.463166666666673,47.095166666666664,100.63716666666674,0.7333333333333333,0.18994340400859164,12.368422768420139,26.341291999852952,5,-0.8660254037844386,0.5000000000000001,-0.72479278722912,0.6889669190756865,0.49999999999999994,-0.8660254037844387,51.243999,-0.571478,36
2019-05-27 21:00:00,20.779333333333334,47.247333333333366,100.64549999999993,0.9333333333333333,0.1732707041390489,10.242204057215249,26.204171675310544,5,-0.7071067811865477,0.7071067811865474,-0.72479278722912,0.6889669190756865,0.49999999999999994,-0.8660254037844387,51.243999,-0.571478,36
2019-05-27 22:00:00,19.426833333333338,47.343166666666654,100.65333333333326,0.9666666666666667,0.1758599951243296,8.590868764225327,22.393699707892218,5,-0.5000000000000004,0.8660254037844384,-0.72479278722912,0.6889669190756865,0.49999999999999994,-0.8660254037844387,51.243999,-0.571478,36
2019-05-27 23:00:00,18.393833333333337,47.33666666666669,100.62983333333334,0.85,0.16087387793693253,8.743510113955484,17.821805824494668,5,-0.25881904510252157,0.9659258262890681,-0.72479278722912,0.6889669190756865,0.49999999999999994,-0.8660254037844387,51.243999,-0.571478,36
2019-05-28 00:00:00,16.9465,47.505,100.60383333333333,0.11666666666666667,0.1562008028384308,10.01666295589748,15.090549034937514,5,0.0,1.0,-0.5712682150947924,0.8207634412072763,0.49999999999999994,-0.8660254037844387,51.243999,-0.571478,36
2019-05-28 01:00:00,16.270500000000002,47.69883333333334,100.585,0.15,0.14014051264819186,11.459956841806493,14.802779609603606,5,0.25881904510252074,0.9659258262890683,-0.5712682150947924,0.8207634412072763,0.49999999999999994,-0.8660254037844387,51.243999,-0.571478,36
2019-05-28 02:00:00,15.871833333333344,47.72983333333334,100.60050000000007,0.7333333333333333,0.13925721423520054,10.456346206296631,17.354380217091215,5,0.49999999999999994,0.8660254037844387,-0.5712682150947924,0.8207634412072763,0.49999999999999994,-0.8660254037844387,51.243999,-0.571478,36
2019-05-28 03:00:00,15.663999999999993,47.769999999999996,100.60899999999994,1.0166666666666666,0.13708345204053396,12.617827553269649,17.176492659171593,5,0.7071067811865476,0.7071067811865476,-0.5712682150947924,0.8207634412072763,0.49999999999999994,-0.8660254037844387,51.243999,-0.571478,36
2019-05-28 04:00:00,15.497333333333327,47.63099999999999,100.62616666666672,1.0,0.13438876564277585,14.04119292750528,20.440300752327037,5,0.8660254037844386,0.5000000000000001,-0.5712682150947924,0.8207634412072763,0.49999999999999994,-0.8660254037844387,51.243999,-0.571478,36
2019-05-28 05:00:00,15.318833333333314,47.67083333333333,100.66816666666676,0.8333333333333334,0.14683485280746372,15.098069199806835,21.018309145025686,5,0.9659258262890683,0.25881904510252074,-0.5712682150947924,0.8207634412072763,0.49999999999999994,-0.8660254037844387,51.243999,-0.571478,36
2019-05-28 06:00:00,15.425000000000002,47.68716666666666,100.70983333333338,1.4333333333333333,0.16907681179472991,19.267372314233544,29.06774925083152,5,1.0,6.123233995736766e-17,-0.5712682150947924,0.8207634412072763,0.49999999999999994,-0.8660254037844387,51.243999,-0.571478,36
2019-05-28 07:00:00,15.862666666666673,47.711000000000034,100.75383333333338,2.6166666666666667,0.18274564055767123,20.43685235248656,29.58763886996336,5,0.9659258262890683,-0.25881904510252063,-0.5712682150947924,0.8207634412072763,0.49999999999999994,-0.8660254037844387,51.243999,-0.571478,36
2019-05-28 08:00:00,16.771,47.733666666666664,100.80733333333329,3.2666666666666666,0.2543048129675263,25.099073985248303,29.098296416394813,5,0.8660254037844387,-0.4999999999999998,-0.5712682150947924,0.8207634412072763,0.49999999999999994,-0.8660254037844387,51.243999,-0.571478,36
2019-05-28 09:00:00,17.95383333333333,47.61900000000003,100.85299999999997,4.383333333333334,0.18617395096217623,27.320466286275455,25.616323965707288,5,0.7071067811865476,-0.7071067811865475,-0.5712682150947924,0.8207634412072763,0.49999999999999994,-0.8660254037844387,51.243999,-0.571478,36
2019-05-28 10:00:00,19.121000000000006,47.48316666666664,100.89316666666667,2.716666666666667,0.2113601371117582,32.078530945583395,23.37675156486883,5,0.49999999999999994,-0.8660254037844387,-0.5712682150947924,0.8207634412072763,0.49999999999999994,-0.8660254037844387,51.243999,-0.571478,36
2019-05-28 11:00:00,20.13249999999999,47.274666666666654,100.9661666666666,2.8833333333333333,0.17444714718375126,35.54252178424856,22.957693632807107,5,0.258819045102521,-0.9659258262890682,-0.5712682150947924,0.8207634412072763,0.49999999999999994,-0.8660254037844387,51.243999,-0.571478,36
2019-05-28 12:00:00,20.638166666666667,47.211999999999996,101.02333333333337,2.433333333333333,0.1817442357276828,30.065534631218217,19.77163176166569,5,1.2246467991473532e-16,-1.0,-0.5712682150947924,0.8207634412072763,0.49999999999999994,-0.8660254037844387,51.243999,-0.571478,36
2019-05-28 13:00:00,20.425833333333337,47.1795,101.06816666666663,3.0166666666666666,0.2057394868905962,20.180111535785272,24.753477441897168,5,-0.2588190451025208,-0.9659258262890683,-0.5712682150947924,0.8207634412072763,0.49999999999999994,-0.8660254037844387,51.243999,-0.571478,36
2019-05-28 14:00:00,20.207,47.46433333333334,101.11399999999999,2.716666666666667,0.28249537074861303,21.496761581172095,25.557965644380662,5,-0.4999999999999997,-0.8660254037844388,-0.5712682150947924,0.8207634412072763,0.49999999999999994,-0.8660254037844387,51.243999,-0.571478,36
2019-05-28 15:00:00,21.118999999999993,47.74583333333332,101.1678333333332,3.3,0.19672679104018692,29.574990480422706,22.01039011028355,5,-0.7071067811865471,-0.7071067811865479,-0.5712682150947924,0.8207634412072763,0.49999999999999994,-0.8660254037844387,51.243999,-0.571478,36
2019-05-28 16:00:00,21.506666666666646,47.51383333333331,101.22766666666664,3.3833333333333333,0.21977151631153335,35.69903842731437,18.55341889369387,5,-0.8660254037844385,-0.5000000000000004,-0.5712682150947924,0.8207634412072763,0.49999999999999994,-0.8660254037844387,51.243999,-0.571478,36
2019-05-28 17:00:00,22.955333333333332,47.56883333333333,101.25916666666674,3.4,0.23939851204202736,44.389175970583,15.965442339481331,5,-0.9659258262890683,-0.25881904510252063,-0.5712682150947924,0.8207634412072763,0.49999999999999994,-0.8660254037844387,51.243999,-0.571478,36
2019-05-28 18:00:00,23.94249999999999,47.18933333333333,101.28900000000003,7.85,0.27341615746658404,36.42767993316283,23.015006772572782,5,-1.0,-1.8369701987210297e-16,-0.5712682150947924,0.8207634412072763,0.49999999999999994,-0.8660254037844387,51.243999,-0.571478,36
2019-05-28 19:00:00,23.422833333333337,47.363833333333325,101.36150000000005,3.566666666666667,0.24047330197091288,25.185520502348236,21.53705825934016,5,-0.9659258262890684,0.2588190451025203,-0.5712682150947924,0.8207634412072763,0.49999999999999994,-0.8660254037844387,51.243999,-0.571478,36
2019-05-28 20:00:00,22.192333333333327,47.476166666666686,101.41150000000003,3.1666666666666665,0.23254226371666645,17.086470552520215,25.11365711355662,5,-0.8660254037844386,0.5000000000000001,-0.5712682150947924,0.8207634412072763,0.49999999999999994,-0.8660254037844387,51.243999,-0.571478,36
2019-05-28 21:00:00,20.680333333333333,47.474833333333336,101.4674999999999,3.0166666666666666,0.21795229453002488,12.244853722962459,27.310360363791705,5,-0.7071067811865477,0.7071067811865474,-0.5712682150947924,0.8207634412072763,0.49999999999999994,-0.8660254037844387,51.243999,-0.571478,36
2019-05-28 22:00:00,19.026500000000002,47.52666666666666,101.4975,7.466666666666667,0.27505613895221404,9.760730512572101,27.71255112140624,5,-0.5000000000000004,0.8660254037844384,-0.5712682150947924,0.8207634412072763,0.49999999999999994,-0.8660254037844387,51.243999,-0.571478,36
2019-05-28 23:00:00,17.727666666666664,47.668499999999995,101.50966666666673,5.85,0.21272360186856776,9.328724193087702,25.640916185359217,5,-0.25881904510252157,0.9659258262890681,-0.5712682150947924,0.8207634412072763,0.49999999999999994,-0.8660254037844387,51.243999,-0.571478,36
2019-05-29 00:00:00,16.895333333333333,47.863333333333344,101.54616666666672,7.8,0.21173424455659942,11.099611047990185,24.119132165961144,5,0.0,1.0,-0.3943558551133187,0.9189578116202306,0.49999999999999994,-0.8660254037844387,51.243999,-0.571478,36
2019-05-29 01:00:00,16.254166666666674,47.91099999999998,101.56699999999998,9.35,0.1985428874510786,13.141225393601333,19.227349602267246,5,0.25881904510252074,0.9659258262890683,-0.3943558551133187,0.9189578116202306,0.49999999999999994,-0.8660254037844387,51.243999,-0.571478,36
2019-05-29 02:00:00,15.832000000000003,48.02866666666669,101.57449999999994,8.983333333333333,0.1972695928375963,13.844210912971734,22.286110757213507,5,0.49999999999999994,0.8660254037844387,-0.3943558551133187,0.9189578116202306,0.49999999999999994,-0.8660254037844387,51.243999,-0.571478,36
2019-05-29 03:00:00,15.598333333333331,48.08833333333332,101.57416666666659,9.1,0.1933340819244402,16.915402450029934,19.29778104219391,5,0.7071067811865476,0.7071067811865476,-0.3943558551133187,0.9189578116202306,0.49999999999999994,-0.8660254037844387,51.243999,-0.571478,36
2019-05-29 04:00:00,15.338000000000003,48.030833333333334,101.57549999999999,10.6,0.1847271546290318,17.310155676442186,17.089522633843455,5,0.8660254037844386,0.5000000000000001,-0.3943558551133187,0.9189578116202306,0.49999999999999994,-0.8660254037844387,51.243999,-0.571478,36
2019-05-29 05:00:00,15.085166666666652,48.14183333333334,101.59666666666664,11.3,0.18694894393418282,17.956728421573132,20.048909857532426,5,0.9659258262890683,0.25881904510252074,-0.3943558551133187,0.9189578116202306,0.49999999999999994,-0.8660254037844387,51.243999,-0.571478,36
2019-05-29 06:00:00,15.200833333333332,48.30849999999998,101.62350000000005,11.933333333333334,0.21378526174882823,21.350212623419925,26.93352053392628,5,1.0,6.123233995736766e-17,-0.3943558551133187,0.9189578116202306,0.49999999999999994,-0.8660254037844387,51.243999,-0.571478,36
2019-05-29 07:00:00,15.901166666666672,48.30066666666664,101.65766666666674,8.916666666666666,0.23443865945418849,28.324797289860815,30.160341580452442,5,0.9659258262890683,-0.25881904510252063,-0.3943558551133187,0.9189578116202306,0.49999999999999994,-0.8660254037844387,51.243999,-0.571478,36
2019-05-29 08:00:00,16.699999999999996,48.15000000000001,101.68349999999994,7.533333333333333,0.21783195903119099,28.39678993194911,28.12089688769124,5,0.8660254037844387,-0.4999999999999998,-0.3943558551133187,0.9189578116202306,0.49999999999999994,-0.8660254037844387,51.243999,-0.571478,36
2019-05-29 09:00:00,17.732333333333333,48.04300000000003,101.68166666666669,5.883333333333334,0.20151747203078268,24.144745173075986,24.477383088688146,5,0.7071067811865476,-0.7071067811865475,-0.3943558551133187,0.9189578116202306,0.49999999999999994,-0.8660254037844387,51.243999,-0.571478,36
2019-05-29 10:00:00,18.835333333333327,47.89416666666669,101.67366666666662,4.166666666666667,0.19175298777568398,22.737627853197804,22.64365751053589,5,0.49999999999999994,-0.8660254037844387,-0.3943558551133187,0.9189578116202306,0.49999999999999994,-0.8660254037844387,51.243999,-0.571478,36
2019-05-29 11:00:00,19.443333333333328,47.63499999999999,101.7201666666665,3.183333333333333,0.19875791527753978,19.962087209248075,19.132757358670652,5,0.258819045102521,-0.9659258262890682,-0.3943558551133187,0.9189578116202306,0.49999999999999994,-0.8660254037844387,51.243999,-0.571478,36
2019-05-29 12:00:00,19.393166666666673,47.55733333333335,101.72350000000002,5.95,0.245062434387093,15.098624482887995,23.379774456389008,5,1.2246467991473532e-16,-1.0,-0.3943558551133187,0.9189578116202306,0.49999999999999994,-0.8660254037844387,51.243999,-0.571478,36
2019-05-29 13:00:00,18.544333333333338,47.84966666666666,101.70149999999994,5.15,0.21157786544467427,11.35327426433594,19.72219514850325,5,-0.2588190451025208,-0.9659258262890683,-0.3943558551133187,0.9189578116202306,0.49999999999999994,-0.8660254037844387,51.243999,-0.571478,36
2019-05-29 14:00:00,17.413166666666662,48.31899999999999,101.66966666666674,3.533333333333333,0.20587700901779396,12.19921156265176,16.27994440685594,5,-0.4999999999999997,-0.8660254037844388,-0.3943558551133187,0.9189578116202306,0.49999999999999994,-0.8660254037844387,51.243999,-0.571478,36
2019-05-29 15:00:00,16.865666666666673,48.865166666666674,101.61633333333336,3.466666666666667,0.19438115674182221,16.646974376294285,17.710095250934593,5,-0.7071067811865471,-0.7071067811865479,-0.3943558551133187,0.9189578116202306,0.49999999999999994,-0.8660254037844387,51.243999,-0.571478,36
2019-05-29 16:00:00,16.752666666666663,49.13616666666669,101.57033333333347,2.5166666666666666,0.19982135609524684,15.154241474990503,13.565258370981923,5,-0.8660254037844385,-0.5000000000000004,-0.3943558551133187,0.9189578116202306,0.49999999999999994,-0.8660254037844387,51.243999,-0.571478,36
2019-05-29 17:00:00,16.87383333333333,49.48900000000001,101.52383333333336,3.6666666666666665,0.2233617116018993,15.387194119468948,17.992318601968194,5,-0.9659258262890683,-0.25881904510252063,-0.3943558551133187,0.9189578116202306,0.49999999999999994,-0.8660254037844387,51.243999,-0.571478,36
2019-05-29 18:00:00,24.813333333333308,51.4326666666667,101.8696666666668,5.466666666666667,0.23354809178998573,13.388654508192868,25.467994047445583,5,-1.0,-1.8369701987210297e-16,-0.3943558551133187,0.9189578116202306,0.49999999999999994,-0.8660254037844387,51.243999,-0.571478,36
2019-05-29 19:00:00,27.61999999999996,52.07000000000004,102.01000000000015,6.0,0.23922634311542137,13.005216299628737,28.07709068141914,5,-0.9659258262890684,0.2588190451025203,-0.3943558551133187,0.9189578116202306,0.49999999999999994,-0.8660254037844387,51.243999,-0.571478,36
2019-05-29 20:00:00,27.61999999999996,52.07000000000004,102.01000000000015,6.0,0.23922634311542137,13.005216299628737,28.07709068141914,5,-0.8660254037844386,0.5000000000000001,-0.3943558551133187,0.9189578116202306,0.49999999999999994,-0.8660254037844387,51.243999,-0.571478,36
2019-05-29 21:00:00,27.61999999999996,52.07000000000004,102.01000000000015,6.0,0.23922634311542137,13.005216299628737,28.07709068141914,5,-0.7071067811865477,0.7071067811865474,-0.3943558551133187,0.9189578116202306,0.49999999999999994,-0.8660254037844387,51.243999,-0.571478,36
2019-05-29 22:00:00,27.61999999999996,52.07000000000004,102.01000000000015,6.0,0.23922634311542137,13.005216299628737,28.07709068141914,5,-0.5000000000000004,0.8660254037844384,-0.3943558551133187,0.9189578116202306,0.49999999999999994,-0.8660254037844387,51.243999,-0.571478,36
2019-05-29 23:00:00,27.61999999999996,52.07000000000004,102.01000000000015,6.0,0.23922634311542137,13.005216299628737,28.07709068141914,5,-0.25881904510252157,0.9659258262890681,-0.3943558551133187,0.9189578116202306,0.49999999999999994,-0.8660254037844387,51.243999,-0.571478,36
2019-05-30 00:00:00,27.61999999999996,52.07000000000004,102.01000000000015,6.0,0.23922634311542137,9.69787131617211,30.437443483024698,5,0.0,1.0,-0.20129852008866114,0.9795299412524943,0.49999999999999994,-0.8660254037844387,51.243999,-0.571478,36
2019-05-30 01:00:00,27.61999999999996,52.07000000000004,102.01000000000015,6.0,0.23922634311542137,9.641814621537254,30.477449462712926,5,0.25881904510252074,0.9659258262890683,-0.20129852008866114,0.9795299412524943,0.49999999999999994,-0.8660254037844387,51.243999,-0.571478,36
2019-05-30 02:00:00,27.61999999999996,52.07000000000004,102.01000000000015,6.0,0.23922634311542137,9.641814621537254,30.477449462712926,5,0.49999999999999994,0.8660254037844387,-0.20129852008866114,0.9795299412524943,0.49999999999999994,-0.8660254037844387,51.243999,-0.571478,36
2019-05-30 03:00:00,27.61999999999996,52.07000000000004,102.01000000000015,6.0,0.23922634311542137,9.641814621537254,30.477449462712926,5,0.7071067811865476,0.7071067811865476,-0.20129852008866114,0.9795299412524943,0.49999999999999994,-0.8660254037844387,51.243999,-0.571478,36
2019-05-30 04:00:00,27.61999999999996,52.07000000000004,102.01000000000015,6.0,0.23922634311542137,9.641814621537254,30.477449462712926,5,0.8660254037844386,0.5000000000000001,-0.20129852008866114,0.9795299412524943,0.49999999999999994,-0.8660254037844387,51.243999,-0.571478,36
2019-05-30 05:00:00,27.61999999999996,52.07000000000004,102.01000000000015,6.0,0.23922634311542137,9.641814621537254,30.477449462712926,5,0.9659258262890683,0.25881904510252074,-0.20129852008866114,0.9795299412524943,0.49999999999999994,-0.8660254037844387,51.243999,-0.571478,36
2019-05-30 06:00:00,27.61999999999996,52.07000000000004,102.01000000000015,6.0,0.23922634311542137,9.641814621537254,30.477449462712926,5,1.0,6.123233995736766e-17,-0.20129852008866114,0.9795299412524943,0.49999999999999994,-0.8660254037844387,51.243999,-0.571478,36
2019-05-30 07:00:00,27.61999999999996,52.07000000000004,102.01000000000015,6.0,0.23922634311542137,9.641814621537254,30.477449462712926,5,0.9659258262890683,-0.25881904510252063,-0.20129852008866114,0.9795299412524943,0.49999999999999994,-0.8660254037844387,51.243999,-0.571478,36
2019-05-30 08:00:00,27.61999999999996,52.07000000000004,102.01000000000015,6.0,0.23922634311542137,9.641814621537254,30.477449462712926,5,0.8660254037844387,-0.4999999999999998,-0.20129852008866114,0.9795299412524943,0.49999999999999994,-0.8660254037844387,51.243999,-0.571478,36
2019-05-30 09:00:00,27.61999999999996,52.07000000000004,102.01000000000015,6.0,0.23922634311542137,9.641814621537254,30.477449462712926,5,0.7071067811865476,-0.7071067811865475,-0.20129852008866114,0.9795299412524943,0.49999999999999994,-0.8660254037844387,51.243999,-0.571478,36
2019-05-30 10:00:00,27.61999999999996,52.07000000000004,102.01000000000015,6.0,0.23922634311542137,9.641814621537254,30.477449462712926,5,0.49999999999999994,-0.8660254037844387,-0.20129852008866114,0.9795299412524943,0.49999999999999994,-0.8660254037844387,51.243999,-0.571478,36
2019-05-30 11:00:00,27.61999999999996,52.07000000000004,102.01000000000015,6.0,0.23922634311542137,9.641814621537254,30.477449462712926,5,0.258819045102521,-0.9659258262890682,-0.20129852008866114,0.9795299412524943,0.49999999999999994,-0.8660254037844387,51.243999,-0.571478,36
2019-05-30 12:00:00,27.61999999999996,52.07000000000004,102.01000000000015,6.0,0.23922634311542137,9.641814621537254,30.477449462712926,5,1.2246467991473532e-16,-1.0,-0.20129852008866114,0.9795299412524943,0.49999999999999994,-0.8660254037844387,51.243999,-0.571478,36
2019-05-30 13:00:00,27.61999999999996,52.07000000000004,102.01000000000015,6.0,0.23922634311542137,9.641814621537254,30.477449462712926,5,-0.2588190451025208,-0.9659258262890683,-0.20129852008866114,0.9795299412524943,0.49999999999999994,-0.8660254037844387,51.243999,-0.571478,36
2019-05-30 14:00:00,27.61999999999996,52.07000000000004,102.01000000000015,6.0,0.23922634311542137,9.641814621537254,30.477449462712926,5,-0.4999999999999997,-0.8660254037844388,-0.20129852008866114,0.9795299412524943,0.49999999999999994,-0.8660254037844387,51.243999,-0.571478,36
2019-05-30 15:00:00,27.61999999999996,52.07000000000004,102.01000000000015,6.0,0.23922634311542137,9.641814621537254,30.477449462712926,5,-0.7071067811865471,-0.7071067811865479,-0.20129852008866114,0.9795299412524943,0.49999999999999994,-0.8660254037844387,51.243999,-0.571478,36
2019-05-30 16:00:00,27.61999999999996,52.07000000000004,102.01000000000015,6.0,0.23922634311542137,9.641814621537254,30.477449462712926,5,-0.8660254037844385,-0.5000000000000004,-0.20129852008866114,0.9795299412524943,0.49999999999999994,-0.8660254037844387,51.243999,-0.571478,36
2019-05-30 17:00:00,27.56999999999999,52.08883333333333,102.00600000000006,6.3,0.25024691207541033,9.321751591732438,30.023025798248906,5,-0.9659258262890683,-0.25881904510252063,-0.20129852008866114,0.9795299412524943,0.49999999999999994,-0.8660254037844387,51.243999,-0.571478,36
2019-05-30 18:00:00,26.745499999999996,52.25583333333335,102.00200000000011,8.35,0.26776563289276595,11.18922092600891,26.371080584433823,5,-1.0,-1.8369701987210297e-16,-0.20129852008866114,0.9795299412524943,0.49999999999999994,-0.8660254037844387,51.243999,-0.571478,36
2019-05-30 19:00:00,25.705499999999986,52.32183333333332,102.02833333333335,8.233333333333333,0.24104024536481872,13.063772524515405,24.370715675008384,5,-0.9659258262890684,0.2588190451025203,-0.20129852008866114,0.9795299412524943,0.49999999999999994,-0.8660254037844387,51.243999,-0.571478,36
2019-05-30 20:00:00,24.72950000000001,52.211166666666664,102.03933333333339,8.25,0.22048716798221918,14.634053514633393,21.57891114407461,5,-0.8660254037844386,0.5000000000000001,-0.20129852008866114,0.9795299412524943,0.49999999999999994,-0.8660254037844387,51.243999,-0.571478,36
2019-05-30 21:00:00,23.5085,52.20900000000002,102.09249999999999,8.666666666666666,0.21566272484088195,15.122460838340812,25.05336523402511,5,-0.7071067811865477,0.7071067811865474,-0.20129852008866114,0.9795299412524943,0.49999999999999994,-0.8660254037844387,51.243999,-0.571478,36
2019-05-30 22:00:00,22.503666666666675,52.289666666666676,102.15083333333328,9.166666666666666,0.2259056061424662,13.670949423783847,34.10751185772781,5,-0.5000000000000004,0.8660254037844384,-0.20129852008866114,0.9795299412524943,0.49999999999999994,-0.8660254037844387,51.243999,-0.571478,36
2019-05-30 23:00:00,21.65583333333333,52.34100000000003,102.15333333333328,9.183333333333334,0.19648188886106968,13.037216720482608,38.01647082994262,5,-0.25881904510252157,0.9659258262890681,-0.20129852008866114,0.9795299412524943,0.49999999999999994,-0.8660254037844387,51.243999,-0.571478,36
2019-05-31 00:00:00,20.824833333333338,52.22966666666665,102.14800000000011,10.533333333333333,0.17106678240893258,10.731165235010831,29.103926511083603,5,0.0,1.0,-2.4492935982947064e-16,1.0,0.49999999999999994,-0.8660254037844387,51.243999,-0.571478,36
2019-05-31 01:00:00,19.692,52.10466666666662,102.14800000000007,11.35,0.1607307743750576,10.438315925662453,27.755111076212543,5,0.25881904510252074,0.9659258262890683,-2.4492935982947064e-16,1.0,0.49999999999999994,-0.8660254037844387,51.243999,-0.571478,36
2019-05-31 02:00:00,19.012500000000003,52.27483333333335,102.15616666666662,10.233333333333333,0.15426795026376938,10.057928723660872,29.863325917303886,5,0.49999999999999994,0.8660254037844387,-2.4492935982947064e-16,1.0,0.49999999999999994,-0.8660254037844387,51.243999,-0.571478,36
2019-05-31 03:00:00,18.850999999999996,52.275000000000006,102.15233333333326,8.533333333333333,0.19439201114815452,11.901352621996098,28.943804772231715,5,0.7071067811865476,0.7071067811865476,-2.4492935982947064e-16,1.0,0.49999999999999994,-0.8660254037844387,51.243999,-0.571478,36
2019-05-31 04:00:00,18.834333333333323,52.24433333333338,102.14100000000005,7.45,0.1564005588352858,12.940601809141604,28.88254920485627,5,0.8660254037844386,0.5000000000000001,-2.4492935982947064e-16,1.0,0.49999999999999994,-0.8660254037844387,51.243999,-0.571478,36
2019-05-31 05:00:00,18.89433333333333,52.361999999999995,102.15049999999998,6.633333333333334,0.16613583804428514,17.5288865017662,29.205770287656048,5,0.9659258262890683,0.25881904510252074,-2.4492935982947064e-16,1.0,0.49999999999999994,-0.8660254037844387,51.243999,-0.571478,36
2019-05-31 06:00:00,19.079500000000007,52.40933333333332,102.18549999999992,6.933333333333334,0.18294870816696748,18.46273088158894,34.59767078908216,5,1.0,6.123233995736766e-17,-2.4492935982947064e-16,1.0,0.49999999999999994,-0.8660254037844387,51.243999,-0.571478,36
2019-05-31 07:00:00,19.541999999999994,52.49383333333336,102.20233333333327,7.516666666666667,0.22090508881626628,24.650936222057485,37.67848744731591,5,0.9659258262890683,-0.25881904510252063,-2.4492935982947064e-16,1.0,0.49999999999999994,-0.8660254037844387,51.243999,-0.571478,36
2019-05-31 08:00:00,20.45583333333332,52.537666666666674,102.18916666666671,3.3833333333333333,0.26128810731745883,22.12046728526402,32.26294241814573,5,0.8660254037844387,-0.4999999999999998,-2.4492935982947064e-16,1.0,0.49999999999999994,-0.8660254037844387,51.243999,-0.571478,36
2019-05-31 09:00:00,21.605333333333345,52.44383333333335,102.1888333333334,1.7666666666666666,0.19369401753045098,29.600134558473755,30.27422143045396,5,0.7071067811865476,-0.7071067811865475,-2.4492935982947064e-16,1.0,0.49999999999999994,-0.8660254037844387,51.243999,-0.571478,36
2019-05-31 10:00:00,22.333833333333338,52.26349999999996,102.18233333333326,5.15,0.19849541906606752,23.53161320592918,28.745923799559797,5,0.49999999999999994,-0.8660254037844387,-2.4492935982947064e-16,1.0,0.49999999999999994,-0.8660254037844387,51.243999,-0.571478,36
2019-05-31 11:00:00,22.798000000000005,52.35883333333334,102.1998333333332,5.933333333333334,0.18451187072006184,26.026638449517854,26.913208711679083,5,0.258819045102521,-0.9659258262890682,-2.4492935982947064e-16,1.0,0.49999999999999994,-0.8660254037844387,51.243999,-0.571478,36
2019-05-31 12:00:00,23.251666666666654,52.37583333333336,102.19366666666662,2.533333333333333,0.18622278706058562,29.143073591963905,25.54263102248916,5,1.2246467991473532e-16,-1.0,-2.4492935982947064e-16,1.0,0.49999999999999994,-0.8660254037844387,51.243999,-0.571478,36
2019-05-31 13:00:00,23.31183333333333,52.24066666666668,102.19533333333331,2.75,0.18826576093402025,29.282945308761843,25.959048988998877,5,-0.2588190451025208,-0.9659258262890683,-2.4492935982947064e-16,1.0,0.49999999999999994,-0.8660254037844387,51.243999,-0.571478,36
2019-05-31 14:00:00,23.647499999999997,52.331500000000005,102.15499999999994,4.933333333333334,0.1910185547810121,25.545805833009542,24.890045856546138,5,-0.4999999999999997,-0.8660254037844388,-2.4492935982947064e-16,1.0,0.49999999999999994,-0.8660254037844387,51.243999,-0.571478,36
2019-05-31 15:00:00,24.417333333333332,52.35099999999998,102.12666666666675,12.2,0.4278992985184108,31.34910224824425,23.877330442921455,5,-0.7071067811865471,-0.7071067811865479,-2.4492935982947064e-16,1.0,0.49999999999999994,-0.8660254037844387,51.243999,-0.571478,36
2019-05-31 16:00:00,25.868333333333343,52.25483333333332,102.08416666666666,3.066666666666667,0.25399444096705187,41.4750107602422,23.046055144678583,5,-0.8660254037844385,-0.5000000000000004,-2.4492935982947064e-16,1.0,0.49999999999999994,-0.8660254037844387,51.243999,-0.571478,36
2019-05-31 17:00:00,28.501499999999986,52.12766666666665,102.02850000000015,5.15,0.2270433167077365,47.379852908268575,8.446228616789622,5,-0.9659258262890683,-0.25881904510252063,-2.4492935982947064e-16,1.0,0.49999999999999994,-0.8660254037844387,51.243999,-0.571478,36
2019-05-31 18:00:00,31.685499999999994,51.56500000000001,102.00299999999991,6.15,0.20980651363211086,39.094928204925615,17.39845378528921,5,-1.0,-1.8369701987210297e-16,-2.4492935982947064e-16,1.0,0.49999999999999994,-0.8660254037844387,51.243999,-0.571478,36
2019-05-31 19:00:00,29.59883333333334,51.55599999999999,101.99133333333323,3.6,0.2577137833225717,25.142253774089916,23.32002656693979,5,-0.9659258262890684,0.2588190451025203,-2.4492935982947064e-16,1.0,0.49999999999999994,-0.8660254037844387,51.243999,-0.571478,36
2019-05-31 20:00:00,26.10783333333334,52.02066666666665,101.97766666666656,4.733333333333333,0.21898304990753786,11.787298428093402,25.43464505534276,5,-0.8660254037844386,0.5000000000000001,-2.4492935982947064e-16,1.0,0.49999999999999994,-0.8660254037844387,51.243999,-0.571478,36
2019-05-31 21:00:00,23.377333333333333,51.98633333333335,101.9863333333333,5.5,0.2119207424635752,8.462391217447736,29.028199002494105,5,-0.7071067811865477,0.7071067811865474,-2.4492935982947064e-16,1.0,0.49999999999999994,-0.8660254037844387,51.243999,-0.571478,36
2019-05-31 22:00:00,21.474499999999995,52.01949999999999,101.986,5.15,0.2108191453520805,8.942156427767689,29.150394580496478,5,-0.5000000000000004,0.8660254037844384,-2.4492935982947064e-16,1.0,0.49999999999999994,-0.8660254037844387,51.243999,-0.571478,36
2019-05-31 23:00:00,20.161333333333346,51.983,101.95899999999997,5.35,0.20031313927286623,8.404852154921924,29.62962405325247,5,-0.25881904510252157,0.9659258262890681,-2.4492935982947064e-16,1.0,0.49999999999999994,-0.8660254037844387,51.243999,-0.571478,36
2019-06-01 00:00:00,19.012333333333338,51.79766666666665,101.92749999999988,6.666666666666667,0.17660864651828811,10.993091520287674,27.70622668582871,6,0.0,1.0,0.20129852008866006,0.9795299412524945,1.2246467991473532e-16,-1.0,51.243999,-0.571478,36
2019-06-01 01:00:00,17.89366666666666,51.79583333333333,101.93566666666665,7.616666666666666,0.1664162716714763,11.371982094606654,27.095093255238297,6,0.25881904510252074,0.9659258262890683,0.20129852008866006,0.9795299412524945,1.2246467991473532e-16,-1.0,51.243999,-0.571478,36
2019-06-01 02:00:00,17.0155,51.94800000000003,101.92649999999993,7.75,0.15424226635216398,13.43874949928993,25.810034028419683,6,0.49999999999999994,0.8660254037844387,0.20129852008866006,0.9795299412524945,1.2246467991473532e-16,-1.0,51.243999,-0.571478,36
2019-06-01 03:00:00,16.562666666666665,51.961166666666664,101.9079999999999,9.7,0.15770549127869948,15.362919010883681,27.29808152257885,6,0.7071067811865476,0.7071067811865476,0.20129852008866006,0.9795299412524945,1.2246467991473532e-16,-1.0,51.243999,-0.571478,36
2019-06-01 04:00:00,16.177333333333337,51.80533333333335,101.88666666666673,10.116666666666667,0.18068165045835688,16.029194779055192,25.585182146012748,6,0.8660254037844386,0.5000000000000001,0.20129852008866006,0.9795299412524945,1.2246467991473532e-16,-1.0,51.243999,-0.571478,36
2019-06-01 05:00:00,15.788666666666659,51.82249999999999,101.91700000000002,9.066666666666666,0.1411020035271741,16.14518567431106,28.01984396838033,6,0.9659258262890683,0.25881904510252074,0.20129852008866006,0.9795299412524945,1.2246467991473532e-16,-1.0,51.243999,-0.571478,36
2019-06-01 06:00:00,16.00716666666667,52.007833333333345,101.9263333333334,9.116666666666667,0.16449415710200688,19.179232138271356,30.691738941626973,6,1.0,6.123233995736766e-17,0.20129852008866006,0.9795299412524945,1.2246467991473532e-16,-1.0,51.243999,-0.571478,36
2019-06-01 07:00:00,17.054,52.168333333333344,101.90499999999996,8.833333333333334,0.15224007943828763,17.689671464895284,30.723134885953854,6,0.9659258262890683,-0.25881904510252063,0.20129852008866006,0.9795299412524945,1.2246467991473532e-16,-1.0,51.243999,-0.571478,36
2019-06-01 08:00:00,18.851000000000003,52.22000000000004,101.88316666666667,6.316666666666666,0.1769718588163981,20.49409878279228,30.84600805505102,6,0.8660254037844387,-0.4999999999999998,0.20129852008866006,0.9795299412524945,1.2246467991473532e-16,-1.0,51.243999,-0.571478,36
2019-06-01 09:00:00,21.03866666666668,52.12433333333336,101.88349999999998,4.483333333333333,0.1752069614470638,26.907479456225865,29.322383501936176,6,0.7071067811865476,-0.7071067811865475,0.20129852008866006,0.9795299412524945,1.2246467991473532e-16,-1.0,51.243999,-0.571478,36
2019-06-01 10:00:00,23.13783333333333,51.99516666666668,101.83666666666664,2.3666666666666667,0.23239787392219122,33.733940984524956,31.958392533508945,6,0.49999999999999994,-0.8660254037844387,0.20129852008866006,0.9795299412524945,1.2246467991473532e-16,-1.0,51.243999,-0.571478,36
2019-06-01 11:00:00,25.14,51.7663333333333,101.80249999999997,1.8,0.19605899769833215,38.242940477081646,28.935824570313038,6,0.258819045102521,-0.9659258262890682,0.20129852008866006,0.9795299412524945,1.2246467991473532e-16,-1.0,51.243999,-0.571478,36
2019-06-01 12:00:00,27.023166666666665,51.48233333333331,101.75799999999995,2.0,0.18299906330025775,35.67687874540475,27.491901778666662,6,1.2246467991473532e-16,-1.0,0.20129852008866006,0.9795299412524945,1.2246467991473532e-16,-1.0,51.243999,-0.571478,36
2019-06-01 13:00:00,28.930999999999997,51.30049999999998,101.69916666666667,3.2333333333333334,0.21310644521898786,36.55836563918437,29.723656119552103,6,-0.2588190451025208,-0.9659258262890683,0.20129852008866006,0.9795299412524945,1.2246467991473532e-16,-1.0,51.243999,-0.571478,36
2019-06-01 14:00:00,30.51000000000001,51.103000000000016,101.6511666666667,2.95,0.18636236948796675,38.03354647140352,24.48092930887606,6,-0.4999999999999997,-0.8660254037844388,0.20129852008866006,0.9795299412524945,1.2246467991473532e-16,-1.0,51.243999,-0.571478,36
2019-06-01 15:00:00,31.515833333333333,51.23983333333334,101.58316666666659,3.316666666666667,0.18924745323090034,32.9709156442072,24.953654083371738,6,-0.7071067811865471,-0.7071067811865479,0.20129852008866006,0.9795299412524945,1.2246467991473532e-16,-1.0,51.243999,-0.571478,36
2019-06-01 16:00:00,31.775500000000008,51.563000000000024,101.53916666666669,7.5,0.2341455730230474,28.818465729827896,26.825766668062275,6,-0.8660254037844385,-0.5000000000000004,0.20129852008866006,0.9795299412524945,1.2246467991473532e-16,-1.0,51.243999,-0.571478,36
2019-06-01 17:00:00,33.361,51.53583333333334,101.47516666666668,4.616666666666666,0.21104372971215976,37.749686469959656,16.614338432661352,6,-0.9659258262890683,-0.25881904510252063,0.20129852008866006,0.9795299412524945,1.2246467991473532e-16,-1.0,51.243999,-0.571478,36
2019-06-01 18:00:00,34.18449999999999,51.22566666666664,101.43699999999998,7.866666666666666,0.23723467886462765,22.488859334574176,20.816782149922403,6,-1.0,-1.8369701987210297e-16,0.20129852008866006,0.9795299412524945,1.2246467991473532e-16,-1.0,51.243999,-0.571478,36
2019-06-01 19:00:00,31.597833333333334,51.464166666666664,101.38199999999999,10.7,0.28955388933545934,10.41792838981429,27.587181999381652,6,-0.9659258262890684,0.2588190451025203,0.20129852008866006,0.9795299412524945,1.2246467991473532e-16,-1.0,51.243999,-0.571478,36
2019-06-01 20:00:00,29.171500000000012,51.660833333333336,101.33633333333329,10.1,0.28292635179060094,9.136236679756855,28.34516143489877,6,-0.8660254037844386,0.5000000000000001,0.20129852008866006,0.9795299412524945,1.2246467991473532e-16,-1.0,51.243999,-0.571478,36
2019-06-01 21:00:00,27.540333333333326,51.34199999999996,101.30766666666668,12.5,0.26377216003180165,9.543063847355418,27.526118006151716,6,-0.7071067811865477,0.7071067811865474,0.20129852008866006,0.9795299412524945,1.2246467991473532e-16,-1.0,51.243999,-0.571478,36
2019-06-01 22:00:00,25.763166666666663,51.15600000000002,101.26600000000008,10.633333333333333,0.25785906358577004,10.235157174476807,24.90129699152938,6,-0.5000000000000004,0.8660254037844384,0.20129852008866006,0.9795299412524945,1.2246467991473532e-16,-1.0,51.243999,-0.571478,36
2019-06-01 23:00:00,24.261833333333332,51.12749999999999,101.21633333333328,10.616666666666667,0.22814973864649624,12.237880717051409,20.45485201789702,6,-0.25881904510252157,0.9659258262890681,0.20129852008866006,0.9795299412524945,1.2246467991473532e-16,-1.0,51.243999,-0.571478,36
2019-06-02 00:00:00,23.178833333333337,51.129500000000014,101.14333333333335,13.033333333333333,0.22373849045291017,10.838076318843141,22.851022045272753,6,0.0,1.0,0.39435585511331855,0.9189578116202306,1.2246467991473532e-16,-1.0,51.243999,-0.571478,36
2019-06-02 01:00:00,22.438166666666675,51.13800000000002,101.08633333333337,14.1,0.2170406116989735,11.693580532962114,22.058107035314702,6,0.25881904510252074,0.9659258262890683,0.39435585511331855,0.9189578116202306,1.2246467991473532e-16,-1.0,51.243999,-0.571478,36
2019-06-02 02:00:00,21.897833333333324,51.167666666666655,101.01666666666662,14.933333333333334,0.20948290682198534,11.703288295786733,22.418944029656,6,0.49999999999999994,0.8660254037844387,0.39435585511331855,0.9189578116202306,1.2246467991473532e-16,-1.0,51.243999,-0.571478,36
2019-06-02 03:00:00,21.550666666666665,51.09466666666666,100.93649999999995,14.866666666666667,0.18981918071167211,13.743490585801116,20.1811937381892,6,0.7071067811865476,0.7071067811865476,0.39435585511331855,0.9189578116202306,1.2246467991473532e-16,-1.0,51.243999,-0.571478,36
2019-06-02 04:00:00,21.23299999999999,51.08666666666665,100.86500000000011,14.916666666666666,0.18472513506924768,14.052830725751528,21.652336198704734,6,0.8660254037844386,0.5000000000000001,0.39435585511331855,0.9189578116202306,1.2246467991473532e-16,-1.0,51.243999,-0.571478,36
2019-06-02 05:00:00,20.972333333333356,51.23516666666668,100.82216666666677,15.933333333333334,0.17899021384866096,13.920583785966532,23.49079442947396,6,0.9659258262890683,0.25881904510252074,0.39435585511331855,0.9189578116202306,1.2246467991473532e-16,-1.0,51.243999,-0.571478,36
2019-06-02 06:00:00,21.37983333333333,51.44199999999997,100.76500000000003,14.15,0.1799246763828675,14.597095924245489,28.234692444306543,6,1.0,6.123233995736766e-17,0.39435585511331855,0.9189578116202306,1.2246467991473532e-16,-1.0,51.243999,-0.571478,36
2019-06-02 07:00:00,22.31383333333334,51.36566666666663,100.75550000000004,12.65,0.1825127917166313,19.010846124199805,27.20724667367734,6,0.9659258262890683,-0.25881904510252063,0.39435585511331855,0.9189578116202306,1.2246467991473532e-16,-1.0,51.243999,-0.571478,36
2019-06-02 08:00:00,23.610500000000002,51.305499999999974,100.72883333333333,9.833333333333334,0.1794608993196024,24.479827237286766,23.448172373993536,6,0.8660254037844387,-0.4999999999999998,0.39435585511331855,0.9189578116202306,1.2246467991473532e-16,-1.0,51.243999,-0.571478,36
2019-06-02 09:00:00,25.071666666666673,51.261500000000005,100.72133333333333,7.433333333333334,0.18445301830353017,29.620888748598954,16.642466106129902,6,0.7071067811865476,-0.7071067811865475,0.39435585511331855,0.9189578116202306,1.2246467991473532e-16,-1.0,51.243999,-0.571478,36
2019-06-02 10:00:00,26.83749999999999,51.059166666666655,100.71166666666662,5.7,0.18046396868589698,35.39943436508634,13.214423980028892,6,0.49999999999999994,-0.8660254037844387,0.39435585511331855,0.9189578116202306,1.2246467991473532e-16,-1.0,51.243999,-0.571478,36
2019-06-02 11:00:00,28.497833333333325,50.69366666666668,100.72533333333328,4.383333333333334,0.18031828683876464,43.52523904459263,14.614050703038792,6,0.258819045102521,-0.9659258262890682,0.39435585511331855,0.9189578116202306,1.2246467991473532e-16,-1.0,51.243999,-0.571478,36
2019-06-02 12:00:00,29.681999999999995,50.25166666666667,100.7171666666666,4.7,0.1835552745090287,47.08222764432553,14.303178427809842,6,1.2246467991473532e-16,-1.0,0.39435585511331855,0.9189578116202306,1.2246467991473532e-16,-1.0,51.243999,-0.571478,36
2019-06-02 13:00:00,30.369333333333312,49.870166666666684,100.69949999999996,3.6166666666666667,0.20134753218601334,38.93734086812002,20.259752062170723,6,-0.2588190451025208,-0.9659258262890683,0.39435585511331855,0.9189578116202306,1.2246467991473532e-16,-1.0,51.243999,-0.571478,36
2019-06-02 14:00:00,30.27933333333333,49.57733333333332,100.6985,2.6333333333333333,0.1773613428518718,37.07870734105527,26.76161453492912,6,-0.4999999999999997,-0.8660254037844388,0.39435585511331855,0.9189578116202306,1.2246467991473532e-16,-1.0,51.243999,-0.571478,36
2019-06-02 15:00:00,28.951166666666666,49.500833333333354,100.72166666666662,3.5833333333333335,0.19532895884670623,23.10971436316853,29.940370859891928,6,-0.7071067811865471,-0.7071067811865479,0.39435585511331855,0.9189578116202306,1.2246467991473532e-16,-1.0,51.243999,-0.571478,36
2019-06-02 16:00:00,29.24833333333332,49.482166666666664,100.6978333333333,3.5,0.19559203706387998,19.59801594280253,34.17442737234605,6,-0.8660254037844385,-0.5000000000000004,0.39435585511331855,0.9189578116202306,1.2246467991473532e-16,-1.0,51.243999,-0.571478,36
2019-06-02 17:00:00,28.295333333333343,49.74966666666668,100.69383333333327,4.266666666666667,0.23556303044878127,10.53474685252347,27.932210740224015,6,-0.9659258262890683,-0.25881904510252063,0.39435585511331855,0.9189578116202306,1.2246467991473532e-16,-1.0,51.243999,-0.571478,36
2019-06-02 18:00:00,26.396333333333327,50.054666666666684,100.71166666666664,4.816666666666666,0.22982297011785055,8.738170619348114,29.000267786272097,6,-1.0,-1.8369701987210297e-16,0.39435585511331855,0.9189578116202306,1.2246467991473532e-16,-1.0,51.243999,-0.571478,36
2019-06-02 19:00:00,24.608500000000003,50.50333333333334,100.72699999999999,12.633333333333333,0.22099997902583224,10.174422467843057,28.58779622514559,6,-0.9659258262890684,0.2588190451025203,0.39435585511331855,0.9189578116202306,1.2246467991473532e-16,-1.0,51.243999,-0.571478,36
2019-06-02 20:00:00,23.382833333333338,50.66449999999999,100.71866666666669,14.116666666666667,0.20150912024896667,9.66687533254573,28.317731337551773,6,-0.8660254037844386,0.5000000000000001,0.39435585511331855,0.9189578116202306,1.2246467991473532e-16,-1.0,51.243999,-0.571478,36
2019-06-02 21:00:00,22.498666666666672,50.631333333333295,100.75533333333345,11.266666666666667,0.20000686459253006,10.665279359454098,26.987221199677613,6,-0.7071067811865477,0.7071067811865474,0.39435585511331855,0.9189578116202306,1.2246467991473532e-16,-1.0,51.243999,-0.571478,36
2019-06-02 22:00:00,21.763333333333332,50.568499999999965,100.77900000000004,9.9,0.18883095249076468,13.29153152494273,26.07670249464879,6,-0.5000000000000004,0.8660254037844384,0.39435585511331855,0.9189578116202306,1.2246467991473532e-16,-1.0,51.243999,-0.571478,36
2019-06-02 23:00:00,20.958500000000004,50.41950000000001,100.83100000000007,3.6166666666666667,0.16818914833897758,20.756526104731538,22.365634441796487,6,-0.25881904510252157,0.9659258262890681,0.39435585511331855,0.9189578116202306,1.2246467991473532e-16,-1.0,51.243999,-0.571478,36
2019-06-03 00:00:00,20.223499999999998,50.105833333333344,100.87283333333335,1.7666666666666666,0.13471278567694947,23.474453502510475,15.834147594361339,6,0.0,1.0,0.5712682150947923,0.8207634412072763,1.2246467991473532e-16,-1.0,51.243999,-0.571478,36
2019-06-03 01:00:00,19.406999999999993,49.957499999999996,100.87666666666664,1.8166666666666667,0.13329983297534492,20.018591341174183,17.984989930624987,6,0.25881904510252074,0.9659258262890683,0.5712682150947923,0.8207634412072763,1.2246467991473532e-16,-1.0,51.243999,-0.571478,36
2019-06-03 02:00:00,18.446666666666665,49.787166666666664,100.87350000000002,1.9166666666666667,0.1250105061912229,18.125556204460164,17.698660070464843,6,0.49999999999999994,0.8660254037844387,0.5712682150947923,0.8207634412072763,1.2246467991473532e-16,-1.0,51.243999,-0.571478,36
2019-06-03 03:00:00,17.701666666666664,49.76949999999997,100.89599999999994,1.85,0.13362131546466008,16.05069840824806,18.488388038875215,6,0.7071067811865476,0.7071067811865476,0.5712682150947923,0.8207634412072763,1.2246467991473532e-16,-1.0,51.243999,-0.571478,36
2019-06-03 04:00:00,16.922499999999992,49.59349999999999,100.92283333333324,1.6333333333333333,0.12431784956580176,15.596634737308529,17.216523541711037,6,0.8660254037844386,0.5000000000000001,0.5712682150947923,0.8207634412072763,1.2246467991473532e-16,-1.0,51.243999,-0.571478,36
2019-06-03 05:00:00,16.3805,49.7241666666667,100.97466666666652,2.183333333333333,0.13413195562700678,14.022062534407345,20.984514556633826,6,0.9659258262890683,0.25881904510252074,0.5712682150947923,0.8207634412072763,1.2246467991473532e-16,-1.0,51.243999,-0.571478,36
2019-06-03 06:00:00,16.478166666666667,49.913666666666664,100.99449999999993,3.4833333333333334,0.15371329883027834,14.355008784003012,28.998319980257154,6,1.0,6.123233995736766e-17,0.5712682150947923,0.8207634412072763,1.2246467991473532e-16,-1.0,51.243999,-0.571478,36
2019-06-03 07:00:00,17.23683333333333,49.984833333333334,101.01700000000005,4.266666666666667,0.20146583648494906,22.294302792968832,29.102977922515258,6,0.9659258262890683,-0.25881904510252063,0.5712682150947923,0.8207634412072763,1.2246467991473532e-16,-1.0,51.243999,-0.571478,36
2019-06-03 08:00:00,18.533,50.078999999999965,101.05933333333327,3.466666666666667,0.2150044356521318,27.169193499352037,29.809454860784705,6,0.8660254037844387,-0.4999999999999998,0.5712682150947923,0.8207634412072763,1.2246467991473532e-16,-1.0,51.243999,-0.571478,36
2019-06-03 09:00:00,19.67516666666666,49.86866666666669,101.07516666666662,2.966666666666667,0.17816649535932808,28.551563432214618,24.441806742397592,6,0.7071067811865476,-0.7071067811865475,0.5712682150947923,0.8207634412072763,1.2246467991473532e-16,-1.0,51.243999,-0.571478,36
2019-06-03 10:00:00,21.045833333333327,49.717,101.08866666666678,3.283333333333333,0.16328314873869473,29.358356105060167,25.187725080054758,6,0.49999999999999994,-0.8660254037844387,0.5712682150947923,0.8207634412072763,1.2246467991473532e-16,-1.0,51.243999,-0.571478,36
2019-06-03 11:00:00,22.031666666666677,49.41150000000002,101.09516666666671,3.033333333333333,0.16840330315688679,32.12391554102046,24.291952801522196,6,0.258819045102521,-0.9659258262890682,0.5712682150947923,0.8207634412072763,1.2246467991473532e-16,-1.0,51.243999,-0.571478,36
2019-06-03 12:00:00,22.71066666666665,49.383000000000024,101.05466666666663,3.2333333333333334,0.24385135036303976,25.09344780315451,25.889737731119713,6,1.2246467991473532e-16,-1.0,0.5712682150947923,0.8207634412072763,1.2246467991473532e-16,-1.0,51.243999,-0.571478,36
2019-06-03 13:00:00,22.82983333333335,49.15149999999997,101.04933333333335,2.7666666666666666,0.20135270039664227,26.302945730642595,23.064480788601188,6,-0.2588190451025208,-0.9659258262890683,0.5712682150947923,0.8207634412072763,1.2246467991473532e-16,-1.0,51.243999,-0.571478,36
2019-06-03 14:00:00,23.584166666666672,49.31733333333334,101.04149999999998,2.9166666666666665,0.17711763378444265,25.934191386360567,24.208806134400007,6,-0.4999999999999997,-0.8660254037844388,0.5712682150947923,0.8207634412072763,1.2246467991473532e-16,-1.0,51.243999,-0.571478,36
2019-06-03 15:00:00,25.435166666666664,49.10616666666666,101.01933333333342,2.4,0.17661847077452875,36.0082763276859,25.060817151497776,6,-0.7071067811865471,-0.7071067811865479,0.5712682150947923,0.8207634412072763,1.2246467991473532e-16,-1.0,51.243999,-0.571478,36
2019-06-03 16:00:00,27.322999999999993,48.96816666666667,101.00866666666674,2.0166666666666666,0.16811854522733358,41.07312922785534,33.67889795421082,6,-0.8660254037844385,-0.5000000000000004,0.5712682150947923,0.8207634412072763,1.2246467991473532e-16,-1.0,51.243999,-0.571478,36
2019-06-03 17:00:00,29.39366666666666,48.861833333333315,101.02299999999998,1.8833333333333333,0.244998221698051,43.970460422673185,11.828018376338129,6,-0.9659258262890683,-0.25881904510252063,0.5712682150947923,0.8207634412072763,1.2246467991473532e-16,-1.0,51.243999,-0.571478,36
2019-06-03 18:00:00,30.78350000000001,48.55866666666666,101.02233333333348,1.55,0.20472161129925626,23.995546027921066,27.470789898402398,6,-1.0,-1.8369701987210297e-16,0.5712682150947923,0.8207634412072763,1.2246467991473532e-16,-1.0,51.243999,-0.571478,36
2019-06-03 19:00:00,28.528833333333342,48.2245,101.03650000000002,1.6833333333333333,0.21166171500608355,14.991203383801992,26.774439624284117,6,-0.9659258262890684,0.2588190451025203,0.5712682150947923,0.8207634412072763,1.2246467991473532e-16,-1.0,51.243999,-0.571478,36
2019-06-03 20:00:00,24.646,48.682166666666646,101.04550000000008,2.85,0.226517975081371,8.826365041871735,27.81381579122003,6,-0.8660254037844386,0.5000000000000001,0.5712682150947923,0.8207634412072763,1.2246467991473532e-16,-1.0,51.243999,-0.571478,36
2019-06-03 21:00:00,22.019000000000005,48.59366666666668,101.04400000000012,2.9166666666666665,0.19905762493356344,8.156362192856417,22.556142946549958,6,-0.7071067811865477,0.7071067811865474,0.5712682150947923,0.8207634412072763,1.2246467991473532e-16,-1.0,51.243999,-0.571478,36
2019-06-03 22:00:00,20.1375,48.621166666666696,101.04783333333327,3.783333333333333,0.18848745272576328,8.141900391380185,18.703360024483462,6,-0.5000000000000004,0.8660254037844384,0.5712682150947923,0.8207634412072763,1.2246467991473532e-16,-1.0,51.243999,-0.571478,36
2019-06-03 23:00:00,18.633000000000003,48.505999999999965,101.03083333333346,4.166666666666667,0.17074156926307094,8.11748574482371,12.823138272531105,6,-0.25881904510252157,0.9659258262890681,0.5712682150947923,0.8207634412072763,1.2246467991473532e-16,-1.0,51.243999,-0.571478,36
2019-06-04 00:00:00,17.488333333333326,48.6886666666667,100.99316666666655,5.15,0.1609640771805447,8.111075144228916,13.859490374341712,6,0.0,1.0,0.72479278722912,0.6889669190756866,1.2246467991473532e-16,-1.0,51.243999,-0.571478,36
2019-06-04 01:00:00,16.88299999999999,48.88399999999999,100.9336666666666,5.716666666666667,0.1524294233531434,9.444905333260612,18.507483264589286,6,0.25881904510252074,0.9659258262890683,0.72479278722912,0.6889669190756866,1.2246467991473532e-16,-1.0,51.243999,-0.571478,36
2019-06-04 02:00:00,16.539833333333334,48.808166666666665,100.878,5.75,0.14158435239237283,11.067443457003879,21.02134656901765,6,0.49999999999999994,0.8660254037844387,0.72479278722912,0.6889669190756866,1.2246467991473532e-16,-1.0,51.243999,-0.571478,36
2019-06-04 03:00:00,16.370500000000003,48.85050000000001,100.8085,5.483333333333333,0.13763291780322495,11.832899971141554,16.386742542594586,6,0.7071067811865476,0.7071067811865476,0.72479278722912,0.6889669190756866,1.2246467991473532e-16,-1.0,51.243999,-0.571478,36
2019-06-04 04:00:00,16.41849999999999,48.84166666666665,100.76183333333346,6.433333333333334,0.14164876878341037,12.997193610886933,21.960822822259992,6,0.8660254037844386,0.5000000000000001,0.72479278722912,0.6889669190756866,1.2246467991473532e-16,-1.0,51.243999,-0.571478,36
2019-06-04 05:00:00,16.637166666666666,48.95166666666667,100.7523333333333,5.766666666666667,0.1502874852302326,13.837704798980642,23.95707280908722,6,0.9659258262890683,0.25881904510252074,0.72479278722912,0.6889669190756866,1.2246467991473532e-16,-1.0,51.243999,-0.571478,36
2019-06-04 06:00:00,17.035666666666664,48.833166666666656,100.7054999999999,4.583333333333333,0.14076777511299693,16.19396962055251,20.86997871052689,6,1.0,6.123233995736766e-17,0.72479278722912,0.6889669190756866,1.2246467991473532e-16,-1.0,51.243999,-0.571478,36
2019-06-04 07:00:00,17.668166666666664,48.83250000000002,100.6498333333333,4.016666666666667,0.18006965400310102,18.2422941615407,26.33640149933526,6,0.9659258262890683,-0.25881904510252063,0.72479278722912,0.6889669190756866,1.2246467991473532e-16,-1.0,51.243999,-0.571478,36
2019-06-04 08:00:00,18.556166666666662,48.75616666666665,100.57399999999998,4.133333333333334,0.18731252871594167,24.933140201716203,30.25462021410239,6,0.8660254037844387,-0.4999999999999998,0.72479278722912,0.6889669190756866,1.2246467991473532e-16,-1.0,51.243999,-0.571478,36
2019-06-04 09:00:00,19.114,48.58583333333333,100.48683333333328,3.5,0.15538726362881644,20.3143029156024,24.97456696840471,6,0.7071067811865476,-0.7071067811865475,0.72479278722912,0.6889669190756866,1.2246467991473532e-16,-1.0,51.243999,-0.571478,36
2019-06-04 10:00:00,20.101000000000003,48.74016666666666,100.33166666666673,5.016666666666667,0.15910643720268292,16.681920157759595,24.52745003385304,6,0.49999999999999994,-0.8660254037844387,0.72479278722912,0.6889669190756866,1.2246467991473532e-16,-1.0,51.243999,-0.571478,36
2019-06-04 11:00:00,20.818500000000007,48.79633333333333,100.27499999999993,6.45,0.17233097445324405,16.562978330700716,22.27767906991228,6,0.258819045102521,-0.9659258262890682,0.72479278722912,0.6889669190756866,1.2246467991473532e-16,-1.0,51.243999,-0.571478,36
2019-06-04 12:00:00,21.119999999999994,48.95716666666669,100.16550000000001,7.716666666666667,0.1751445005951831,19.1826511782286,21.812419753907996,6,1.2246467991473532e-16,-1.0,0.72479278722912,0.6889669190756866,1.2246467991473532e-16,-1.0,51.243999,-0.571478,36
2019-06-04 13:00:00,21.759166666666662,49.12083333333332,100.10016666666661,11.566666666666666,0.18069962279441798,17.997134201929878,24.734075031730637,6,-0.2588190451025208,-0.9659258262890683,0.72479278722912,0.6889669190756866,1.2246467991473532e-16,-1.0,51.243999,-0.571478,36
2019-06-04 14:00:00,21.688833333333356,49.3526666666667,100.09233333333336,16.483333333333334,0.2177993550717953,15.179125753368409,30.66790456199249,6,-0.4999999999999997,-0.8660254037844388,0.72479278722912,0.6889669190756866,1.2246467991473532e-16,-1.0,51.243999,-0.571478,36
2019-06-04 15:00:00,21.505166666666657,49.60549999999997,100.0068333333333,16.833333333333332,0.22339380921633484,15.293424350323535,26.31466313461288,6,-0.7071067811865471,-0.7071067811865479,0.72479278722912,0.6889669190756866,1.2246467991473532e-16,-1.0,51.243999,-0.571478,36
2019-06-04 16:00:00,21.38183333333333,49.983500000000014,99.94599999999993,17.533333333333335,0.26096440156636397,15.376721250683305,26.947773514294884,6,-0.8660254037844385,-0.5000000000000004,0.72479278722912,0.6889669190756866,1.2246467991473532e-16,-1.0,51.243999,-0.571478,36
2019-06-04 17:00:00,21.98949999999999,49.97766666666667,99.87566666666667,11.75,0.2246501441836766,22.78258246453006,23.688803883661006,6,-0.9659258262890683,-0.25881904510252063,0.72479278722912,0.6889669190756866,1.2246467991473532e-16,-1.0,51.243999,-0.571478,36
2019-06-04 18:00:00,23.511499999999995,49.82583333333334,99.89466666666667,7.433333333333334,0.2231902003417362,28.59277514281373,26.562050523316316,6,-1.0,-1.8369701987210297e-16,0.72479278722912,0.6889669190756866,1.2246467991473532e-16,-1.0,51.243999,-0.571478,36
2019-06-04 19:00:00,23.96216666666667,49.33316666666667,99.93583333333325,6.2,0.2116988178695516,27.550050658784603,19.838339302890372,6,-0.9659258262890684,0.2588190451025203,0.72479278722912,0.6889669190756866,1.2246467991473532e-16,-1.0,51.243999,-0.571478,36
2019-06-04 20:00:00,22.300333333333338,50.02199999999997,99.96116666666663,5.933333333333334,0.1852638919270318,19.470312399998516,22.22251914152329,6,-0.8660254037844386,0.5000000000000001,0.72479278722912,0.6889669190756866,1.2246467991473532e-16,-1.0,51.243999,-0.571478,36
2019-06-04 21:00:00,21.17983333333333,50.26799999999998,99.99650000000001,6.25,0.18470655162720007,16.405161861171912,22.47999317175028,6,-0.7071067811865477,0.7071067811865474,0.72479278722912,0.6889669190756866,1.2246467991473532e-16,-1.0,51.243999,-0.571478,36
2019-06-04 22:00:00,20.158666666666672,50.31966666666668,99.98916666666656,6.7,0.1737906272923337,14.852230235716293,22.94142501224248,6,-0.5000000000000004,0.8660254037844384,0.72479278722912,0.6889669190756866,1.2246467991473532e-16,-1.0,51.243999,-0.571478,36
2019-06-04 23:00:00,19.089500000000005,50.267166666666675,100.01366666666671,7.9,0.16175882924611587,14.379275259517687,20.95906435932161,6,-0.25881904510252157,0.9659258262890681,0.72479278722912,0.6889669190756866,1.2246467991473532e-16,-1.0,51.243999,-0.571478,36
2019-06-05 00:00:00,18.186833333333325,50.34316666666667,100.04883333333335,11.55,0.15176251465995494,11.765983846377443,22.617015051752936,6,0.0,1.0,0.8486442574947509,0.5289640103269624,1.2246467991473532e-16,-1.0,51.243999,-0.571478,36
2019-06-05 01:00:00,17.923166666666663,50.59266666666665,100.07750000000003,14.066666666666666,0.1497334274425571,11.285343427401509,27.56862302906687,6,0.25881904510252074,0.9659258262890683,0.8486442574947509,0.5289640103269624,1.2246467991473532e-16,-1.0,51.243999,-0.571478,36
2019-06-05 02:00:00,17.954166666666683,50.61300000000001,100.0801666666666,12.516666666666667,0.14026474176516837,13.431299524944198,25.819594258049488,6,0.49999999999999994,0.8660254037844387,0.8486442574947509,0.5289640103269624,1.2246467991473532e-16,-1.0,51.243999,-0.571478,36
2019-06-05 03:00:00,17.989833333333333,50.65133333333333,100.07650000000005,9.866666666666667,0.14490103410333782,14.173054974563229,23.780946530530606,6,0.7071067811865476,0.7071067811865476,0.8486442574947509,0.5289640103269624,1.2246467991473532e-16,-1.0,51.243999,-0.571478,36
2019-06-05 04:00:00,17.9285,50.52766666666667,100.1398333333333,7.5,0.13421844749430073,15.333781428070463,21.515815375541663,6,0.8660254037844386,0.5000000000000001,0.8486442574947509,0.5289640103269624,1.2246467991473532e-16,-1.0,51.243999,-0.571478,36
2019-06-05 05:00:00,17.586666666666662,50.59283333333334,100.24083333333337,4.566666666666666,0.13289659032508858,16.858641811239938,21.241768981307978,6,0.9659258262890683,0.25881904510252074,0.8486442574947509,0.5289640103269624,1.2246467991473532e-16,-1.0,51.243999,-0.571478,36
2019-06-05 06:00:00,17.338499999999996,50.667,100.2820000000001,3.433333333333333,0.1523922215487061,16.14999377455398,27.829940462543302,6,1.0,6.123233995736766e-17,0.8486442574947509,0.5289640103269624,1.2246467991473532e-16,-1.0,51.243999,-0.571478,36
2019-06-05 07:00:00,17.646166666666673,50.71066666666666,100.31566666666662,1.7833333333333334,0.19159046850360845,23.316576647030146,31.34306061291359,6,0.9659258262890683,-0.25881904510252063,0.8486442574947509,0.5289640103269624,1.2246467991473532e-16,-1.0,51.243999,-0.571478,36
2019-06-05 08:00:00,18.42466666666666,50.6145,100.35133333333339,1.3333333333333333,0.20820072498144163,29.24583735499592,30.140294580463,6,0.8660254037844387,-0.4999999999999998,0.8486442574947509,0.5289640103269624,1.2246467991473532e-16,-1.0,51.243999,-0.571478,36
2019-06-05 09:00:00,19.68916666666667,50.32266666666667,100.38166666666672,1.5,0.1710567195303543,30.52803305240715,25.259864699766503,6,0.7071067811865476,-0.7071067811865475,0.8486442574947509,0.5289640103269624,1.2246467991473532e-16,-1.0,51.243999,-0.571478,36
2019-06-05 10:00:00,20.719999999999995,49.960166666666666,100.40066666666665,1.1333333333333333,0.15191928953575703,28.52899427025742,25.294954703544228,6,0.49999999999999994,-0.8660254037844387,0.8486442574947509,0.5289640103269624,1.2246467991473532e-16,-1.0,51.243999,-0.571478,36
2019-06-05 11:00:00,21.862000000000002,49.87500000000001,100.40333333333336,2.35,0.18163696043678976,29.588652846132266,26.92378872024214,6,0.258819045102521,-0.9659258262890682,0.8486442574947509,0.5289640103269624,1.2246467991473532e-16,-1.0,51.243999,-0.571478,36
2019-06-05 12:00:00,23.10649999999999,49.65016666666669,100.43199999999983,2.316666666666667,0.18581695448495783,31.133405010134442,23.579622889019962,6,1.2246467991473532e-16,-1.0,0.8486442574947509,0.5289640103269624,1.2246467991473532e-16,-1.0,51.243999,-0.571478,36
2019-06-05 13:00:00,23.428666666666675,49.561333333333344,100.43516666666665,3.8666666666666667,0.2048326754472658,27.309641277647813,25.948921144229228,6,-0.2588190451025208,-0.9659258262890683,0.8486442574947509,0.5289640103269624,1.2246467991473532e-16,-1.0,51.243999,-0.571478,36
2019-06-05 14:00:00,23.35583333333334,49.615999999999964,100.43250000000003,2.8833333333333333,0.1806256091293633,20.398571717573443,25.026488531993287,6,-0.4999999999999997,-0.8660254037844388,0.8486442574947509,0.5289640103269624,1.2246467991473532e-16,-1.0,51.243999,-0.571478,36
2019-06-05 15:00:00,22.98783333333332,49.71383333333336,100.43600000000005,2.5166666666666666,0.2092478696395079,18.493654598925563,27.078461199652864,6,-0.7071067811865471,-0.7071067811865479,0.8486442574947509,0.5289640103269624,1.2246467991473532e-16,-1.0,51.243999,-0.571478,36
2019-06-05 16:00:00,22.838499999999993,49.71949999999999,100.43533333333322,2.3666666666666667,0.19646946885940061,18.52772264438956,28.48919303189654,6,-0.8660254037844385,-0.5000000000000004,0.8486442574947509,0.5289640103269624,1.2246467991473532e-16,-1.0,51.243999,-0.571478,36
2019-06-05 17:00:00,22.52299999999998,49.519833333333324,100.46166666666657,2.466666666666667,0.22507913476616545,22.31590952557966,28.08530155157801,6,-0.9659258262890683,-0.25881904510252063,0.8486442574947509,0.5289640103269624,1.2246467991473532e-16,-1.0,51.243999,-0.571478,36
2019-06-05 18:00:00,22.529166666666644,49.4261666666667,100.43033333333332,2.3666666666666667,0.23544233410641255,14.877995380677467,28.678319265662644,6,-1.0,-1.8369701987210297e-16,0.8486442574947509,0.5289640103269624,1.2246467991473532e-16,-1.0,51.243999,-0.571478,36
2019-06-05 19:00:00,22.33616666666666,49.29833333333335,100.4709999999999,2.683333333333333,0.21908517444797304,15.96465243309914,28.073322266869827,6,-0.9659258262890684,0.2588190451025203,0.8486442574947509,0.5289640103269624,1.2246467991473532e-16,-1.0,51.243999,-0.571478,36
2019-06-05 20:00:00,21.490333333333336,49.312000000000005,100.48616666666656,2.1166666666666667,0.21647905767786302,12.460999714360025,28.2372112310194,6,-0.8660254037844386,0.5000000000000001,0.8486442574947509,0.5289640103269624,1.2246467991473532e-16,-1.0,51.243999,-0.571478,36
2019-06-05 21:00:00,20.47933333333333,49.36766666666669,100.51250000000003,3.783333333333333,0.20262968492627198,9.29836640102269,30.642083929808823,6,-0.7071067811865477,0.7071067811865474,0.8486442574947509,0.5289640103269624,1.2246467991473532e-16,-1.0,51.243999,-0.571478,36
2019-06-05 22:00:00,19.457666666666668,49.397333333333336,100.55366666666671,4.35,0.18478448219062552,8.725927760020744,29.087037864153807,6,-0.5000000000000004,0.8660254037844384,0.8486442574947509,0.5289640103269624,1.2246467991473532e-16,-1.0,51.243999,-0.571478,36
2019-06-05 23:00:00,18.32683333333333,49.34316666666665,100.52766666666669,4.466666666666667,0.17445065085807399,8.571386875622633,27.00467827075341,6,-0.25881904510252157,0.9659258262890681,0.8486442574947509,0.5289640103269624,1.2246467991473532e-16,-1.0,51.243999,-0.571478,36
2019-06-06 00:00:00,17.325833333333332,49.496500000000005,100.54316666666676,3.8,0.15969877350534345,15.167643409190491,17.475071563289124,6,0.0,1.0,0.9377521321470804,0.3473052528448203,1.2246467991473532e-16,-1.0,51.243999,-0.571478,36
2019-06-06 01:00:00,16.574500000000008,49.43116666666665,100.55633333333343,3.2666666666666666,0.17055614224658586,14.25350893781997,15.40265025681251,6,0.25881904510252074,0.9659258262890683,0.9377521321470804,0.3473052528448203,1.2246467991473532e-16,-1.0,51.243999,-0.571478,36
2019-06-06 02:00:00,16.003333333333337,49.667166666666695,100.58450000000006,3.0,0.14877600478342792,16.09309931854393,15.516368912183944,6,0.49999999999999994,0.8660254037844387,0.9377521321470804,0.3473052528448203,1.2246467991473532e-16,-1.0,51.243999,-0.571478,36
2019-06-06 03:00:00,15.685999999999991,49.6785,100.59583333333345,2.966666666666667,0.1460375748371482,16.486031690032,16.12888196929638,6,0.7071067811865476,0.7071067811865476,0.9377521321470804,0.3473052528448203,1.2246467991473532e-16,-1.0,51.243999,-0.571478,36
2019-06-06 04:00:00,15.163500000000003,49.48900000000002,100.63166666666666,2.933333333333333,0.14777407614830818,17.316544460542893,15.299008015561329,6,0.8660254037844386,0.5000000000000001,0.9377521321470804,0.3473052528448203,1.2246467991473532e-16,-1.0,51.243999,-0.571478,36
2019-06-06 05:00:00,14.639333333333335,49.66600000000002,100.67133333333345,3.433333333333333,0.1404692178282622,18.084622379888184,17.99626016211691,6,0.9659258262890683,0.25881904510252074,0.9377521321470804,0.3473052528448203,1.2246467991473532e-16,-1.0,51.243999,-0.571478,36
2019-06-06 06:00:00,14.709333333333332,49.97966666666667,100.68483333333322,4.2,0.166354317164556,18.09313468029253,27.066420156198532,6,1.0,6.123233995736766e-17,0.9377521321470804,0.3473052528448203,1.2246467991473532e-16,-1.0,51.243999,-0.571478,36
2019-06-06 07:00:00,15.68616666666667,50.124666666666634,100.70083333333334,3.6666666666666665,0.21000216648877051,23.345520549769965,26.250964775522892,6,0.9659258262890683,-0.25881904510252063,0.9377521321470804,0.3473052528448203,1.2246467991473532e-16,-1.0,51.243999,-0.571478,36
2019-06-06 08:00:00,17.119500000000002,50.064,100.73649999999991,2.566666666666667,0.1759210591625267,28.002400401281992,23.100987462162085,6,0.8660254037844387,-0.4999999999999998,0.9377521321470804,0.3473052528448203,1.2246467991473532e-16,-1.0,51.243999,-0.571478,36
2019-06-06 09:00:00,18.569166666666675,49.51866666666665,100.74900000000005,2.9,0.17551614033585014,32.638802160307954,24.110043776205707,6,0.7071067811865476,-0.7071067811865475,0.9377521321470804,0.3473052528448203,1.2246467991473532e-16,-1.0,51.243999,-0.571478,36
2019-06-06 10:00:00,20.076666666666668,49.73216666666665,100.77266666666678,2.7666666666666666,0.16018766993468356,24.31541258487051,24.82250033039866,6,0.49999999999999994,-0.8660254037844387,0.9377521321470804,0.3473052528448203,1.2246467991473532e-16,-1.0,51.243999,-0.571478,36
2019-06-06 11:00:00,21.801666666666662,49.16833333333332,100.78300000000011,1.7666666666666666,0.14805189074984287,32.218144839231385,22.13016984524761,6,0.258819045102521,-0.9659258262890682,0.9377521321470804,0.3473052528448203,1.2246467991473532e-16,-1.0,51.243999,-0.571478,36
2019-06-06 12:00:00,22.745499999999993,48.970333333333315,100.83833333333335,1.6833333333333333,0.15192161173850588,27.508002421750323,24.603604091414624,6,1.2246467991473532e-16,-1.0,0.9377521321470804,0.3473052528448203,1.2246467991473532e-16,-1.0,51.243999,-0.571478,36
2019-06-06 13:00:00,23.658500000000007,48.751499999999986,100.87100000000004,1.45,0.15122184300341293,27.294011885137575,23.804741411267937,6,-0.2588190451025208,-0.9659258262890683,0.9377521321470804,0.3473052528448203,1.2246467991473532e-16,-1.0,51.243999,-0.571478,36
2019-06-06 14:00:00,24.466333333333342,48.729499999999994,100.8858333333334,1.1166666666666667,0.1431795892796746,25.934555529729916,27.9512959564452,6,-0.4999999999999997,-0.8660254037844388,0.9377521321470804,0.3473052528448203,1.2246467991473532e-16,-1.0,51.243999,-0.571478,36
2019-06-06 15:00:00,26.15466666666667,49.04116666666665,100.86250000000008,1.95,0.15669121830265167,30.005986912399997,52.932310492884895,6,-0.7071067811865471,-0.7071067811865479,0.9377521321470804,0.3473052528448203,1.2246467991473532e-16,-1.0,51.243999,-0.571478,36
2019-06-06 16:00:00,27.074333333333335,49.323333333333316,100.83966666666673,2.05,0.179782934714334,33.43749169047034,57.73430865983999,6,-0.8660254037844385,-0.5000000000000004,0.9377521321470804,0.3473052528448203,1.2246467991473532e-16,-1.0,51.243999,-0.571478,36
2019-06-06 17:00:00,28.694166666666675,49.427499999999995,100.83400000000003,1.3166666666666667,0.18152121114288347,29.862475110886034,27.577393744308456,6,-0.9659258262890683,-0.25881904510252063,0.9377521321470804,0.3473052528448203,1.2246467991473532e-16,-1.0,51.243999,-0.571478,36
2019-06-06 18:00:00,31.200166666666675,48.91066666666668,100.81700000000002,1.2333333333333334,0.20823416702904754,17.889683570299376,37.76309057456412,6,-1.0,-1.8369701987210297e-16,0.9377521321470804,0.3473052528448203,1.2246467991473532e-16,-1.0,51.243999,-0.571478,36
2019-06-06 19:00:00,29.163000000000007,48.70216666666666,100.83400000000005,1.7833333333333334,0.20438687654011883,11.055675384448524,34.12332790959466,6,-0.9659258262890684,0.2588190451025203,0.9377521321470804,0.3473052528448203,1.2246467991473532e-16,-1.0,51.243999,-0.571478,36
2019-06-06 20:00:00,24.671,49.06183333333335,100.8451666666667,2.1333333333333333,0.2751960298426169,9.028546629676578,28.331566613983895,6,-0.8660254037844386,0.5000000000000001,0.9377521321470804,0.3473052528448203,1.2246467991473532e-16,-1.0,51.243999,-0.571478,36
2019-06-06 21:00:00,21.997333333333334,48.862500000000004,100.83100000000005,1.4833333333333334,0.1851355072893469,8.546643455690234,22.627140800754216,6,-0.7071067811865477,0.7071067811865474,0.9377521321470804,0.3473052528448203,1.2246467991473532e-16,-1.0,51.243999,-0.571478,36
2019-06-06 22:00:00,20.046000000000003,48.74850000000001,100.82850000000006,1.9166666666666667,0.1875656371754495,8.530122682684826,24.282618414221254,6,-0.5000000000000004,0.8660254037844384,0.9377521321470804,0.3473052528448203,1.2246467991473532e-16,-1.0,51.243999,-0.571478,36
2019-06-06 23:00:00,18.92016666666667,48.48233333333334,100.78566666666673,3.5833333333333335,0.1958453899657824,8.410996059532303,26.73199281862052,6,-0.25881904510252157,0.9659258262890681,0.9377521321470804,0.3473052528448203,1.2246467991473532e-16,-1.0,51.243999,-0.571478,36
2019-06-07 00:00:00,17.844499999999993,48.28700000000002,100.72416666666663,4.683333333333334,0.18646315541528852,10.24383206912984,23.58739776245974,6,0.0,1.0,0.9884683243281114,0.1514277775045767,1.2246467991473532e-16,-1.0,51.243999,-0.571478,36
2019-06-07 01:00:00,17.636333333333322,48.40700000000001,100.64933333333329,5.7,0.16183677144965533,10.339138330939267,15.208093301931315,6,0.25881904510252074,0.9659258262890683,0.9884683243281114,0.1514277775045767,1.2246467991473532e-16,-1.0,51.243999,-0.571478,36
2019-06-07 02:00:00,17.609833333333345,48.24466666666669,100.56599999999996,6.233333333333333,0.16597698540812883,10.231999649481272,16.857276091696548,6,0.49999999999999994,0.8660254037844387,0.9884683243281114,0.1514277775045767,1.2246467991473532e-16,-1.0,51.243999,-0.571478,36
2019-06-07 03:00:00,17.666666666666668,48.326499999999974,100.46799999999998,6.916666666666667,0.16925601135020926,11.513544034239835,16.886828553295274,6,0.7071067811865476,0.7071067811865476,0.9884683243281114,0.1514277775045767,1.2246467991473532e-16,-1.0,51.243999,-0.571478,36
2019-06-07 04:00:00,17.947333333333333,48.32766666666666,100.36766666666668,5.25,0.15922545736863142,14.35294091191389,17.875135616649924,6,0.8660254037844386,0.5000000000000001,0.9884683243281114,0.1514277775045767,1.2246467991473532e-16,-1.0,51.243999,-0.571478,36
2019-06-07 05:00:00,18.080833333333338,48.297666666666665,100.3046666666667,4.85,0.15386072087445798,15.047809080103466,16.93922731470898,6,0.9659258262890683,0.25881904510252074,0.9884683243281114,0.1514277775045767,1.2246467991473532e-16,-1.0,51.243999,-0.571478,36
2019-06-07 06:00:00,18.343833333333333,48.322166666666654,100.20633333333333,5.65,0.16509465894465888,16.940927626096304,19.85438706397076,6,1.0,6.123233995736766e-17,0.9884683243281114,0.1514277775045767,1.2246467991473532e-16,-1.0,51.243999,-0.571478,36
2019-06-07 07:00:00,18.25166666666667,48.25983333333334,100.10333333333334,5.65,0.18555405086949453,14.97626171278126,20.53428382164437,6,0.9659258262890683,-0.25881904510252063,0.9884683243281114,0.1514277775045767,1.2246467991473532e-16,-1.0,51.243999,-0.571478,36
2019-06-07 08:00:00,17.80583333333333,48.476,100.0219999999999,6.833333333333333,0.22651570525913528,18.87139479575408,23.13311153939006,6,0.8660254037844387,-0.4999999999999998,0.9884683243281114,0.1514277775045767,1.2246467991473532e-16,-1.0,51.243999,-0.571478,36
2019-06-07 09:00:00,17.69416666666666,48.86966666666664,99.93033333333334,8.766666666666667,0.23710416990613237,19.038234316336137,32.81001566732908,6,0.7071067811865476,-0.7071067811865475,0.9884683243281114,0.1514277775045767,1.2246467991473532e-16,-1.0,51.243999,-0.571478,36
2019-06-07 10:00:00,17.740166666666692,48.949000000000034,99.84983333333336,8.433333333333334,0.2028535592393953,19.66096367270503,25.32371233752439,6,0.49999999999999994,-0.8660254037844387,0.9884683243281114,0.1514277775045767,1.2246467991473532e-16,-1.0,51.243999,-0.571478,36
2019-06-07 11:00:00,17.451999999999995,49.066333333333326,99.81949999999999,8.333333333333334,0.17589332659085213,15.29718494748282,17.279917414162558,6,0.258819045102521,-0.9659258262890682,0.9884683243281114,0.1514277775045767,1.2246467991473532e-16,-1.0,51.243999,-0.571478,36
2019-06-07 12:00:00,17.316,49.49583333333332,99.79050000000004,8.083333333333334,0.17243249952780665,14.396213828927618,20.670165384890968,6,1.2246467991473532e-16,-1.0,0.9884683243281114,0.1514277775045767,1.2246467991473532e-16,-1.0,51.243999,-0.571478,36
2019-06-07 13:00:00,17.994333333333334,49.74733333333335,99.78366666666668,6.416666666666667,0.1766605556068013,18.00374586449714,18.1030607843849,6,-0.2588190451025208,-0.9659258262890683,0.9884683243281114,0.1514277775045767,1.2246467991473532e-16,-1.0,51.243999,-0.571478,36
2019-06-07 14:00:00,18.862333333333332,50.00366666666665,99.74949999999987,4.233333333333333,0.1727840135113172,19.585997012605656,18.469257151716455,6,-0.4999999999999997,-0.8660254037844388,0.9884683243281114,0.1514277775045767,1.2246467991473532e-16,-1.0,51.243999,-0.571478,36
2019-06-07 15:00:00,20.061333333333327,50.25600000000002,99.6948333333333,3.066666666666667,0.2668882476577015,27.989039302572202,19.099609391760175,6,-0.7071067811865471,-0.7071067811865479,0.9884683243281114,0.1514277775045767,1.2246467991473532e-16,-1.0,51.243999,-0.571478,36
2019-06-07 16:00:00,21.097833333333327,50.612666666666655,99.63150000000006,1.5333333333333334,0.18880918547753017,37.390694542842056,10.477464919646934,6,-0.8660254037844385,-0.5000000000000004,0.9884683243281114,0.1514277775045767,1.2246467991473532e-16,-1.0,51.243999,-0.571478,36
2019-06-07 17:00:00,20.327999999999996,51.03566666666668,99.62433333333335,4.8,0.18130190557451653,23.295660585377586,7.688713408583607,6,-0.9659258262890683,-0.25881904510252063,0.9884683243281114,0.1514277775045767,1.2246467991473532e-16,-1.0,51.243999,-0.571478,36
2019-06-07 18:00:00,19.546666666666674,51.80850000000001,99.56483333333338,3.3666666666666667,0.2819110777647467,22.14849383855508,28.846916829401096,6,-1.0,-1.8369701987210297e-16,0.9884683243281114,0.1514277775045767,1.2246467991473532e-16,-1.0,51.243999,-0.571478,36
2019-06-07 19:00:00,19.404666666666667,52.712666666666664,99.5271666666668,5.35,0.31395384980299657,19.48489864506806,34.09232293638503,6,-0.9659258262890684,0.2588190451025203,0.9884683243281114,0.1514277775045767,1.2246467991473532e-16,-1.0,51.243999,-0.571478,36
2019-06-07 20:00:00,19.20766666666666,53.73316666666666,99.52283333333328,3.4166666666666665,0.2359099698674784,14.635728216029014,32.146669361426355,6,-0.8660254037844386,0.5000000000000001,0.9884683243281114,0.1514277775045767,1.2246467991473532e-16,-1.0,51.243999,-0.571478,36
2019-06-07 21:00:00,18.98199999999998,54.73616666666666,99.57616666666668,6.35,0.29873246263084147,18.830983172482913,36.124938827439216,6,-0.7071067811865477,0.7071067811865474,0.9884683243281114,0.1514277775045767,1.2246467991473532e-16,-1.0,51.243999,-0.571478,36
2019-06-07 22:00:00,18.5675,55.510000000000005,99.64399999999993,5.583333333333333,0.24176033191894972,16.883193058117943,29.523941759673473,6,-0.5000000000000004,0.8660254037844384,0.9884683243281114,0.1514277775045767,1.2246467991473532e-16,-1.0,51.243999,-0.571478,36
2019-06-07 23:00:00,17.906499999999994,56.447499999999984,99.72783333333338,7.25,0.22171460054642642,16.838057925375395,26.634094716300652,6,-0.25881904510252157,0.9659258262890681,0.9884683243281114,0.1514277775045767,1.2246467991473532e-16,-1.0,51.243999,-0.571478,36
2019-06-08 00:00:00,17.249666666666666,57.55866666666668,99.8265,4.95,0.18695433912703524,10.447270592439754,23.73885909468288,6,0.0,1.0,0.9987165071710528,-0.05064916883871264,1.2246467991473532e-16,-1.0,51.243999,-0.571478,36
2019-06-08 01:00:00,16.99,58.407166666666676,99.91883333333332,4.816666666666666,0.16548729163097767,11.643849733815854,23.639180585796364,6,0.25881904510252074,0.9659258262890683,0.9987165071710528,-0.05064916883871264,1.2246467991473532e-16,-1.0,51.243999,-0.571478,36
2019-06-08 02:00:00,16.409333333333333,58.84999999999997,100.02283333333344,3.3333333333333335,0.1537420557319874,13.881769884047893,18.691814238311824,6,0.49999999999999994,0.8660254037844387,0.9987165071710528,-0.05064916883871264,1.2246467991473532e-16,-1.0,51.243999,-0.571478,36
2019-06-08 03:00:00,15.837333333333335,59.190500000000036,100.0631666666668,0.5666666666666667,0.1420976406806611,13.126502449234014,16.692395287848214,6,0.7071067811865476,0.7071067811865476,0.9987165071710528,-0.05064916883871264,1.2246467991473532e-16,-1.0,51.243999,-0.571478,36
2019-06-08 04:00:00,15.414833333333336,59.45183333333333,100.08550000000001,0.7,0.1402082464717277,11.510252163578839,15.53513725479962,6,0.8660254037844386,0.5000000000000001,0.9987165071710528,-0.05064916883871264,1.2246467991473532e-16,-1.0,51.243999,-0.571478,36
2019-06-08 05:00:00,15.014,60.09766666666664,100.27650000000001,1.7333333333333334,0.1454904254571489,11.435327152284612,12.897838943539085,6,0.9659258262890683,0.25881904510252074,0.9987165071710528,-0.05064916883871264,1.2246467991473532e-16,-1.0,51.243999,-0.571478,36
2019-06-08 06:00:00,14.821666666666665,60.62283333333333,100.44266666666664,3.933333333333333,0.14198790350565096,11.390394438013887,17.195021461188666,6,1.0,6.123233995736766e-17,0.9987165071710528,-0.05064916883871264,1.2246467991473532e-16,-1.0,51.243999,-0.571478,36
2019-06-08 07:00:00,15.045999999999998,60.91666666666665,100.57583333333328,4.55,0.13628290901823323,13.282160987491014,18.509914221061006,6,0.9659258262890683,-0.25881904510252063,0.9987165071710528,-0.05064916883871264,1.2246467991473532e-16,-1.0,51.243999,-0.571478,36
2019-06-08 08:00:00,15.716500000000002,61.38649999999998,100.70233333333327,5.4,0.15603234128814328,16.495868284957442,22.42106422143112,6,0.8660254037844387,-0.4999999999999998,0.9987165071710528,-0.05064916883871264,1.2246467991473532e-16,-1.0,51.243999,-0.571478,36
2019-06-08 09:00:00,16.692000000000004,61.554,100.80250000000002,5.666666666666667,0.1609765030022709,20.5359869134874,21.21350854933244,6,0.7071067811865476,-0.7071067811865475,0.9987165071710528,-0.05064916883871264,1.2246467991473532e-16,-1.0,51.243999,-0.571478,36
2019-06-08 10:00:00,17.829833333333333,61.695666666666654,100.89516666666664,4.516666666666667,0.15838710725596392,25.74258217801792,22.008657843974632,6,0.49999999999999994,-0.8660254037844387,0.9987165071710528,-0.05064916883871264,1.2246467991473532e-16,-1.0,51.243999,-0.571478,36
2019-06-08 11:00:00,19.07633333333333,61.186499999999995,100.99066666666667,4.166666666666667,0.17112632159219185,29.846667368177673,21.53165228732012,6,0.258819045102521,-0.9659258262890682,0.9987165071710528,-0.05064916883871264,1.2246467991473532e-16,-1.0,51.243999,-0.571478,36
2019-06-08 12:00:00,19.880833333333324,59.95850000000002,101.07683333333333,3.066666666666667,0.1706929135864289,28.105592809061648,20.958149394859106,6,1.2246467991473532e-16,-1.0,0.9987165071710528,-0.05064916883871264,1.2246467991473532e-16,-1.0,51.243999,-0.571478,36
2019-06-08 13:00:00,20.09216666666666,59.08066666666665,101.17400000000005,5.433333333333334,0.19197573881780364,24.189368370342592,21.232908316534385,6,-0.2588190451025208,-0.9659258262890683,0.9987165071710528,-0.05064916883871264,1.2246467991473532e-16,-1.0,51.243999,-0.571478,36
2019-06-08 14:00:00,21.328333333333337,58.57550000000001,101.21199999999995,2.3833333333333333,0.16918824260633128,37.474629004503754,20.1141030849343,6,-0.4999999999999997,-0.8660254037844388,0.9987165071710528,-0.05064916883871264,1.2246467991473532e-16,-1.0,51.243999,-0.571478,36
2019-06-08 15:00:00,22.204333333333334,57.113333333333344,101.31116666666668,1.7833333333333334,0.15599156596869898,39.828520040452204,17.492634118691896,6,-0.7071067811865471,-0.7071067811865479,0.9987165071710528,-0.05064916883871264,1.2246467991473532e-16,-1.0,51.243999,-0.571478,36
2019-06-08 16:00:00,22.292333333333332,56.443166666666684,101.38633333333338,2.55,0.21568507967987485,30.125507207745375,25.097582047200596,6,-0.8660254037844385,-0.5000000000000004,0.9987165071710528,-0.05064916883871264,1.2246467991473532e-16,-1.0,51.243999,-0.571478,36
2019-06-08 17:00:00,23.695333333333338,55.92549999999999,101.4286666666666,1.6666666666666667,0.17795709552799993,40.902868140933556,11.971506905943437,6,-0.9659258262890683,-0.25881904510252063,0.9987165071710528,-0.05064916883871264,1.2246467991473532e-16,-1.0,51.243999,-0.571478,36
2019-06-08 18:00:00,25.065499999999993,54.98616666666667,101.50116666666675,1.9833333333333334,0.19162508038267428,34.20288913950222,19.293985281472647,6,-1.0,-1.8369701987210297e-16,0.9987165071710528,-0.05064916883871264,1.2246467991473532e-16,-1.0,51.243999,-0.571478,36
2019-06-08 19:00:00,24.172333333333334,54.54700000000002,101.57450000000003,1.5666666666666667,0.19192926566254215,20.365343812943472,24.786543512548683,6,-0.9659258262890684,0.2588190451025203,0.9987165071710528,-0.05064916883871264,1.2246467991473532e-16,-1.0,51.243999,-0.571478,36
2019-06-08 20:00:00,21.695666666666675,54.39433333333332,101.62283333333333,2.0,0.20095956136536336,14.054665787293407,26.85331527561521,6,-0.8660254037844386,0.5000000000000001,0.9987165071710528,-0.05064916883871264,1.2246467991473532e-16,-1.0,51.243999,-0.571478,36
2019-06-08 21:00:00,19.749166666666664,54.473666666666624,101.69650000000001,3.4,0.18195663288837335,11.077367000616176,29.25618480143755,6,-0.7071067811865477,0.7071067811865474,0.9987165071710528,-0.05064916883871264,1.2246467991473532e-16,-1.0,51.243999,-0.571478,36
2019-06-08 22:00:00,18.268666666666668,54.47950000000001,101.76266666666669,4.883333333333334,0.1950163694045093,8.23057984574707,30.14971466707409,6,-0.5000000000000004,0.8660254037844384,0.9987165071710528,-0.05064916883871264,1.2246467991473532e-16,-1.0,51.243999,-0.571478,36
2019-06-08 23:00:00,17.392833333333332,54.51400000000001,101.80466666666673,3.8333333333333335,0.17990782731781021,9.716683570197086,30.483193190229812,6,-0.25881904510252157,0.9659258262890681,0.9987165071710528,-0.05064916883871264,1.2246467991473532e-16,-1.0,51.243999,-0.571478,36
2019-06-09 00:00:00,16.762666666666664,54.316999999999986,101.83100000000003,3.933333333333333,0.18413407917913036,11.415804686987524,27.599526983219995,6,0.0,1.0,0.9680771188662043,-0.2506525322587204,1.2246467991473532e-16,-1.0,51.243999,-0.571478,36
2019-06-09 01:00:00,16.144,54.25799999999999,101.83366666666662,3.933333333333333,0.15457589530046864,12.292970930356793,25.12826885102815,6,0.25881904510252074,0.9659258262890683,0.9680771188662043,-0.2506525322587204,1.2246467991473532e-16,-1.0,51.243999,-0.571478,36
2019-06-09 02:00:00,15.58533333333333,54.098166666666664,101.83866666666663,4.366666666666666,0.1618867599193538,12.139940593420542,29.916987218042152,6,0.49999999999999994,0.8660254037844387,0.9680771188662043,-0.2506525322587204,1.2246467991473532e-16,-1.0,51.243999,-0.571478,36
2019-06-09 03:00:00,14.74533333333334,53.96816666666667,101.83449999999993,3.8833333333333333,0.1639870613543821,13.844122947917386,30.091726138953018,6,0.7071067811865476,0.7071067811865476,0.9680771188662043,-0.2506525322587204,1.2246467991473532e-16,-1.0,51.243999,-0.571478,36
2019-06-09 04:00:00,14.160666666666673,53.90916666666665,101.81783333333325,3.0833333333333335,0.1475401040362644,12.459930141722367,29.795953688173245,6,0.8660254037844386,0.5000000000000001,0.9680771188662043,-0.2506525322587204,1.2246467991473532e-16,-1.0,51.243999,-0.571478,36
2019-06-09 05:00:00,13.678,53.815833333333366,101.84350000000009,2.85,0.15771876100869273,13.15540371954605,32.38016934104869,6,0.9659258262890683,0.25881904510252074,0.9680771188662043,-0.2506525322587204,1.2246467991473532e-16,-1.0,51.243999,-0.571478,36
2019-06-09 06:00:00,13.535000000000002,53.98550000000001,101.867,2.6333333333333333,0.1574345618046129,13.193498211161502,31.1705610080333,6,1.0,6.123233995736766e-17,0.9680771188662043,-0.2506525322587204,1.2246467991473532e-16,-1.0,51.243999,-0.571478,36
2019-06-09 07:00:00,14.565499999999998,54.319166666666646,101.88816666666662,3.1666666666666665,0.15178404305085189,16.965210412062554,27.494568461755865,6,0.9659258262890683,-0.25881904510252063,0.9680771188662043,-0.2506525322587204,1.2246467991473532e-16,-1.0,51.243999,-0.571478,36
2019-06-09 08:00:00,16.303333333333335,54.34383333333334,101.93866666666665,1.95,0.13732833093942304,20.57061108777896,19.350086494380765,6,0.8660254037844387,-0.4999999999999998,0.9680771188662043,-0.2506525322587204,1.2246467991473532e-16,-1.0,51.243999,-0.571478,36
2019-06-09 09:00:00,18.20566666666667,54.06783333333332,101.90633333333335,2.3666666666666667,0.1476380614158771,30.122773809463443,15.198521034533707,6,0.7071067811865476,-0.7071067811865475,0.9680771188662043,-0.2506525322587204,1.2246467991473532e-16,-1.0,51.243999,-0.571478,36
2019-06-09 10:00:00,19.900666666666666,53.60666666666669,101.86816666666658,2.466666666666667,0.19823197418530178,35.04117356168336,18.298354068721224,6,0.49999999999999994,-0.8660254037844387,0.9680771188662043,-0.2506525322587204,1.2246467991473532e-16,-1.0,51.243999,-0.571478,36
2019-06-09 11:00:00,21.538,53.252166666666675,101.83049999999994,2.0,0.1609505280878147,35.32129730644852,22.254679610953698,6,0.258819045102521,-0.9659258262890682,0.9680771188662043,-0.2506525322587204,1.2246467991473532e-16,-1.0,51.243999,-0.571478,36
2019-06-09 12:00:00,22.60733333333335,53.01583333333335,101.79300000000009,2.566666666666667,0.1699250385441511,31.49035232353235,30.031257954446836,6,1.2246467991473532e-16,-1.0,0.9680771188662043,-0.2506525322587204,1.2246467991473532e-16,-1.0,51.243999,-0.571478,36
2019-06-09 13:00:00,23.249000000000006,52.88300000000002,101.74233333333316,3.316666666666667,0.1799663014306358,21.08673378563054,32.807631225039415,6,-0.2588190451025208,-0.9659258262890683,0.9680771188662043,-0.2506525322587204,1.2246467991473532e-16,-1.0,51.243999,-0.571478,36
2019-06-09 14:00:00,23.341999999999995,52.88966666666668,101.72016666666667,3.1666666666666665,0.19971820722477718,22.348148011006554,32.86024813233524,6,-0.4999999999999997,-0.8660254037844388,0.9680771188662043,-0.2506525322587204,1.2246467991473532e-16,-1.0,51.243999,-0.571478,36
2019-06-09 15:00:00,22.36816666666668,52.912,101.7118333333333,2.316666666666667,0.21971984584535775,15.992473846496592,24.69014718620061,6,-0.7071067811865471,-0.7071067811865479,0.9680771188662043,-0.2506525322587204,1.2246467991473532e-16,-1.0,51.243999,-0.571478,36
2019-06-09 16:00:00,21.824166666666663,53.53133333333332,101.6619999999999,3.9,0.2853504229973513,17.72977500607714,34.42969748102461,6,-0.8660254037844385,-0.5000000000000004,0.9680771188662043,-0.2506525322587204,1.2246467991473532e-16,-1.0,51.243999,-0.571478,36
2019-06-09 17:00:00,22.21516666666667,53.25649999999997,101.61816666666667,2.6,0.2037141186896306,28.133059005913605,20.697337076041816,6,-0.9659258262890683,-0.25881904510252063,0.9680771188662043,-0.2506525322587204,1.2246467991473532e-16,-1.0,51.243999,-0.571478,36
2019-06-09 18:00:00,21.367166666666662,53.08966666666664,101.63483333333338,2.5166666666666666,0.18153530150091585,25.250434718869496,15.351060321251392,6,-1.0,-1.8369701987210297e-16,0.9680771188662043,-0.2506525322587204,1.2246467991473532e-16,-1.0,51.243999,-0.571478,36
2019-06-09 19:00:00,20.701166666666676,53.254666666666665,101.64916666666666,3.216666666666667,0.180789304052956,20.81189807872714,16.668922656283605,6,-0.9659258262890684,0.2588190451025203,0.9680771188662043,-0.2506525322587204,1.2246467991473532e-16,-1.0,51.243999,-0.571478,36
2019-06-09 20:00:00,20.044666666666664,53.287499999999994,101.64333333333322,3.65,0.17507465409095088,18.835090152174764,18.42550759004735,6,-0.8660254037844386,0.5000000000000001,0.9680771188662043,-0.2506525322587204,1.2246467991473532e-16,-1.0,51.243999,-0.571478,36
2019-06-09 21:00:00,19.498666666666665,53.33083333333332,101.64716666666678,3.7666666666666666,0.1862658613025507,20.19808823775604,19.46099199383166,6,-0.7071067811865477,0.7071067811865474,0.9680771188662043,-0.2506525322587204,1.2246467991473532e-16,-1.0,51.243999,-0.571478,36
2019-06-09 22:00:00,19.23216666666666,53.339999999999996,101.62566666666662,6.616666666666666,0.23646655937995517,15.514024660386367,26.295552658172717,6,-0.5000000000000004,0.8660254037844384,0.9680771188662043,-0.2506525322587204,1.2246467991473532e-16,-1.0,51.243999,-0.571478,36
2019-06-09 23:00:00,18.778833333333335,53.23316666666664,101.59766666666671,6.55,0.20608079249410308,11.151315237386873,34.02625708167714,6,-0.25881904510252157,0.9659258262890681,0.9680771188662043,-0.2506525322587204,1.2246467991473532e-16,-1.0,51.243999,-0.571478,36
2019-06-10 00:00:00,18.14583333333333,53.2295,101.56133333333332,6.95,0.18807719108674734,15.11122093475039,24.583672248749465,6,0.0,1.0,0.8978045395707416,-0.4403941515576344,1.2246467991473532e-16,-1.0,51.243999,-0.571478,36
2019-06-10 01:00:00,17.68033333333332,53.34333333333332,101.53016666666666,7.516666666666667,0.18612726246480513,16.2393414333532,24.49182848765075,6,0.25881904510252074,0.9659258262890683,0.8978045395707416,-0.4403941515576344,1.2246467991473532e-16,-1.0,51.243999,-0.571478,36
2019-06-10 02:00:00,17.45216666666666,53.320833333333354,101.49799999999989,5.916666666666667,0.17308867603586028,16.917156785652494,23.245064216892512,6,0.49999999999999994,0.8660254037844387,0.8978045395707416,-0.4403941515576344,1.2246467991473532e-16,-1.0,51.243999,-0.571478,36
2019-06-10 03:00:00,17.076333333333334,53.228500000000004,101.4616666666666,6.183333333333334,0.18043950116620758,17.132026823856787,25.221127562524465,6,0.7071067811865476,0.7071067811865476,0.8978045395707416,-0.4403941515576344,1.2246467991473532e-16,-1.0,51.243999,-0.571478,36
2019-06-10 04:00:00,16.951000000000015,53.32483333333334,101.39783333333342,6.616666666666666,0.16882156737429774,16.42383769214861,27.16958257798574,6,0.8660254037844386,0.5000000000000001,0.8978045395707416,-0.4403941515576344,1.2246467991473532e-16,-1.0,51.243999,-0.571478,36
2019-06-10 05:00:00,16.80466666666665,53.442333333333345,101.38816666666666,9.05,0.1906192697695257,19.24056522655042,30.889830605126157,6,0.9659258262890683,0.25881904510252074,0.8978045395707416,-0.4403941515576344,1.2246467991473532e-16,-1.0,51.243999,-0.571478,36
2019-06-10 06:00:00,16.783999999999978,53.51300000000001,101.3713333333333,13.116666666666667,0.2230412359824476,24.297843178963436,35.40250461555042,6,1.0,6.123233995736766e-17,0.8978045395707416,-0.4403941515576344,1.2246467991473532e-16,-1.0,51.243999,-0.571478,36
2019-06-10 07:00:00,16.74866666666667,53.56049999999997,101.35616666666677,14.4,0.34561976150943713,40.988450910334436,44.413405448751426,6,0.9659258262890683,-0.25881904510252063,0.8978045395707416,-0.4403941515576344,1.2246467991473532e-16,-1.0,51.243999,-0.571478,36
2019-06-10 08:00:00,16.85633333333333,53.69283333333333,101.32833333333322,11.416666666666666,0.3863473914065212,34.10862783377223,42.053078429703874,6,0.8660254037844387,-0.4999999999999998,0.8978045395707416,-0.4403941515576344,1.2246467991473532e-16,-1.0,51.243999,-0.571478,36
2019-06-10 09:00:00,17.03483333333333,53.84549999999998,101.30583333333335,10.85,0.30202458370120483,32.82127215274384,37.96380953161512,6,0.7071067811865476,-0.7071067811865475,0.8978045395707416,-0.4403941515576344,1.2246467991473532e-16,-1.0,51.243999,-0.571478,36
2019-06-10 10:00:00,17.318499999999997,53.93333333333335,101.2813333333335,11.05,0.2598351941043921,23.889554923661773,28.18597568969678,6,0.49999999999999994,-0.8660254037844387,0.8978045395707416,-0.4403941515576344,1.2246467991473532e-16,-1.0,51.243999,-0.571478,36
2019-06-10 11:00:00,17.394833333333334,54.047999999999995,101.2483333333333,8.383333333333333,0.30334982232354246,32.31978097746798,33.25969299634759,6,0.258819045102521,-0.9659258262890682,0.8978045395707416,-0.4403941515576344,1.2246467991473532e-16,-1.0,51.243999,-0.571478,36
2019-06-10 12:00:00,17.151500000000006,54.21716666666669,101.19083333333339,9.333333333333334,0.35658409707855104,24.62516288944522,38.53522049422942,6,1.2246467991473532e-16,-1.0,0.8978045395707416,-0.4403941515576344,1.2246467991473532e-16,-1.0,51.243999,-0.571478,36
2019-06-10 13:00:00,17.019000000000002,54.369166666666686,101.15033333333334,7.633333333333334,0.26084641155050703,20.98878743815804,27.03132197266041,6,-0.2588190451025208,-0.9659258262890683,0.8978045395707416,-0.4403941515576344,1.2246467991473532e-16,-1.0,51.243999,-0.571478,36
2019-06-10 14:00:00,16.563666666666663,54.42266666666667,101.12333333333338,4.9,0.24353014141640422,17.859122327136607,25.48645818610664,6,-0.4999999999999997,-0.8660254037844388,0.8978045395707416,-0.4403941515576344,1.2246467991473532e-16,-1.0,51.243999,-0.571478,36
2019-06-10 15:00:00,15.87816666666667,54.488000000000014,101.09916666666676,3.9166666666666665,0.3052884716749904,18.299914863620618,25.249544792523405,6,-0.7071067811865471,-0.7071067811865479,0.8978045395707416,-0.4403941515576344,1.2246467991473532e-16,-1.0,51.243999,-0.571478,36
2019-06-10 16:00:00,15.164,54.76150000000003,101.08699999999995,4.916666666666667,0.3820535279428624,19.816950504479845,34.56432102593381,6,-0.8660254037844385,-0.5000000000000004,0.8978045395707416,-0.4403941515576344,1.2246467991473532e-16,-1.0,51.243999,-0.571478,36
2019-06-10 17:00:00,14.43216666666667,55.36616666666666,101.02699999999994,4.55,0.33661748356108423,22.895522928728017,34.1356020844976,6,-0.9659258262890683,-0.25881904510252063,0.8978045395707416,-0.4403941515576344,1.2246467991473532e-16,-1.0,51.243999,-0.571478,36
2019-06-10 18:00:00,14.197499999999987,56.016333333333336,100.95499999999996,3.9833333333333334,0.30810076978489953,18.397454477794035,34.94165117908835,6,-1.0,-1.8369701987210297e-16,0.8978045395707416,-0.4403941515576344,1.2246467991473532e-16,-1.0,51.243999,-0.571478,36
2019-06-10 19:00:00,14.20600000000001,56.356999999999964,100.88033333333338,13.616666666666667,0.28826637632269037,17.058157001914214,31.700107349998298,6,-0.9659258262890684,0.2588190451025203,0.8978045395707416,-0.4403941515576344,1.2246467991473532e-16,-1.0,51.243999,-0.571478,36
2019-06-10 20:00:00,14.284499999999996,56.67083333333336,100.82166666666673,6.166666666666667,0.2825583903259671,18.01883659259641,32.53130390881109,6,-0.8660254037844386,0.5000000000000001,0.8978045395707416,-0.4403941515576344,1.2246467991473532e-16,-1.0,51.243999,-0.571478,36
2019-06-10 21:00:00,14.546,57.05116666666665,100.79033333333332,9.55,0.29700638504179455,16.377660794450836,31.23977441173316,6,-0.7071067811865477,0.7071067811865474,0.8978045395707416,-0.4403941515576344,1.2246467991473532e-16,-1.0,51.243999,-0.571478,36
2019-06-10 22:00:00,14.883,57.56333333333331,100.78066666666673,7.583333333333333,0.23285887481826043,14.170280720042609,22.86083127211321,6,-0.5000000000000004,0.8660254037844384,0.8978045395707416,-0.4403941515576344,1.2246467991473532e-16,-1.0,51.243999,-0.571478,36
2019-06-10 23:00:00,15.201333333333332,58.03416666666667,100.73749999999997,3.0,0.19586427605079482,15.970360706835894,19.419948046262775,6,-0.25881904510252157,0.9659258262890681,0.8978045395707416,-0.4403941515576344,1.2246467991473532e-16,-1.0,51.243999,-0.571478,36
2019-06-11 00:00:00,15.477166666666664,58.50350000000001,100.68783333333339,1.9666666666666666,0.18769572126978268,13.672592324710289,26.06042228822125,6,0.0,1.0,0.7907757369376989,-0.6121059825476626,1.2246467991473532e-16,-1.0,51.243999,-0.571478,36
2019-06-11 01:00:00,15.516166666666672,58.86366666666665,100.67299999999996,1.2,0.17343993975691924,13.721516528021144,25.276644088835493,6,0.25881904510252074,0.9659258262890683,0.7907757369376989,-0.6121059825476626,1.2246467991473532e-16,-1.0,51.243999,-0.571478,36
2019-06-11 02:00:00,15.570500000000003,59.31450000000002,100.64650000000006,3.9833333333333334,0.16712236098848723,13.68613536086862,25.47064088179057,6,0.49999999999999994,0.8660254037844387,0.7907757369376989,-0.6121059825476626,1.2246467991473532e-16,-1.0,51.243999,-0.571478,36
2019-06-11 03:00:00,15.879999999999995,59.73,100.64249999999996,5.966666666666667,0.1643890003118672,14.144779809559134,29.24778339131723,6,0.7071067811865476,0.7071067811865476,0.7907757369376989,-0.6121059825476626,1.2246467991473532e-16,-1.0,51.243999,-0.571478,36
2019-06-11 04:00:00,16.26666666666666,59.914999999999985,100.64633333333323,9.5,0.20246624026513102,18.4050981529385,31.78398066323057,6,0.8660254037844386,0.5000000000000001,0.7907757369376989,-0.6121059825476626,1.2246467991473532e-16,-1.0,51.243999,-0.571478,36
2019-06-11 05:00:00,16.10533333333333,59.92266666666663,100.69999999999997,5.866666666666666,0.18060507596821587,17.14604972989738,28.170489856809898,6,0.9659258262890683,0.25881904510252074,0.7907757369376989,-0.6121059825476626,1.2246467991473532e-16,-1.0,51.243999,-0.571478,36
2019-06-11 06:00:00,15.968166666666662,60.33933333333333,100.73949999999998,5.0,0.19858508286443438,21.13723587725871,38.15142596274647,6,1.0,6.123233995736766e-17,0.7907757369376989,-0.6121059825476626,1.2246467991473532e-16,-1.0,51.243999,-0.571478,36
2019-06-11 07:00:00,16.011333333333333,60.50066666666668,100.78550000000003,2.783333333333333,0.18278164925042065,17.639605322472786,29.79921801393962,6,0.9659258262890683,-0.25881904510252063,0.7907757369376989,-0.6121059825476626,1.2246467991473532e-16,-1.0,51.243999,-0.571478,36
2019-06-11 08:00:00,16.612166666666663,60.949500000000015,100.80983333333324,2.716666666666667,0.2503162696948533,24.591279978517928,34.62032251114095,6,0.8660254037844387,-0.4999999999999998,0.7907757369376989,-0.6121059825476626,1.2246467991473532e-16,-1.0,51.243999,-0.571478,36
2019-06-11 09:00:00,17.498833333333334,60.994166666666665,100.85183333333323,5.766666666666667,0.18792378602395662,25.607288024925708,29.79085303069714,6,0.7071067811865476,-0.7071067811865475,0.7907757369376989,-0.6121059825476626,1.2246467991473532e-16,-1.0,51.243999,-0.571478,36
2019-06-11 10:00:00,18.05166666666667,61.04299999999999,100.8741666666667,1.1,0.2720366584526994,33.736765155645514,32.33155428496368,6,0.49999999999999994,-0.8660254037844387,0.7907757369376989,-0.6121059825476626,1.2246467991473532e-16,-1.0,51.243999,-0.571478,36
2019-06-11 11:00:00,18.940166666666673,61.25183333333334,100.88016666666672,1.3333333333333333,0.23545018536332532,31.33716245948279,27.17426372403527,6,0.258819045102521,-0.9659258262890682,0.7907757369376989,-0.6121059825476626,1.2246467991473532e-16,-1.0,51.243999,-0.571478,36
2019-06-11 12:00:00,19.71283333333333,61.37533333333333,100.90166666666661,1.3666666666666667,0.2269137505984775,31.236323037045047,25.351854974243654,6,1.2246467991473532e-16,-1.0,0.7907757369376989,-0.6121059825476626,1.2246467991473532e-16,-1.0,51.243999,-0.571478,36
2019-06-11 13:00:00,20.625,61.57633333333332,100.91216666666661,1.05,0.20573686204488248,34.77815349543253,20.12871276081729,6,-0.2588190451025208,-0.9659258262890683,0.7907757369376989,-0.6121059825476626,1.2246467991473532e-16,-1.0,51.243999,-0.571478,36
2019-06-11 14:00:00,21.7815,61.70249999999998,100.89916666666662,3.1333333333333333,0.25532684989963145,34.86712887545334,23.6216188413779,6,-0.4999999999999997,-0.8660254037844388,0.7907757369376989,-0.6121059825476626,1.2246467991473532e-16,-1.0,51.243999,-0.571478,36
2019-06-11 15:00:00,22.208833333333327,61.92283333333332,100.90716666666661,6.533333333333333,0.3107585628412418,30.25403656180941,32.717138332633105,6,-0.7071067811865471,-0.7071067811865479,0.7907757369376989,-0.6121059825476626,1.2246467991473532e-16,-1.0,51.243999,-0.571478,36
2019-06-11 16:00:00,22.445999999999987,61.873833333333344,100.92083333333342,5.583333333333333,0.28717827010335545,26.03592913253651,31.634028918530195,6,-0.8660254037844385,-0.5000000000000004,0.7907757369376989,-0.6121059825476626,1.2246467991473532e-16,-1.0,51.243999,-0.571478,36
2019-06-11 17:00:00,22.223833333333335,61.78100000000002,100.9275,4.166666666666667,0.3180986325062264,25.111643227090152,29.516211746822915,6,-0.9659258262890683,-0.25881904510252063,0.7907757369376989,-0.6121059825476626,1.2246467991473532e-16,-1.0,51.243999,-0.571478,36
2019-06-11 18:00:00,20.927000000000007,61.44783333333334,100.96200000000006,2.466666666666667,0.2926595008587329,16.150013447939244,33.04926607233399,6,-1.0,-1.8369701987210297e-16,0.7907757369376989,-0.6121059825476626,1.2246467991473532e-16,-1.0,51.243999,-0.571478,36
2019-06-11 19:00:00,19.58750000000001,61.64166666666665,100.97316666666664,1.2,0.24626376981564696,14.049292910861933,29.187681360544516,6,-0.9659258262890684,0.2588190451025203,0.7907757369376989,-0.6121059825476626,1.2246467991473532e-16,-1.0,51.243999,-0.571478,36
2019-06-11 20:00:00,18.696833333333327,61.58199999999997,101.00133333333339,1.05,0.23862042279968898,11.878792740608045,28.767989403071468,6,-0.8660254037844386,0.5000000000000001,0.7907757369376989,-0.6121059825476626,1.2246467991473532e-16,-1.0,51.243999,-0.571478,36
2019-06-11 21:00:00,17.913999999999998,61.29733333333334,101.01733333333347,1.4666666666666666,0.20864074457197324,10.889971096917947,27.098712352929592,6,-0.7071067811865477,0.7071067811865474,0.7907757369376989,-0.6121059825476626,1.2246467991473532e-16,-1.0,51.243999,-0.571478,36
2019-06-11 22:00:00,17.309,61.08583333333336,101.00516666666672,4.3,0.18974036549958043,11.390624355079781,27.929439511748956,6,-0.5000000000000004,0.8660254037844384,0.7907757369376989,-0.6121059825476626,1.2246467991473532e-16,-1.0,51.243999,-0.571478,36
2019-06-11 23:00:00,16.906500000000005,60.9261666666667,100.98016666666668,4.366666666666666,0.17413683338384703,10.700795228298944,26.91297124391484,6,-0.25881904510252157,0.9659258262890681,0.7907757369376989,-0.6121059825476626,1.2246467991473532e-16,-1.0,51.243999,-0.571478,36
2019-06-12 00:00:00,16.53500000000001,60.77566666666669,100.92516666666667,3.183333333333333,0.15873049643988207,13.544595904106528,20.65946303432734,6,0.0,1.0,0.6513724827222223,-0.758758122692791,1.2246467991473532e-16,-1.0,51.243999,-0.571478,36
2019-06-12 01:00:00,16.417999999999996,60.74566666666665,100.90533333333322,3.6166666666666667,0.1475779926074294,14.478136518720586,21.116716400397085,6,0.25881904510252074,0.9659258262890683,0.6513724827222223,-0.758758122692791,1.2246467991473532e-16,-1.0,51.243999,-0.571478,36
2019-06-12 02:00:00,16.406333333333333,60.56916666666667,100.85250000000002,3.4,0.14351782189307782,15.000948028690313,20.902474635338372,6,0.49999999999999994,0.8660254037844387,0.6513724827222223,-0.758758122692791,1.2246467991473532e-16,-1.0,51.243999,-0.571478,36
2019-06-12 03:00:00,16.374333333333333,60.45566666666665,100.79116666666664,2.6166666666666667,0.13893744284264756,16.909104834496695,18.613600577673147,6,0.7071067811865476,0.7071067811865476,0.6513724827222223,-0.758758122692791,1.2246467991473532e-16,-1.0,51.243999,-0.571478,36
2019-06-12 04:00:00,16.385333333333342,60.2118333333333,100.78083333333339,1.4,0.1445955393106417,17.134192346436745,19.91996119423969,6,0.8660254037844386,0.5000000000000001,0.6513724827222223,-0.758758122692791,1.2246467991473532e-16,-1.0,51.243999,-0.571478,36
2019-06-12 05:00:00,16.376166666666663,60.15100000000003,100.77000000000014,1.5666666666666667,0.14142623308340027,18.7138315921611,20.794965128297385,6,0.9659258262890683,0.25881904510252074,0.6513724827222223,-0.758758122692791,1.2246467991473532e-16,-1.0,51.243999,-0.571478,36
2019-06-12 06:00:00,16.438333333333333,60.06450000000002,100.77416666666666,2.3833333333333333,0.184472445653845,19.385551748972357,31.94907424919941,6,1.0,6.123233995736766e-17,0.6513724827222223,-0.758758122692791,1.2246467991473532e-16,-1.0,51.243999,-0.571478,36
2019-06-12 07:00:00,16.72566666666667,60.013,100.7786666666667,5.516666666666667,0.2113443763973627,27.45566033538391,35.52623529467109,6,0.9659258262890683,-0.25881904510252063,0.6513724827222223,-0.758758122692791,1.2246467991473532e-16,-1.0,51.243999,-0.571478,36
2019-06-12 08:00:00,17.452666666666666,59.89300000000003,100.72883333333338,10.45,0.2757184032399048,26.878736851908123,35.253915551830765,6,0.8660254037844387,-0.4999999999999998,0.6513724827222223,-0.758758122692791,1.2246467991473532e-16,-1.0,51.243999,-0.571478,36
2019-06-12 09:00:00,18.3345,59.74583333333332,100.69016666666671,7.366666666666666,0.2163642919735923,31.63731110467598,34.048801197066965,6,0.7071067811865476,-0.7071067811865475,0.6513724827222223,-0.758758122692791,1.2246467991473532e-16,-1.0,51.243999,-0.571478,36
2019-06-12 10:00:00,19.576166666666662,59.640499999999996,100.6821666666667,9.716666666666667,0.23066095356692617,35.79956915655699,26.067571060512513,6,0.49999999999999994,-0.8660254037844387,0.6513724827222223,-0.758758122692791,1.2246467991473532e-16,-1.0,51.243999,-0.571478,36
2019-06-12 11:00:00,20.603000000000005,59.30433333333331,100.68499999999997,8.333333333333334,0.24190486721485008,30.422844060879388,24.149960387087173,6,0.258819045102521,-0.9659258262890682,0.6513724827222223,-0.758758122692791,1.2246467991473532e-16,-1.0,51.243999,-0.571478,36
2019-06-12 12:00:00,20.737333333333336,59.00316666666667,100.67266666666669,7.666666666666667,0.2535033212759321,31.736732751450443,27.28118796770894,6,1.2246467991473532e-16,-1.0,0.6513724827222223,-0.758758122692791,1.2246467991473532e-16,-1.0,51.243999,-0.571478,36
2019-06-12 13:00:00,20.43649999999999,59.14350000000002,100.6713333333333,8.283333333333333,0.29771268388085803,28.717387192403617,35.96135719835315,6,-0.2588190451025208,-0.9659258262890683,0.6513724827222223,-0.758758122692791,1.2246467991473532e-16,-1.0,51.243999,-0.571478,36
2019-06-12 14:00:00,20.287166666666664,59.319333333333326,100.66550000000002,9.066666666666666,0.39593010946099677,24.40853698122893,45.12408701774952,6,-0.4999999999999997,-0.8660254037844388,0.6513724827222223,-0.758758122692791,1.2246467991473532e-16,-1.0,51.243999,-0.571478,36
2019-06-12 15:00:00,19.707500000000003,59.270666666666656,100.67783333333334,11.6,0.36032352445082816,28.23355882949466,61.17300256058945,6,-0.7071067811865471,-0.7071067811865479,0.6513724827222223,-0.758758122692791,1.2246467991473532e-16,-1.0,51.243999,-0.571478,36
2019-06-12 16:00:00,18.936833333333333,59.312166666666684,100.64266666666664,7.616666666666666,0.35161234829417426,22.513524274042414,49.600023106249594,6,-0.8660254037844385,-0.5000000000000004,0.6513724827222223,-0.758758122692791,1.2246467991473532e-16,-1.0,51.243999,-0.571478,36
2019-06-12 17:00:00,18.16766666666667,59.515000000000015,100.59316666666669,11.183333333333334,0.3652176918752004,18.701824851344288,48.52383630701388,6,-0.9659258262890683,-0.25881904510252063,0.6513724827222223,-0.758758122692791,1.2246467991473532e-16,-1.0,51.243999,-0.571478,36
2019-06-12 18:00:00,17.817999999999994,59.737833333333384,100.56033333333339,10.233333333333333,0.3295414931630803,17.693357721721807,44.49186749710462,6,-1.0,-1.8369701987210297e-16,0.6513724827222223,-0.758758122692791,1.2246467991473532e-16,-1.0,51.243999,-0.571478,36
2019-06-12 19:00:00,17.610833333333336,59.800333333333356,100.53516666666671,9.233333333333333,0.27415653273946783,18.202484080045103,33.0531126660328,6,-0.9659258262890684,0.2588190451025203,0.6513724827222223,-0.758758122692791,1.2246467991473532e-16,-1.0,51.243999,-0.571478,36
2019-06-12 20:00:00,17.395333333333337,59.951333333333345,100.51500000000014,12.4,0.30495852682277597,14.825228834405058,39.43445067734504,6,-0.8660254037844386,0.5000000000000001,0.6513724827222223,-0.758758122692791,1.2246467991473532e-16,-1.0,51.243999,-0.571478,36
2019-06-12 21:00:00,17.299333333333333,60.015833333333354,100.52083333333329,17.966666666666665,0.3419071645999972,13.593875704955396,43.11657652930738,6,-0.7071067811865477,0.7071067811865474,0.6513724827222223,-0.758758122692791,1.2246467991473532e-16,-1.0,51.243999,-0.571478,36
2019-06-12 22:00:00,17.12066666666667,60.12483333333333,100.52066666666676,10.433333333333334,0.2919051108885578,13.848083061502644,32.40642029579678,6,-0.5000000000000004,0.8660254037844384,0.6513724827222223,-0.758758122692791,1.2246467991473532e-16,-1.0,51.243999,-0.571478,36
2019-06-12 23:00:00,16.9145,60.182999999999986,100.46866666666655,7.6,0.23689832612964012,14.766982985439878,29.50138580806059,6,-0.25881904510252157,0.9659258262890681,0.6513724827222223,-0.758758122692791,1.2246467991473532e-16,-1.0,51.243999,-0.571478,36
2019-06-13 00:00:00,16.833333333333332,60.283333333333346,100.41599999999995,10.016666666666667,0.22373971266488318,11.933765073938213,34.43790452700993,6,0.0,1.0,0.48530196253108104,-0.8743466161445821,1.2246467991473532e-16,-1.0,51.243999,-0.571478,36
2019-06-13 01:00:00,16.652666666666672,60.27183333333334,100.3655000000001,12.066666666666666,0.21089351986067004,12.388275126765638,31.92686381413711,6,0.25881904510252074,0.9659258262890683,0.48530196253108104,-0.8743466161445821,1.2246467991473532e-16,-1.0,51.243999,-0.571478,36
2019-06-13 02:00:00,16.442999999999994,60.304166666666674,100.30933333333336,13.533333333333333,0.200661946929865,12.793825989338119,29.94856990275401,6,0.49999999999999994,0.8660254037844387,0.48530196253108104,-0.8743466161445821,1.2246467991473532e-16,-1.0,51.243999,-0.571478,36
2019-06-13 03:00:00,16.240833333333338,60.36099999999999,100.26800000000001,11.35,0.18815774067582935,12.980957624319148,25.296045048196877,6,0.7071067811865476,0.7071067811865476,0.48530196253108104,-0.8743466161445821,1.2246467991473532e-16,-1.0,51.243999,-0.571478,36
2019-06-13 04:00:00,16.21,60.38733333333331,100.24966666666666,11.083333333333334,0.1793658345083259,12.467774677680541,25.925574746287616,6,0.8660254037844386,0.5000000000000001,0.48530196253108104,-0.8743466161445821,1.2246467991473532e-16,-1.0,51.243999,-0.571478,36
2019-06-13 05:00:00,16.150166666666653,60.53983333333334,100.25350000000007,12.666666666666666,0.17246535956971112,12.49742162119432,26.552073830888855,6,0.9659258262890683,0.25881904510252074,0.48530196253108104,-0.8743466161445821,1.2246467991473532e-16,-1.0,51.243999,-0.571478,36
2019-06-13 06:00:00,16.210833333333333,60.632166666666656,100.24433333333323,13.216666666666667,0.19155730581873925,12.184997248301336,29.27273161858292,6,1.0,6.123233995736766e-17,0.48530196253108104,-0.8743466161445821,1.2246467991473532e-16,-1.0,51.243999,-0.571478,36
2019-06-13 07:00:00,16.494999999999994,60.7785,100.2368333333333,11.133333333333333,0.24912719712642914,12.427938330398886,33.7938501540117,6,0.9659258262890683,-0.25881904510252063,0.48530196253108104,-0.8743466161445821,1.2246467991473532e-16,-1.0,51.243999,-0.571478,36
2019-06-13 08:00:00,16.93583333333333,60.852666666666686,100.2459999999999,8.533333333333333,0.20646800670734117,15.671454330083435,30.485611927947577,6,0.8660254037844387,-0.4999999999999998,0.48530196253108104,-0.8743466161445821,1.2246467991473532e-16,-1.0,51.243999,-0.571478,36
2019-06-13 09:00:00,17.385833333333338,60.86116666666668,100.24633333333331,6.8,0.1888269948519948,18.868538930522924,28.958786507899262,6,0.7071067811865476,-0.7071067811865475,0.48530196253108104,-0.8743466161445821,1.2246467991473532e-16,-1.0,51.243999,-0.571478,36
2019-06-13 10:00:00,17.738500000000002,61.02566666666666,100.25316666666673,4.266666666666667,0.1717733256903905,19.920131597581648,23.600870742483707,6,0.49999999999999994,-0.8660254037844387,0.48530196253108104,-0.8743466161445821,1.2246467991473532e-16,-1.0,51.243999,-0.571478,36
2019-06-13 11:00:00,18.047833333333333,61.03000000000002,100.26783333333341,3.45,0.17504424429304963,23.325830288214647,24.453092488577283,6,0.258819045102521,-0.9659258262890682,0.48530196253108104,-0.8743466161445821,1.2246467991473532e-16,-1.0,51.243999,-0.571478,36
2019-06-13 12:00:00,18.271833333333333,61.10483333333332,100.28666666666665,3.4166666666666665,0.1988609826672113,20.41990982941526,25.40930058134557,6,1.2246467991473532e-16,-1.0,0.48530196253108104,-0.8743466161445821,1.2246467991473532e-16,-1.0,51.243999,-0.571478,36
2019-06-13 13:00:00,18.024499999999996,61.05266666666667,100.3050000000001,3.25,0.17099529464862234,17.64777957972647,21.190404160510568,6,-0.2588190451025208,-0.9659258262890683,0.48530196253108104,-0.8743466161445821,1.2246467991473532e-16,-1.0,51.243999,-0.571478,36
2019-06-13 14:00:00,17.862000000000005,61.35750000000003,100.3015000000001,4.933333333333334,0.16724920331106335,21.850068920978803,22.74168481648567,6,-0.4999999999999997,-0.8660254037844388,0.48530196253108104,-0.8743466161445821,1.2246467991473532e-16,-1.0,51.243999,-0.571478,36
2019-06-13 15:00:00,17.966499999999996,61.436499999999974,100.3000000000001,1.55,0.16644040162785895,21.273848644455267,21.94862417979004,6,-0.7071067811865471,-0.7071067811865479,0.48530196253108104,-0.8743466161445821,1.2246467991473532e-16,-1.0,51.243999,-0.571478,36
2019-06-13 16:00:00,18.186666666666664,61.47683333333335,100.30050000000006,0.8,0.18733639676975852,21.49999025745319,27.004441052165404,6,-0.8660254037844385,-0.5000000000000004,0.48530196253108104,-0.8743466161445821,1.2246467991473532e-16,-1.0,51.243999,-0.571478,36
2019-06-13 17:00:00,18.17716666666667,61.372999999999955,100.3196666666666,0.6,0.2056412443281897,16.582965510796054,30.80269008403166,6,-0.9659258262890683,-0.25881904510252063,0.48530196253108104,-0.8743466161445821,1.2246467991473532e-16,-1.0,51.243999,-0.571478,36
2019-06-13 18:00:00,18.069500000000005,61.517000000000024,100.33350000000003,1.45,0.20495384321425272,15.273749337343524,31.550437315092285,6,-1.0,-1.8369701987210297e-16,0.48530196253108104,-0.8743466161445821,1.2246467991473532e-16,-1.0,51.243999,-0.571478,36
2019-06-13 19:00:00,17.936333333333327,61.522166666666706,100.39133333333332,2.45,0.1887579282354026,12.405939819914767,30.091307009571484,6,-0.9659258262890684,0.2588190451025203,0.48530196253108104,-0.8743466161445821,1.2246467991473532e-16,-1.0,51.243999,-0.571478,36
2019-06-13 20:00:00,17.540666666666667,61.561666666666675,100.45250000000004,0.8666666666666667,0.1921097572706788,12.292554490491908,27.440076080523923,6,-0.8660254037844386,0.5000000000000001,0.48530196253108104,-0.8743466161445821,1.2246467991473532e-16,-1.0,51.243999,-0.571478,36
2019-06-13 21:00:00,17.487833333333345,61.55299999999996,100.52383333333349,3.783333333333333,0.24451243899921404,13.014376879604741,34.92078115468582,6,-0.7071067811865477,0.7071067811865474,0.48530196253108104,-0.8743466161445821,1.2246467991473532e-16,-1.0,51.243999,-0.571478,36
2019-06-13 22:00:00,17.618833333333328,61.55049999999996,100.5618333333334,5.783333333333333,0.22309345353398252,12.895892519539103,35.40201984675812,6,-0.5000000000000004,0.8660254037844384,0.48530196253108104,-0.8743466161445821,1.2246467991473532e-16,-1.0,51.243999,-0.571478,36
2019-06-13 23:00:00,17.434166666666655,61.68799999999999,100.57933333333334,4.633333333333334,0.1630825080931736,12.924330974338073,30.22487500810944,6,-0.25881904510252157,0.9659258262890681,0.48530196253108104,-0.8743466161445821,1.2246467991473532e-16,-1.0,51.243999,-0.571478,36
2019-06-14 00:00:00,17.399499999999996,61.74533333333333,100.583,3.466666666666667,0.17466752946266598,11.281059739165164,33.61296944177918,6,0.0,1.0,0.29936312297335804,-0.9541392564000488,1.2246467991473532e-16,-1.0,51.243999,-0.571478,36
2019-06-14 01:00:00,17.332333333333334,61.751833333333316,100.57516666666659,2.6,0.14404311113893023,12.150281320674413,30.451410822140428,6,0.25881904510252074,0.9659258262890683,0.29936312297335804,-0.9541392564000488,1.2246467991473532e-16,-1.0,51.243999,-0.571478,36
2019-06-14 02:00:00,17.264166666666654,61.82200000000001,100.56150000000007,2.45,0.13847654670760476,11.296835365382575,31.127456773346026,6,0.49999999999999994,0.8660254037844387,0.29936312297335804,-0.9541392564000488,1.2246467991473532e-16,-1.0,51.243999,-0.571478,36
2019-06-14 03:00:00,17.150666666666673,61.821333333333335,100.56766666666664,1.85,0.1313947711729281,12.204033754457061,28.61453122724075,6,0.7071067811865476,0.7071067811865476,0.29936312297335804,-0.9541392564000488,1.2246467991473532e-16,-1.0,51.243999,-0.571478,36
2019-06-14 04:00:00,17.14,61.839499999999994,100.59266666666664,2.95,0.13007697640351218,12.50647322765687,27.04689158354917,6,0.8660254037844386,0.5000000000000001,0.29936312297335804,-0.9541392564000488,1.2246467991473532e-16,-1.0,51.243999,-0.571478,36
2019-06-14 05:00:00,17.108166666666666,61.92616666666665,100.61499999999987,2.7333333333333334,0.13083856578421424,11.364622183967974,28.987412454342014,6,0.9659258262890683,0.25881904510252074,0.29936312297335804,-0.9541392564000488,1.2246467991473532e-16,-1.0,51.243999,-0.571478,36
2019-06-14 06:00:00,17.244333333333326,62.03250000000002,100.63033333333345,2.3,0.1359507118039541,12.169050983905372,31.523659743419454,6,1.0,6.123233995736766e-17,0.29936312297335804,-0.9541392564000488,1.2246467991473532e-16,-1.0,51.243999,-0.571478,36
2019-06-14 07:00:00,17.72833333333333,62.111499999999985,100.64399999999996,2.1,0.1758611416755614,13.082960650117075,37.26258081110178,6,0.9659258262890683,-0.25881904510252063,0.29936312297335804,-0.9541392564000488,1.2246467991473532e-16,-1.0,51.243999,-0.571478,36
2019-06-14 08:00:00,18.35716666666666,62.12400000000002,100.69366666666673,2.783333333333333,0.19660732272984835,16.887238925831458,35.40937913375849,6,0.8660254037844387,-0.4999999999999998,0.29936312297335804,-0.9541392564000488,1.2246467991473532e-16,-1.0,51.243999,-0.571478,36
2019-06-14 09:00:00,18.921833333333343,62.14516666666669,100.73399999999992,3.4166666666666665,0.19071639488098527,19.177997736132397,41.22014362897998,6,0.7071067811865476,-0.7071067811865475,0.29936312297335804,-0.9541392564000488,1.2246467991473532e-16,-1.0,51.243999,-0.571478,36
2019-06-14 10:00:00,19.422666666666657,62.14366666666669,100.7631666666667,4.0,0.1973989203245176,19.485287847381645,39.56070722741499,6,0.49999999999999994,-0.8660254037844387,0.29936312297335804,-0.9541392564000488,1.2246467991473532e-16,-1.0,51.243999,-0.571478,36
2019-06-14 11:00:00,19.89933333333334,62.12516666666668,100.81033333333338,3.3333333333333335,0.15688996742964317,19.538461265721875,26.688546357011443,6,0.258819045102521,-0.9659258262890682,0.29936312297335804,-0.9541392564000488,1.2246467991473532e-16,-1.0,51.243999,-0.571478,36
2019-06-14 12:00:00,20.419500000000003,62.21383333333334,100.82716666666664,4.316666666666666,0.19441727019559785,22.901556242259534,30.47465712919022,6,1.2246467991473532e-16,-1.0,0.29936312297335804,-0.9541392564000488,1.2246467991473532e-16,-1.0,51.243999,-0.571478,36
2019-06-14 13:00:00,21.455000000000002,62.102833333333336,100.82333333333332,3.2666666666666666,0.17111479787930292,29.256979622130345,23.48015613275993,6,-0.2588190451025208,-0.9659258262890683,0.29936312297335804,-0.9541392564000488,1.2246467991473532e-16,-1.0,51.243999,-0.571478,36
2019-06-14 14:00:00,21.924333333333326,61.86300000000001,100.83216666666674,2.3333333333333335,0.15999136523163818,32.65280077307007,18.775874229161445,6,-0.4999999999999997,-0.8660254037844388,0.29936312297335804,-0.9541392564000488,1.2246467991473532e-16,-1.0,51.243999,-0.571478,36
2019-06-14 15:00:00,22.549666666666663,61.95816666666666,100.85499999999993,2.283333333333333,0.16284624287866614,31.7696251943529,18.665421643870708,6,-0.7071067811865471,-0.7071067811865479,0.29936312297335804,-0.9541392564000488,1.2246467991473532e-16,-1.0,51.243999,-0.571478,36
2019-06-14 16:00:00,23.342499999999998,61.857666666666674,100.85816666666668,2.3833333333333333,0.17376010109329212,43.499209611659516,10.417734738980727,6,-0.8660254037844385,-0.5000000000000004,0.29936312297335804,-0.9541392564000488,1.2246467991473532e-16,-1.0,51.243999,-0.571478,36
2019-06-14 17:00:00,25.029333333333337,61.94066666666668,100.8516666666666,2.783333333333333,0.18342708775328231,51.293830913214016,8.051716475831968,6,-0.9659258262890683,-0.25881904510252063,0.29936312297335804,-0.9541392564000488,1.2246467991473532e-16,-1.0,51.243999,-0.571478,36
2019-06-14 18:00:00,25.684333333333335,61.663833333333336,100.87916666666668,2.9166666666666665,0.18704970076121957,35.18205712391584,13.314622477592826,6,-1.0,-1.8369701987210297e-16,0.29936312297335804,-0.9541392564000488,1.2246467991473532e-16,-1.0,51.243999,-0.571478,36
2019-06-14 19:00:00,24.477999999999998,61.89,100.88166666666667,3.2333333333333334,0.1735372278299753,22.80038941621029,17.80702152895457,6,-0.9659258262890684,0.2588190451025203,0.29936312297335804,-0.9541392564000488,1.2246467991473532e-16,-1.0,51.243999,-0.571478,36
2019-06-14 20:00:00,22.939166666666658,61.47400000000002,100.89183333333332,3.95,0.17175262956764661,16.92511345007431,21.152509869047375,6,-0.8660254037844386,0.5000000000000001,0.29936312297335804,-0.9541392564000488,1.2246467991473532e-16,-1.0,51.243999,-0.571478,36
2019-06-14 21:00:00,21.18483333333334,61.519833333333295,100.94533333333327,2.6,0.15716828837613817,10.886272120856471,27.251625599271204,6,-0.7071067811865477,0.7071067811865474,0.29936312297335804,-0.9541392564000488,1.2246467991473532e-16,-1.0,51.243999,-0.571478,36
2019-06-14 22:00:00,19.605666666666664,61.46700000000002,100.95783333333334,2.783333333333333,0.16097496068716202,8.485837426782796,29.396511165653745,6,-0.5000000000000004,0.8660254037844384,0.29936312297335804,-0.9541392564000488,1.2246467991473532e-16,-1.0,51.243999,-0.571478,36
2019-06-14 23:00:00,18.60916666666667,61.62433333333333,100.96450000000006,3.0166666666666666,0.15067549097122473,8.308731314385568,28.87608229461749,6,-0.25881904510252157,0.9659258262890681,0.29936312297335804,-0.9541392564000488,1.2246467991473532e-16,-1.0,51.243999,-0.571478,36
2019-06-15 00:00:00,17.886000000000006,61.586333333333386,100.97033333333333,4.0,0.1476235752939677,8.824920072260145,29.46600436071696,6,0.0,1.0,0.10116832198743272,-0.994869323391895,1.2246467991473532e-16,-1.0,51.243999,-0.571478,36
2019-06-15 01:00:00,17.4205,61.535166666666676,100.95533333333326,3.6333333333333333,0.13378356701411306,10.687436936256884,29.065443664229708,6,0.25881904510252074,0.9659258262890683,0.10116832198743272,-0.994869323391895,1.2246467991473532e-16,-1.0,51.243999,-0.571478,36
2019-06-15 02:00:00,17.143666666666668,61.482000000000035,100.93200000000002,3.816666666666667,0.12790039730125052,10.544061419706924,27.315112530316473,6,0.49999999999999994,0.8660254037844387,0.10116832198743272,-0.994869323391895,1.2246467991473532e-16,-1.0,51.243999,-0.571478,36
2019-06-15 03:00:00,16.97266666666668,61.52666666666671,100.91033333333323,3.6166666666666667,0.1303122987687834,11.245339807885708,30.32132886125448,6,0.7071067811865476,0.7071067811865476,0.10116832198743272,-0.994869323391895,1.2246467991473532e-16,-1.0,51.243999,-0.571478,36
2019-06-15 04:00:00,16.81683333333333,61.33516666666672,100.92016666666662,2.6166666666666667,0.11993543975472298,11.25181684366633,27.995999832089744,6,0.8660254037844386,0.5000000000000001,0.10116832198743272,-0.994869323391895,1.2246467991473532e-16,-1.0,51.243999,-0.571478,36
2019-06-15 05:00:00,16.46816666666666,61.33599999999999,100.93949999999991,3.2,0.11995124120951757,11.240310061307945,28.877398168178253,6,0.9659258262890683,0.25881904510252074,0.10116832198743272,-0.994869323391895,1.2246467991473532e-16,-1.0,51.243999,-0.571478,36
2019-06-15 06:00:00,16.763999999999996,61.739833333333344,100.93050000000004,3.5166666666666666,0.12891477503832446,13.693708153968403,32.73177220958968,6,1.0,6.123233995736766e-17,0.10116832198743272,-0.994869323391895,1.2246467991473532e-16,-1.0,51.243999,-0.571478,36
2019-06-15 07:00:00,17.868499999999997,61.76783333333331,100.94766666666656,3.5166666666666666,0.1251891062808298,17.62248280627445,26.195778557604896,6,0.9659258262890683,-0.25881904510252063,0.10116832198743272,-0.994869323391895,1.2246467991473532e-16,-1.0,51.243999,-0.571478,36
2019-06-15 08:00:00,19.253666666666675,61.754166666666656,100.95766666666664,3.05,0.16901937947210985,22.750356467558493,25.788637431115625,6,0.8660254037844387,-0.4999999999999998,0.10116832198743272,-0.994869323391895,1.2246467991473532e-16,-1.0,51.243999,-0.571478,36
2019-06-15 09:00:00,20.703166666666668,61.652499999999996,100.97116666666656,1.7666666666666666,0.13701364627670085,28.66368374645614,19.625592103530504,6,0.7071067811865476,-0.7071067811865475,0.10116832198743272,-0.994869323391895,1.2246467991473532e-16,-1.0,51.243999,-0.571478,36
2019-06-15 10:00:00,21.981833333333334,61.21233333333335,100.96533333333329,1.7666666666666666,0.13307417772477498,34.00037647804255,15.36062644568704,6,0.49999999999999994,-0.8660254037844387,0.10116832198743272,-0.994869323391895,1.2246467991473532e-16,-1.0,51.243999,-0.571478,36
2019-06-15 11:00:00,22.580333333333332,60.847500000000004,100.97349999999992,2.2666666666666666,0.14687713552167478,32.16327156207941,21.72429391116626,6,0.258819045102521,-0.9659258262890682,0.10116832198743272,-0.994869323391895,1.2246467991473532e-16,-1.0,51.243999,-0.571478,36
2019-06-15 12:00:00,22.35349999999999,60.688666666666656,101.0385000000001,3.1666666666666665,0.15558203765686696,25.808103561942275,20.611348386207183,6,1.2246467991473532e-16,-1.0,0.10116832198743272,-0.994869323391895,1.2246467991473532e-16,-1.0,51.243999,-0.571478,36
2019-06-15 13:00:00,21.90266666666668,60.736666666666636,101.0756666666667,3.9833333333333334,0.16828874697466847,18.833347381519467,23.4967436269185,6,-0.2588190451025208,-0.9659258262890683,0.10116832198743272,-0.994869323391895,1.2246467991473532e-16,-1.0,51.243999,-0.571478,36
2019-06-15 14:00:00,21.396333333333345,60.98200000000001,101.08016666666667,4.65,0.16111255847510103,15.42878830360482,23.176216983517893,6,-0.4999999999999997,-0.8660254037844388,0.10116832198743272,-0.994869323391895,1.2246467991473532e-16,-1.0,51.243999,-0.571478,36
2019-06-15 15:00:00,21.567833333333326,61.415833333333346,101.0663333333333,5.566666666666666,0.16156674990446318,18.200078561995433,24.297461024126797,6,-0.7071067811865471,-0.7071067811865479,0.10116832198743272,-0.994869323391895,1.2246467991473532e-16,-1.0,51.243999,-0.571478,36
2019-06-15 16:00:00,22.031500000000012,61.32850000000003,101.04633333333338,5.166666666666667,0.15556920443114977,20.146288974012133,25.216044784432835,6,-0.8660254037844385,-0.5000000000000004,0.10116832198743272,-0.994869323391895,1.2246467991473532e-16,-1.0,51.243999,-0.571478,36
2019-06-15 17:00:00,22.453333333333337,61.105333333333334,101.0288333333334,5.25,0.16087258588427528,23.291472044719075,22.796134605638887,6,-0.9659258262890683,-0.25881904510252063,0.10116832198743272,-0.994869323391895,1.2246467991473532e-16,-1.0,51.243999,-0.571478,36
2019-06-15 18:00:00,21.643166666666673,61.19166666666668,101.06616666666669,6.5,0.17605601464458115,15.275619410789856,27.601520710084298,6,-1.0,-1.8369701987210297e-16,0.10116832198743272,-0.994869323391895,1.2246467991473532e-16,-1.0,51.243999,-0.571478,36
2019-06-15 19:00:00,20.804833333333338,61.36116666666663,101.08333333333334,5.366666666666666,0.15822244620290693,15.86247099982089,24.75640061889927,6,-0.9659258262890684,0.2588190451025203,0.10116832198743272,-0.994869323391895,1.2246467991473532e-16,-1.0,51.243999,-0.571478,36
2019-06-15 20:00:00,20.039000000000005,61.50600000000004,101.0783333333333,6.716666666666667,0.15752396952047118,13.289859362536017,26.588488169560875,6,-0.8660254037844386,0.5000000000000001,0.10116832198743272,-0.994869323391895,1.2246467991473532e-16,-1.0,51.243999,-0.571478,36
2019-06-15 21:00:00,19.22233333333333,61.53383333333332,101.122,6.5,0.16391353657411675,13.947700344694006,30.469232869792204,6,-0.7071067811865477,0.7071067811865474,0.10116832198743272,-0.994869323391895,1.2246467991473532e-16,-1.0,51.243999,-0.571478,36
2019-06-15 22:00:00,18.35783333333333,61.43566666666666,101.16150000000002,3.783333333333333,0.14950425105749332,14.200086556344587,28.16863781970066,6,-0.5000000000000004,0.8660254037844384,0.10116832198743272,-0.994869323391895,1.2246467991473532e-16,-1.0,51.243999,-0.571478,36
2019-06-15 23:00:00,17.55633333333333,61.33666666666667,101.20733333333337,3.066666666666667,0.13297353147882154,14.495550511540367,25.8976688669621,6,-0.25881904510252157,0.9659258262890681,0.10116832198743272,-0.994869323391895,1.2246467991473532e-16,-1.0,51.243999,-0.571478,36
2019-06-16 00:00:00,16.872166666666665,61.41716666666665,101.22416666666656,3.466666666666667,0.13697919153917446,13.428511502890329,31.498159385777527,6,0.0,1.0,-0.10116832198743204,-0.9948693233918952,1.2246467991473532e-16,-1.0,51.243999,-0.571478,36
2019-06-16 01:00:00,16.275999999999996,61.31716666666668,101.23299999999992,4.183333333333334,0.1275043366013502,12.025414183657096,26.87747633366266,6,0.25881904510252074,0.9659258262890683,-0.10116832198743204,-0.9948693233918952,1.2246467991473532e-16,-1.0,51.243999,-0.571478,36
2019-06-16 02:00:00,15.798666666666662,61.31616666666669,101.25950000000012,5.483333333333333,0.11734940800137043,11.784454413031341,25.150115550141855,6,0.49999999999999994,0.8660254037844387,-0.10116832198743204,-0.9948693233918952,1.2246467991473532e-16,-1.0,51.243999,-0.571478,36
2019-06-16 03:00:00,15.49783333333334,61.32916666666665,101.25299999999997,6.066666666666666,0.11156442265034412,11.64529734650793,26.104060832160144,6,0.7071067811865476,0.7071067811865476,-0.10116832198743204,-0.9948693233918952,1.2246467991473532e-16,-1.0,51.243999,-0.571478,36
2019-06-16 04:00:00,15.300500000000012,61.267166666666704,101.2763333333334,7.35,0.112423660947637,12.432050786007721,28.812836553514853,6,0.8660254037844386,0.5000000000000001,-0.10116832198743204,-0.9948693233918952,1.2246467991473532e-16,-1.0,51.243999,-0.571478,36
2019-06-16 05:00:00,15.360333333333324,61.3875,101.28349999999998,6.883333333333334,0.11535478716161308,11.58446875300228,29.676797317025873,6,0.9659258262890683,0.25881904510252074,-0.10116832198743204,-0.9948693233918952,1.2246467991473532e-16,-1.0,51.243999,-0.571478,36
2019-06-16 06:00:00,15.852,61.58416666666665,101.29883333333345,5.933333333333334,0.1215144852434101,11.778737627254326,30.07921659131097,6,1.0,6.123233995736766e-17,-0.10116832198743204,-0.9948693233918952,1.2246467991473532e-16,-1.0,51.243999,-0.571478,36
2019-06-16 07:00:00,16.870166666666666,61.658000000000015,101.29766666666669,5.416666666666667,0.11669760235613472,13.218643800134581,29.43522381081905,6,0.9659258262890683,-0.25881904510252063,-0.10116832198743204,-0.9948693233918952,1.2246467991473532e-16,-1.0,51.243999,-0.571478,36
2019-06-16 08:00:00,17.934500000000007,61.73083333333333,101.34066666666676,4.266666666666667,0.1289712412314801,13.43285907125364,33.2016583242827,6,0.8660254037844387,-0.4999999999999998,-0.10116832198743204,-0.9948693233918952,1.2246467991473532e-16,-1.0,51.243999,-0.571478,36
2019-06-16 09:00:00,19.042333333333325,61.789666666666655,101.35183333333332,3.3,0.17390562579888516,16.986815923203928,31.382940785700296,6,0.7071067811865476,-0.7071067811865475,-0.10116832198743204,-0.9948693233918952,1.2246467991473532e-16,-1.0,51.243999,-0.571478,36
2019-06-16 10:00:00,19.579333333333334,61.78150000000002,101.38466666666669,1.0833333333333333,0.153764212689042,14.928989175936954,33.803020255945476,6,0.49999999999999994,-0.8660254037844387,-0.10116832198743204,-0.9948693233918952,1.2246467991473532e-16,-1.0,51.243999,-0.571478,36
2019-06-16 11:00:00,20.39516666666668,62.06966666666665,101.38550000000009,1.0166666666666666,0.16112091607697404,19.563744517934058,27.491038750861755,6,0.258819045102521,-0.9659258262890682,-0.10116832198743204,-0.9948693233918952,1.2246467991473532e-16,-1.0,51.243999,-0.571478,36
2019-06-16 12:00:00,21.350333333333328,62.08016666666667,101.40133333333334,2.9833333333333334,0.15175409303745474,27.076242985997432,23.898026014528735,6,1.2246467991473532e-16,-1.0,-0.10116832198743204,-0.9948693233918952,1.2246467991473532e-16,-1.0,51.243999,-0.571478,36
2019-06-16 13:00:00,22.261666666666663,61.82483333333332,101.43483333333326,1.9166666666666667,0.14857436890815728,28.734727983341372,18.513863399887253,6,-0.2588190451025208,-0.9659258262890683,-0.10116832198743204,-0.9948693233918952,1.2246467991473532e-16,-1.0,51.243999,-0.571478,36
2019-06-16 14:00:00,22.483166666666662,61.63449999999999,101.47649999999989,2.316666666666667,0.15207652419606343,23.79908083271938,21.534828931431957,6,-0.4999999999999997,-0.8660254037844388,-0.10116832198743204,-0.9948693233918952,1.2246467991473532e-16,-1.0,51.243999,-0.571478,36
2019-06-16 15:00:00,23.323500000000006,61.776,101.50283333333341,4.483333333333333,0.15088200987433062,27.550441406714068,20.86964580627159,6,-0.7071067811865471,-0.7071067811865479,-0.10116832198743204,-0.9948693233918952,1.2246467991473532e-16,-1.0,51.243999,-0.571478,36
2019-06-16 16:00:00,23.575833333333335,61.67283333333333,101.52316666666668,2.8666666666666667,0.15429863360435023,20.479297846224647,25.31914123875224,6,-0.8660254037844385,-0.5000000000000004,-0.10116832198743204,-0.9948693233918952,1.2246467991473532e-16,-1.0,51.243999,-0.571478,36
2019-06-16 17:00:00,25.523833333333325,61.660999999999994,101.50166666666664,2.1,0.152266147473656,38.37358423242904,13.427768465074138,6,-0.9659258262890683,-0.25881904510252063,-0.10116832198743204,-0.9948693233918952,1.2246467991473532e-16,-1.0,51.243999,-0.571478,36
2019-06-16 18:00:00,26.328500000000002,60.87116666666667,101.54266666666673,1.4333333333333333,0.158511930018756,29.25241931224349,17.455652127083315,6,-1.0,-1.8369701987210297e-16,-0.10116832198743204,-0.9948693233918952,1.2246467991473532e-16,-1.0,51.243999,-0.571478,36
2019-06-16 19:00:00,24.467166666666667,60.988333333333316,101.56549999999997,1.7166666666666666,0.151470289597252,18.095115337474365,23.74858930684239,6,-0.9659258262890684,0.2588190451025203,-0.10116832198743204,-0.9948693233918952,1.2246467991473532e-16,-1.0,51.243999,-0.571478,36
2019-06-16 20:00:00,22.68566666666666,61.3555,101.57016666666671,2.4833333333333334,0.16183414078388478,11.839682368574225,26.381129878737053,6,-0.8660254037844386,0.5000000000000001,-0.10116832198743204,-0.9948693233918952,1.2246467991473532e-16,-1.0,51.243999,-0.571478,36
2019-06-16 21:00:00,21.62416666666667,61.3665,101.59416666666657,2.9833333333333334,0.1686572962650607,10.819802480367855,28.09158375349317,6,-0.7071067811865477,0.7071067811865474,-0.10116832198743204,-0.9948693233918952,1.2246467991473532e-16,-1.0,51.243999,-0.571478,36
2019-06-16 22:00:00,20.8985,61.19400000000001,101.61133333333326,3.6,0.14882184355247488,10.405764574875235,27.04892448872473,6,-0.5000000000000004,0.8660254037844384,-0.10116832198743204,-0.9948693233918952,1.2246467991473532e-16,-1.0,51.243999,-0.571478,36
2019-06-16 23:00:00,20.282499999999995,61.14899999999999,101.59766666666664,2.933333333333333,0.13791168107405302,9.556534380346541,28.27814305784813,6,-0.25881904510252157,0.9659258262890681,-0.10116832198743204,-0.9948693233918952,1.2246467991473532e-16,-1.0,51.243999,-0.571478,36
2019-06-17 00:00:00,19.800166666666666,61.04150000000001,101.57533333333332,2.6,0.12404965551851213,12.442386507738371,25.70389909326321,6,0.0,1.0,-0.2993631229733582,-0.9541392564000488,1.2246467991473532e-16,-1.0,51.243999,-0.571478,36
2019-06-17 01:00:00,19.281166666666667,60.93833333333334,101.57116666666678,3.183333333333333,0.1282632545758825,12.83984415486349,24.016079214812812,6,0.25881904510252074,0.9659258262890683,-0.2993631229733582,-0.9541392564000488,1.2246467991473532e-16,-1.0,51.243999,-0.571478,36
2019-06-17 02:00:00,18.592333333333332,60.848000000000006,101.53216666666681,2.783333333333333,0.11849924174540213,12.767718260793522,25.379591093139588,6,0.49999999999999994,0.8660254037844387,-0.2993631229733582,-0.9541392564000488,1.2246467991473532e-16,-1.0,51.243999,-0.571478,36
2019-06-17 03:00:00,17.966833333333334,60.87466666666666,101.50516666666668,3.35,0.11787387661918375,12.53823070523154,25.70319340989877,6,0.7071067811865476,0.7071067811865476,-0.2993631229733582,-0.9541392564000488,1.2246467991473532e-16,-1.0,51.243999,-0.571478,36
2019-06-17 04:00:00,17.44983333333333,60.77133333333331,101.5088333333333,3.75,0.11713051565705145,11.370637776380073,30.606737373622533,6,0.8660254037844386,0.5000000000000001,-0.2993631229733582,-0.9541392564000488,1.2246467991473532e-16,-1.0,51.243999,-0.571478,36
2019-06-17 05:00:00,17.09916666666667,60.963666666666676,101.5511666666667,4.083333333333333,0.13434306073504024,10.735455610682026,35.049738082719806,6,0.9659258262890683,0.25881904510252074,-0.2993631229733582,-0.9541392564000488,1.2246467991473532e-16,-1.0,51.243999,-0.571478,36
2019-06-17 06:00:00,17.311666666666664,61.16599999999999,101.54183333333334,4.816666666666666,0.1413309820302994,15.789677080217636,38.33675606478142,6,1.0,6.123233995736766e-17,-0.2993631229733582,-0.9541392564000488,1.2246467991473532e-16,-1.0,51.243999,-0.571478,36
2019-06-17 07:00:00,18.30383333333333,61.27233333333334,101.56766666666671,5.083333333333333,0.18116589084208537,17.37920550655224,43.02713294666547,6,0.9659258262890683,-0.25881904510252063,-0.2993631229733582,-0.9541392564000488,1.2246467991473532e-16,-1.0,51.243999,-0.571478,36
2019-06-17 08:00:00,19.8685,61.13933333333334,101.59250000000003,4.483333333333333,0.15179365196498296,28.613197665383026,34.409060916484094,6,0.8660254037844387,-0.4999999999999998,-0.2993631229733582,-0.9541392564000488,1.2246467991473532e-16,-1.0,51.243999,-0.571478,36
2019-06-17 09:00:00,21.261333333333337,60.82683333333332,101.57916666666665,4.683333333333334,0.13216890277649662,29.660213208877146,26.862193255547215,6,0.7071067811865476,-0.7071067811865475,-0.2993631229733582,-0.9541392564000488,1.2246467991473532e-16,-1.0,51.243999,-0.571478,36
2019-06-17 10:00:00,22.13866666666667,60.352166666666704,101.55983333333342,4.2,0.13065763185174448,30.01768402993178,23.301944048137262,6,0.49999999999999994,-0.8660254037844387,-0.2993631229733582,-0.9541392564000488,1.2246467991473532e-16,-1.0,51.243999,-0.571478,36
2019-06-17 11:00:00,22.94766666666667,60.28816666666665,101.55333333333341,3.933333333333333,0.14963771660495204,29.389944724099255,22.074324181682634,6,0.258819045102521,-0.9659258262890682,-0.2993631229733582,-0.9541392564000488,1.2246467991473532e-16,-1.0,51.243999,-0.571478,36
2019-06-17 12:00:00,24.08266666666668,60.14633333333333,101.53516666666664,3.533333333333333,0.13728614716618123,30.018067207803735,22.29428821133646,6,1.2246467991473532e-16,-1.0,-0.2993631229733582,-0.9541392564000488,1.2246467991473532e-16,-1.0,51.243999,-0.571478,36
2019-06-17 13:00:00,24.93683333333333,59.880833333333364,101.4918333333332,3.45,0.13928191455717048,32.76953355094898,25.788807561213517,6,-0.2588190451025208,-0.9659258262890683,-0.2993631229733582,-0.9541392564000488,1.2246467991473532e-16,-1.0,51.243999,-0.571478,36
2019-06-17 14:00:00,25.92533333333334,59.865833333333306,101.47816666666664,3.95,0.14401455211915962,31.519055941277635,23.4899055507917,6,-0.4999999999999997,-0.8660254037844388,-0.2993631229733582,-0.9541392564000488,1.2246467991473532e-16,-1.0,51.243999,-0.571478,36
2019-06-17 15:00:00,27.20683333333333,59.81249999999999,101.45616666666663,3.5833333333333335,0.14721645066568267,35.08583016297264,23.7179918806336,6,-0.7071067811865471,-0.7071067811865479,-0.2993631229733582,-0.9541392564000488,1.2246467991473532e-16,-1.0,51.243999,-0.571478,36
2019-06-17 16:00:00,27.568833333333338,59.79216666666666,101.44050000000006,3.2,0.15263257826329496,37.9827153277092,27.538186816755026,6,-0.8660254037844385,-0.5000000000000004,-0.2993631229733582,-0.9541392564000488,1.2246467991473532e-16,-1.0,51.243999,-0.571478,36
2019-06-17 17:00:00,26.91433333333333,59.61716666666668,101.42466666666664,3.783333333333333,0.20423983861970207,30.672735237011036,25.435574731176636,6,-0.9659258262890683,-0.25881904510252063,-0.2993631229733582,-0.9541392564000488,1.2246467991473532e-16,-1.0,51.243999,-0.571478,36
2019-06-17 18:00:00,26.53100000000001,59.29166666666666,101.42100000000002,3.0166666666666666,0.19588983774120283,24.018592627844367,28.03029939230753,6,-1.0,-1.8369701987210297e-16,-0.2993631229733582,-0.9541392564000488,1.2246467991473532e-16,-1.0,51.243999,-0.571478,36
2019-06-17 19:00:00,26.39916666666667,58.56883333333335,101.40933333333328,3.15,0.1838137374209899,19.381539586315437,25.500536294509498,6,-0.9659258262890684,0.2588190451025203,-0.2993631229733582,-0.9541392564000488,1.2246467991473532e-16,-1.0,51.243999,-0.571478,36
2019-06-17 20:00:00,24.597333333333324,58.48050000000001,101.39366666666658,3.5,0.1735599493325602,14.731176481357693,25.27092300262114,6,-0.8660254037844386,0.5000000000000001,-0.2993631229733582,-0.9541392564000488,1.2246467991473532e-16,-1.0,51.243999,-0.571478,36
2019-06-17 21:00:00,22.82616666666667,58.72299999999998,101.43416666666657,4.533333333333333,0.20899086756185722,9.769444345875403,29.971871033108673,6,-0.7071067811865477,0.7071067811865474,-0.2993631229733582,-0.9541392564000488,1.2246467991473532e-16,-1.0,51.243999,-0.571478,36
2019-06-17 22:00:00,21.41516666666666,58.58883333333332,101.44449999999998,5.0,0.17009841804261594,8.977963071808851,28.798877642319756,6,-0.5000000000000004,0.8660254037844384,-0.2993631229733582,-0.9541392564000488,1.2246467991473532e-16,-1.0,51.243999,-0.571478,36
2019-06-17 23:00:00,20.222333333333335,58.558333333333366,101.43933333333334,4.783333333333333,0.17892864928556054,9.386944905601581,29.42702368810561,6,-0.25881904510252157,0.9659258262890681,-0.2993631229733582,-0.9541392564000488,1.2246467991473532e-16,-1.0,51.243999,-0.571478,36
2019-06-18 00:00:00,19.180000000000003,58.365,101.42016666666663,4.983333333333333,0.15216810861324512,11.591233767632572,24.80086054746267,6,0.0,1.0,-0.4853019625310808,-0.8743466161445822,1.2246467991473532e-16,-1.0,51.243999,-0.571478,36
2019-06-18 01:00:00,18.084333333333337,58.34583333333333,101.3763333333333,5.333333333333333,0.14697877699737763,12.393185127154172,24.177963344122933,6,0.25881904510252074,0.9659258262890683,-0.4853019625310808,-0.8743466161445822,1.2246467991473532e-16,-1.0,51.243999,-0.571478,36
2019-06-18 02:00:00,17.42533333333333,58.49333333333335,101.32216666666667,5.45,0.1754615249208252,12.036360210891251,24.610053676438927,6,0.49999999999999994,0.8660254037844387,-0.4853019625310808,-0.8743466161445822,1.2246467991473532e-16,-1.0,51.243999,-0.571478,36
2019-06-18 03:00:00,17.034666666666666,58.418833333333346,101.28616666666667,5.133333333333334,0.1467617819916454,14.160979873085157,22.088478787249382,6,0.7071067811865476,0.7071067811865476,-0.4853019625310808,-0.8743466161445822,1.2246467991473532e-16,-1.0,51.243999,-0.571478,36
2019-06-18 04:00:00,16.63083333333333,58.25216666666666,101.26766666666676,5.75,0.14714472428303485,14.139948041010552,22.404707278370005,6,0.8660254037844386,0.5000000000000001,-0.4853019625310808,-0.8743466161445822,1.2246467991473532e-16,-1.0,51.243999,-0.571478,36
2019-06-18 05:00:00,16.458166666666674,58.45150000000001,101.26933333333346,7.3,0.1568867256578861,15.493966707916531,25.657302307696764,6,0.9659258262890683,0.25881904510252074,-0.4853019625310808,-0.8743466161445822,1.2246467991473532e-16,-1.0,51.243999,-0.571478,36
2019-06-18 06:00:00,16.923333333333332,58.6598333333333,101.27249999999995,9.466666666666667,0.18340337102094778,21.50907533363682,37.33548714477581,6,1.0,6.123233995736766e-17,-0.4853019625310808,-0.8743466161445822,1.2246467991473532e-16,-1.0,51.243999,-0.571478,36
2019-06-18 07:00:00,18.115000000000002,58.73066666666669,101.28783333333338,8.916666666666666,0.22128537716165708,28.548796549415282,41.00579661347517,6,0.9659258262890683,-0.25881904510252063,-0.4853019625310808,-0.8743466161445822,1.2246467991473532e-16,-1.0,51.243999,-0.571478,36
2019-06-18 08:00:00,19.564333333333327,58.50333333333333,101.2800000000001,5.233333333333333,0.1902851286562038,26.736721793260834,22.130734907163593,6,0.8660254037844387,-0.4999999999999998,-0.4853019625310808,-0.8743466161445822,1.2246467991473532e-16,-1.0,51.243999,-0.571478,36
2019-06-18 09:00:00,21.231,58.38699999999999,101.24499999999999,4.616666666666666,0.17503901206179362,37.955172007860284,26.428997423829536,6,0.7071067811865476,-0.7071067811865475,-0.4853019625310808,-0.8743466161445822,1.2246467991473532e-16,-1.0,51.243999,-0.571478,36
2019-06-18 10:00:00,22.101000000000003,57.9335,101.26350000000004,3.2333333333333334,0.1601370936392267,32.11550222140108,14.300665541051517,6,0.49999999999999994,-0.8660254037844387,-0.4853019625310808,-0.8743466161445822,1.2246467991473532e-16,-1.0,51.243999,-0.571478,36
2019-06-18 11:00:00,22.345833333333317,58.014666666666685,101.22433333333323,3.8,0.180632651398351,26.14813417565861,18.921915527812903,6,0.258819045102521,-0.9659258262890682,-0.4853019625310808,-0.8743466161445822,1.2246467991473532e-16,-1.0,51.243999,-0.571478,36
2019-06-18 12:00:00,22.25966666666668,58.205666666666666,101.17366666666668,6.366666666666666,0.21851153216844335,22.078622324782074,27.96948319948054,6,1.2246467991473532e-16,-1.0,-0.4853019625310808,-0.8743466161445822,1.2246467991473532e-16,-1.0,51.243999,-0.571478,36
2019-06-18 13:00:00,22.038833333333336,58.485833333333325,101.1453333333333,8.916666666666666,0.3417405596478975,20.960096062797028,34.05137655460849,6,-0.2588190451025208,-0.9659258262890683,-0.4853019625310808,-0.8743466161445822,1.2246467991473532e-16,-1.0,51.243999,-0.571478,36
2019-06-18 14:00:00,22.033499999999993,58.83683333333333,101.06449999999997,13.783333333333333,0.28571228504223384,25.729772926566916,39.53953564057149,6,-0.4999999999999997,-0.8660254037844388,-0.4853019625310808,-0.8743466161445822,1.2246467991473532e-16,-1.0,51.243999,-0.571478,36
2019-06-18 15:00:00,21.890999999999988,59.08333333333331,101.03150000000002,17.15,0.3464922928169516,31.23434853470783,57.63367683365188,6,-0.7071067811865471,-0.7071067811865479,-0.4853019625310808,-0.8743466161445822,1.2246467991473532e-16,-1.0,51.243999,-0.571478,36
2019-06-18 16:00:00,21.719166666666652,59.26983333333333,101.01333333333335,18.516666666666666,0.4443788947162667,30.081020054175564,55.56348467071657,6,-0.8660254037844385,-0.5000000000000004,-0.4853019625310808,-0.8743466161445822,1.2246467991473532e-16,-1.0,51.243999,-0.571478,36
2019-06-18 17:00:00,21.499333333333325,59.44600000000001,100.92083333333326,20.016666666666666,0.4302554962202575,24.755370917762495,45.807814580557746,6,-0.9659258262890683,-0.25881904510252063,-0.4853019625310808,-0.8743466161445822,1.2246467991473532e-16,-1.0,51.243999,-0.571478,36
2019-06-18 18:00:00,21.587999999999987,59.65733333333334,100.86800000000007,22.466666666666665,0.49616193825468546,29.532047019569095,58.23481818446292,6,-1.0,-1.8369701987210297e-16,-0.4853019625310808,-0.8743466161445822,1.2246467991473532e-16,-1.0,51.243999,-0.571478,36
2019-06-18 19:00:00,21.558166666666654,59.813666666666634,100.86183333333335,22.166666666666668,0.4710950632739028,24.95879357008596,57.65620126155889,6,-0.9659258262890684,0.2588190451025203,-0.4853019625310808,-0.8743466161445822,1.2246467991473532e-16,-1.0,51.243999,-0.571478,36
2019-06-18 20:00:00,21.467333333333354,59.92733333333334,100.82350000000005,24.966666666666665,0.5015309350305938,22.20031464652519,56.95897662762072,6,-0.8660254037844386,0.5000000000000001,-0.4853019625310808,-0.8743466161445822,1.2246467991473532e-16,-1.0,51.243999,-0.571478,36
2019-06-18 21:00:00,21.29033333333333,60.01450000000003,100.8200000000001,27.15,0.3837409428931613,16.719226567976257,47.097284840620105,6,-0.7071067811865477,0.7071067811865474,-0.4853019625310808,-0.8743466161445822,1.2246467991473532e-16,-1.0,51.243999,-0.571478,36
2019-06-18 22:00:00,21.120999999999995,60.13116666666667,100.73933333333329,27.5,0.4079556625860381,19.499947200726112,48.20403137494679,6,-0.5000000000000004,0.8660254037844384,-0.4853019625310808,-0.8743466161445822,1.2246467991473532e-16,-1.0,51.243999,-0.571478,36
2019-06-18 23:00:00,20.801333333333336,60.19183333333335,100.66066666666664,26.35,0.36089705614927464,15.595560008304773,41.685228564172625,6,-0.25881904510252157,0.9659258262890681,-0.4853019625310808,-0.8743466161445822,1.2246467991473532e-16,-1.0,51.243999,-0.571478,36
2019-06-19 00:00:00,20.604166666666647,60.33533333333333,100.66249999999997,26.216666666666665,0.3226774925217758,13.54298371612918,35.214459149072994,6,0.0,1.0,-0.651372482722222,-0.7587581226927911,1.2246467991473532e-16,-1.0,51.243999,-0.571478,36
2019-06-19 01:00:00,20.52233333333334,60.3575,100.56916666666669,26.55,0.2976653609972723,13.90769780673519,31.008711749991736,6,0.25881904510252074,0.9659258262890683,-0.651372482722222,-0.7587581226927911,1.2246467991473532e-16,-1.0,51.243999,-0.571478,36
2019-06-19 02:00:00,20.232333333333326,60.323666666666675,100.51299999999998,25.25,0.2725326728117683,15.211275073369347,29.300507962163334,6,0.49999999999999994,0.8660254037844387,-0.651372482722222,-0.7587581226927911,1.2246467991473532e-16,-1.0,51.243999,-0.571478,36
2019-06-19 03:00:00,19.759166666666662,60.312000000000005,100.48383333333331,20.983333333333334,0.23530346172598735,16.36402914782302,24.808424562846266,6,0.7071067811865476,0.7071067811865476,-0.651372482722222,-0.7587581226927911,1.2246467991473532e-16,-1.0,51.243999,-0.571478,36
2019-06-19 04:00:00,19.457000000000004,60.24966666666668,100.42466666666664,22.233333333333334,0.24018942286996892,15.084093632254962,27.552976071234365,6,0.8660254037844386,0.5000000000000001,-0.651372482722222,-0.7587581226927911,1.2246467991473532e-16,-1.0,51.243999,-0.571478,36
2019-06-19 05:00:00,19.241166666666675,60.47033333333336,100.42033333333339,24.466666666666665,0.25061486771998714,17.12359446379161,34.125545861707,6,0.9659258262890683,0.25881904510252074,-0.651372482722222,-0.7587581226927911,1.2246467991473532e-16,-1.0,51.243999,-0.571478,36
2019-06-19 06:00:00,19.30616666666667,60.56266666666666,100.43749999999987,23.9,0.2820867212653902,29.758161660706875,47.52898768761131,6,1.0,6.123233995736766e-17,-0.651372482722222,-0.7587581226927911,1.2246467991473532e-16,-1.0,51.243999,-0.571478,36
2019-06-19 07:00:00,19.567000000000007,60.62349999999996,100.45800000000003,25.233333333333334,0.38156977644392326,36.7340330832296,61.28046191506091,6,0.9659258262890683,-0.25881904510252063,-0.651372482722222,-0.7587581226927911,1.2246467991473532e-16,-1.0,51.243999,-0.571478,36
2019-06-19 08:00:00,19.92933333333333,60.69983333333333,100.47616666666669,25.383333333333333,0.3355462846073767,30.207866242746046,51.123718372124436,6,0.8660254037844387,-0.4999999999999998,-0.651372482722222,-0.7587581226927911,1.2246467991473532e-16,-1.0,51.243999,-0.571478,36
2019-06-19 09:00:00,20.56699999999999,60.784000000000006,100.47366666666656,22.5,0.3424567118434867,35.557652673039,50.22124562077547,6,0.7071067811865476,-0.7071067811865475,-0.651372482722222,-0.7587581226927911,1.2246467991473532e-16,-1.0,51.243999,-0.571478,36
2019-06-19 10:00:00,21.405500000000004,60.838333333333324,100.5013333333334,18.45,0.28971521549584694,33.701382206555564,33.41051873688688,6,0.49999999999999994,-0.8660254037844387,-0.651372482722222,-0.7587581226927911,1.2246467991473532e-16,-1.0,51.243999,-0.571478,36
2019-06-19 11:00:00,22.30999999999999,60.80333333333336,100.49866666666667,18.1,0.31569289447907206,36.435881443870116,32.3654070513031,6,0.258819045102521,-0.9659258262890682,-0.651372482722222,-0.7587581226927911,1.2246467991473532e-16,-1.0,51.243999,-0.571478,36
2019-06-19 12:00:00,22.776000000000018,60.911500000000004,100.5303333333334,18.583333333333332,0.32703401471925364,32.61455034052754,37.1830230296426,6,1.2246467991473532e-16,-1.0,-0.651372482722222,-0.7587581226927911,1.2246467991473532e-16,-1.0,51.243999,-0.571478,36
2019-06-19 13:00:00,23.09566666666668,61.058166666666665,100.54450000000006,19.6,0.34984802711048435,35.29952014542637,40.75979592014278,6,-0.2588190451025208,-0.9659258262890683,-0.651372482722222,-0.7587581226927911,1.2246467991473532e-16,-1.0,51.243999,-0.571478,36
2019-06-19 14:00:00,23.227666666666682,61.160166666666676,100.54266666666665,22.766666666666666,0.3600141476801033,31.73171817374806,44.081425556881,6,-0.4999999999999997,-0.8660254037844388,-0.651372482722222,-0.7587581226927911,1.2246467991473532e-16,-1.0,51.243999,-0.571478,36
2019-06-19 15:00:00,22.906833333333324,61.39033333333331,100.55050000000004,25.266666666666666,0.36882999174210773,26.482959386454183,50.477067199713794,6,-0.7071067811865471,-0.7071067811865479,-0.651372482722222,-0.7587581226927911,1.2246467991473532e-16,-1.0,51.243999,-0.571478,36
2019-06-19 16:00:00,22.625666666666664,61.611833333333315,100.53150000000008,233.25,0.3367398269795881,17.52267487398782,33.381776342061,6,-0.8660254037844385,-0.5000000000000004,-0.651372482722222,-0.7587581226927911,1.2246467991473532e-16,-1.0,51.243999,-0.571478,36
2019-06-19 17:00:00,23.046000000000006,61.8766666666667,100.51350000000012,44.78333333333333,0.41307732439899686,27.58115516118648,42.33008845481928,6,-0.9659258262890683,-0.25881904510252063,-0.651372482722222,-0.7587581226927911,1.2246467991473532e-16,-1.0,51.243999,-0.571478,36
2019-06-19 18:00:00,23.05966666666666,61.75816666666665,100.53166666666674,13.816666666666666,0.43143951115913554,34.3566639637435,39.47886058366359,6,-1.0,-1.8369701987210297e-16,-0.651372482722222,-0.7587581226927911,1.2246467991473532e-16,-1.0,51.243999,-0.571478,36
2019-06-19 19:00:00,22.445333333333345,61.778833333333345,100.56633333333329,11.266666666666667,0.31777433310931597,22.027395808447444,31.696013621120287,6,-0.9659258262890684,0.2588190451025203,-0.651372482722222,-0.7587581226927911,1.2246467991473532e-16,-1.0,51.243999,-0.571478,36
2019-06-19 20:00:00,21.62333333333333,61.85416666666662,100.61216666666662,11.533333333333333,0.28895229914214554,16.54004652672581,25.84419814461655,6,-0.8660254037844386,0.5000000000000001,-0.651372482722222,-0.7587581226927911,1.2246467991473532e-16,-1.0,51.243999,-0.571478,36
2019-06-19 21:00:00,20.89583333333334,62.09866666666666,100.63916666666661,12.533333333333333,0.2910378874730411,14.598001148125986,29.548231362747597,6,-0.7071067811865477,0.7071067811865474,-0.651372482722222,-0.7587581226927911,1.2246467991473532e-16,-1.0,51.243999,-0.571478,36
2019-06-19 22:00:00,20.51533333333335,62.24783333333337,100.6884999999999,13.433333333333334,0.25725316655026553,12.351419929256451,26.2373001798763,6,-0.5000000000000004,0.8660254037844384,-0.651372482722222,-0.7587581226927911,1.2246467991473532e-16,-1.0,51.243999,-0.571478,36
2019-06-19 23:00:00,20.235500000000023,62.280833333333355,100.70716666666671,14.483333333333333,0.25592926072098426,13.361423376440264,26.103361574481323,6,-0.25881904510252157,0.9659258262890681,-0.651372482722222,-0.7587581226927911,1.2246467991473532e-16,-1.0,51.243999,-0.571478,36
2019-06-20 00:00:00,20.033166666666663,62.30349999999998,100.7349999999999,13.6,0.21460512736041745,18.462750153457744,28.1034719484616,6,0.0,1.0,-0.7907757369376986,-0.6121059825476627,1.2246467991473532e-16,-1.0,51.243999,-0.571478,36
2019-06-20 01:00:00,19.553666666666665,62.25033333333333,100.73866666666653,11.216666666666667,0.18645659621103308,19.82184237238889,22.771314308770954,6,0.25881904510252074,0.9659258262890683,-0.7907757369376986,-0.6121059825476627,1.2246467991473532e-16,-1.0,51.243999,-0.571478,36
2019-06-20 02:00:00,18.754999999999995,62.06716666666664,100.73766666666651,7.9,0.1642154403916349,20.938834754500395,18.06412350514118,6,0.49999999999999994,0.8660254037844387,-0.7907757369376986,-0.6121059825476627,1.2246467991473532e-16,-1.0,51.243999,-0.571478,36
2019-06-20 03:00:00,17.887999999999998,62.09466666666667,100.75600000000014,6.583333333333333,0.15669248125502389,19.11547934467064,20.638734316003468,6,0.7071067811865476,0.7071067811865476,-0.7907757369376986,-0.6121059825476627,1.2246467991473532e-16,-1.0,51.243999,-0.571478,36
2019-06-20 04:00:00,17.317333333333334,62.112666666666655,100.80166666666669,5.883333333333334,0.1574545886208001,16.798482526806996,26.624271199620086,6,0.8660254037844386,0.5000000000000001,-0.7907757369376986,-0.6121059825476627,1.2246467991473532e-16,-1.0,51.243999,-0.571478,36
2019-06-20 05:00:00,16.89083333333334,62.15666666666667,100.84316666666672,6.866666666666666,0.16565594524314656,15.542258375225291,35.853245034848314,6,0.9659258262890683,0.25881904510252074,-0.7907757369376986,-0.6121059825476627,1.2246467991473532e-16,-1.0,51.243999,-0.571478,36
2019-06-20 06:00:00,16.65066666666667,62.184333333333306,100.89149999999992,7.133333333333334,0.20260019469737892,18.3132159315406,41.58415273775437,6,1.0,6.123233995736766e-17,-0.7907757369376986,-0.6121059825476627,1.2246467991473532e-16,-1.0,51.243999,-0.571478,36
2019-06-20 07:00:00,16.9245,62.349333333333306,100.92599999999996,6.166666666666667,0.22188094359596067,20.12636733691607,41.0299979524183,6,0.9659258262890683,-0.25881904510252063,-0.7907757369376986,-0.6121059825476627,1.2246467991473532e-16,-1.0,51.243999,-0.571478,36
2019-06-20 08:00:00,17.757166666666667,62.43516666666664,100.95233333333331,5.283333333333333,0.20875663936730493,26.580771542111442,42.442607139374864,6,0.8660254037844387,-0.4999999999999998,-0.7907757369376986,-0.6121059825476627,1.2246467991473532e-16,-1.0,51.243999,-0.571478,36
2019-06-20 09:00:00,18.867500000000003,62.27999999999999,100.97316666666659,3.2666666666666666,0.1788285675851375,27.162470290938753,30.49302095213853,6,0.7071067811865476,-0.7071067811865475,-0.7907757369376986,-0.6121059825476627,1.2246467991473532e-16,-1.0,51.243999,-0.571478,36
2019-06-20 10:00:00,20.110833333333332,62.054500000000026,100.99900000000007,4.583333333333333,0.1721224534505251,31.044614920648097,24.663698019345308,6,0.49999999999999994,-0.8660254037844387,-0.7907757369376986,-0.6121059825476627,1.2246467991473532e-16,-1.0,51.243999,-0.571478,36
2019-06-20 11:00:00,21.126000000000012,61.77666666666667,101.04800000000017,3.8833333333333333,0.17384985219251423,32.62999667807661,24.854245184805084,6,0.258819045102521,-0.9659258262890682,-0.7907757369376986,-0.6121059825476627,1.2246467991473532e-16,-1.0,51.243999,-0.571478,36
2019-06-20 12:00:00,21.978999999999992,61.78783333333332,101.06250000000009,3.5833333333333335,0.18581501058591499,31.746040285460364,31.277200518282747,6,1.2246467991473532e-16,-1.0,-0.7907757369376986,-0.6121059825476627,1.2246467991473532e-16,-1.0,51.243999,-0.571478,36
2019-06-20 13:00:00,22.15666666666666,61.54983333333333,101.09133333333334,2.95,0.2134090416232907,28.84304897163562,32.49504326354188,6,-0.2588190451025208,-0.9659258262890683,-0.7907757369376986,-0.6121059825476627,1.2246467991473532e-16,-1.0,51.243999,-0.571478,36
2019-06-20 14:00:00,22.4705,61.66683333333332,101.10599999999991,2.783333333333333,0.19575231561400502,24.536979185799048,32.64747646642315,6,-0.4999999999999997,-0.8660254037844388,-0.7907757369376986,-0.6121059825476627,1.2246467991473532e-16,-1.0,51.243999,-0.571478,36
2019-06-20 15:00:00,23.282833333333325,61.576499999999996,101.10583333333322,2.05,0.18674725567839898,28.955282237827348,24.343335465634564,6,-0.7071067811865471,-0.7071067811865479,-0.7907757369376986,-0.6121059825476627,1.2246467991473532e-16,-1.0,51.243999,-0.571478,36
2019-06-20 16:00:00,23.42500000000001,61.287166666666685,101.11433333333329,1.2333333333333334,0.21679902695235453,26.40056500766415,22.820974128268123,6,-0.8660254037844385,-0.5000000000000004,-0.7907757369376986,-0.6121059825476627,1.2246467991473532e-16,-1.0,51.243999,-0.571478,36
2019-06-20 17:00:00,22.926333333333332,61.27283333333337,101.16066666666673,1.7,0.2120457747484198,18.83710574900614,25.652781141947013,6,-0.9659258262890683,-0.25881904510252063,-0.7907757369376986,-0.6121059825476627,1.2246467991473532e-16,-1.0,51.243999,-0.571478,36
2019-06-20 18:00:00,22.099666666666668,61.30616666666666,101.1929999999999,1.35,0.21043320573132857,17.103932384544578,27.233790089459134,6,-1.0,-1.8369701987210297e-16,-0.7907757369376986,-0.6121059825476627,1.2246467991473532e-16,-1.0,51.243999,-0.571478,36
2019-06-20 19:00:00,21.727333333333327,61.28950000000001,101.21549999999996,1.1666666666666667,0.20724020605198076,15.497660739460992,31.118426469524834,6,-0.9659258262890684,0.2588190451025203,-0.7907757369376986,-0.6121059825476627,1.2246467991473532e-16,-1.0,51.243999,-0.571478,36
2019-06-20 20:00:00,21.251166666666652,61.47166666666667,101.2456666666667,1.95,0.24059657077848198,13.636299495670478,31.7310766902621,6,-0.8660254037844386,0.5000000000000001,-0.7907757369376986,-0.6121059825476627,1.2246467991473532e-16,-1.0,51.243999,-0.571478,36
2019-06-20 21:00:00,20.66083333333334,61.34666666666671,101.27583333333335,0.9166666666666666,0.20039087195435312,13.545400179553948,25.678441129960294,6,-0.7071067811865477,0.7071067811865474,-0.7907757369376986,-0.6121059825476627,1.2246467991473532e-16,-1.0,51.243999,-0.571478,36
2019-06-20 22:00:00,19.972833333333327,61.239,101.31316666666659,1.1833333333333333,0.18849840607306473,11.482372551656637,26.57059581457345,6,-0.5000000000000004,0.8660254037844384,-0.7907757369376986,-0.6121059825476627,1.2246467991473532e-16,-1.0,51.243999,-0.571478,36
2019-06-20 23:00:00,19.2635,61.26550000000001,101.35633333333331,1.1666666666666667,0.1820974840881838,11.58682640609842,26.871894220524304,6,-0.25881904510252157,0.9659258262890681,-0.7907757369376986,-0.6121059825476627,1.2246467991473532e-16,-1.0,51.243999,-0.571478,36
2019-06-21 00:00:00,18.400333333333332,61.24849999999999,101.3946666666666,1.2166666666666666,0.14999471308217036,14.727858367068853,25.82678509071991,6,0.0,1.0,-0.8978045395707417,-0.44039415155763423,1.2246467991473532e-16,-1.0,51.243999,-0.571478,36
2019-06-21 01:00:00,17.579833333333333,61.24900000000002,101.41633333333337,11.6,0.14413378762721765,15.293651533171465,23.382383273580224,6,0.25881904510252074,0.9659258262890683,-0.8978045395707417,-0.44039415155763423,1.2246467991473532e-16,-1.0,51.243999,-0.571478,36
2019-06-21 02:00:00,17.026833333333332,61.210666666666654,101.45233333333337,1.1166666666666667,0.12573610433934662,13.28253621270242,26.080978026535146,6,0.49999999999999994,0.8660254037844387,-0.8978045395707417,-0.44039415155763423,1.2246467991473532e-16,-1.0,51.243999,-0.571478,36
2019-06-21 03:00:00,16.4445,61.043499999999995,101.47233333333324,1.3333333333333333,0.13126685795986134,12.222474389166248,27.949228744414224,6,0.7071067811865476,0.7071067811865476,-0.8978045395707417,-0.44039415155763423,1.2246467991473532e-16,-1.0,51.243999,-0.571478,36
2019-06-21 04:00:00,15.919,60.85149999999998,101.50150000000014,1.5,0.1357110011156939,11.664962405964454,30.002854146044335,6,0.8660254037844386,0.5000000000000001,-0.8978045395707417,-0.44039415155763423,1.2246467991473532e-16,-1.0,51.243999,-0.571478,36
2019-06-21 05:00:00,15.318999999999999,60.85716666666664,101.53433333333338,1.4833333333333334,0.15695824251848142,12.100085193670102,33.4187855874515,6,0.9659258262890683,0.25881904510252074,-0.8978045395707417,-0.44039415155763423,1.2246467991473532e-16,-1.0,51.243999,-0.571478,36
2019-06-21 06:00:00,15.464666666666664,61.3305,101.57716666666671,2.55,0.14956318495482313,11.975020458442891,40.71433467782847,6,1.0,6.123233995736766e-17,-0.8978045395707417,-0.44039415155763423,1.2246467991473532e-16,-1.0,51.243999,-0.571478,36
2019-06-21 07:00:00,16.4855,61.32350000000002,101.62500000000009,2.8,0.19959969340378897,19.324060757797664,47.66993211089173,6,0.9659258262890683,-0.25881904510252063,-0.8978045395707417,-0.44039415155763423,1.2246467991473532e-16,-1.0,51.243999,-0.571478,36
2019-06-21 08:00:00,17.740000000000002,61.277833333333355,101.64633333333337,3.2666666666666666,0.7647057302304744,23.385314247431083,39.661512095606575,6,0.8660254037844387,-0.4999999999999998,-0.8978045395707417,-0.44039415155763423,1.2246467991473532e-16,-1.0,51.243999,-0.571478,36
2019-06-21 09:00:00,19.425833333333333,61.147666666666694,101.6658333333334,3.283333333333333,0.3724753844532002,29.95958354441338,35.02112367442326,6,0.7071067811865476,-0.7071067811865475,-0.8978045395707417,-0.44039415155763423,1.2246467991473532e-16,-1.0,51.243999,-0.571478,36
2019-06-21 10:00:00,21.161833333333323,60.655166666666666,101.68866666666653,2.8666666666666667,0.21345039312837938,35.54967322591866,34.88847225449722,6,0.49999999999999994,-0.8660254037844387,-0.8978045395707417,-0.44039415155763423,1.2246467991473532e-16,-1.0,51.243999,-0.571478,36
2019-06-21 11:00:00,22.23916666666667,60.4326666666667,101.70533333333331,1.6833333333333333,0.2172861657244762,34.45606029820993,28.351053883620192,6,0.258819045102521,-0.9659258262890682,-0.8978045395707417,-0.44039415155763423,1.2246467991473532e-16,-1.0,51.243999,-0.571478,36
2019-06-21 12:00:00,23.52183333333333,60.24983333333333,101.71600000000002,1.95,0.2279108311261042,36.97459608937516,28.943135328189474,6,1.2246467991473532e-16,-1.0,-0.8978045395707417,-0.44039415155763423,1.2246467991473532e-16,-1.0,51.243999,-0.571478,36
2019-06-21 13:00:00,24.84033333333333,60.00516666666668,101.72150000000002,2.5166666666666666,0.2074526672332987,38.27003784574487,26.231518864719053,6,-0.2588190451025208,-0.9659258262890683,-0.8978045395707417,-0.44039415155763423,1.2246467991473532e-16,-1.0,51.243999,-0.571478,36
2019-06-21 14:00:00,26.4505,59.67566666666671,101.71050000000004,1.8666666666666667,0.22762452506138506,39.28114431332221,25.096798141974208,6,-0.4999999999999997,-0.8660254037844388,-0.8978045395707417,-0.44039415155763423,1.2246467991473532e-16,-1.0,51.243999,-0.571478,36
2019-06-21 15:00:00,29.138,59.357499999999995,101.72516666666652,1.6166666666666667,0.2147765163993833,46.05169513857024,21.367029403960082,6,-0.7071067811865471,-0.7071067811865479,-0.8978045395707417,-0.44039415155763423,1.2246467991473532e-16,-1.0,51.243999,-0.571478,36
2019-06-21 16:00:00,30.323833333333333,58.845666666666666,101.74566666666664,2.3,0.2173436969880655,54.47307233346772,23.86685900215525,6,-0.8660254037844385,-0.5000000000000004,-0.8978045395707417,-0.44039415155763423,1.2246467991473532e-16,-1.0,51.243999,-0.571478,36
2019-06-21 17:00:00,29.598000000000006,58.842499999999994,101.7656666666668,2.566666666666667,0.2625080494682883,44.524748807791255,17.39363260612596,6,-0.9659258262890683,-0.25881904510252063,-0.8978045395707417,-0.44039415155763423,1.2246467991473532e-16,-1.0,51.243999,-0.571478,36
2019-06-21 18:00:00,27.965833333333332,58.89050000000002,101.77683333333336,3.35,0.27745647596645884,21.565592130761708,25.860886522212393,6,-1.0,-1.8369701987210297e-16,-0.8978045395707417,-0.44039415155763423,1.2246467991473532e-16,-1.0,51.243999,-0.571478,36
2019-06-21 19:00:00,26.660833333333336,58.71516666666666,101.80850000000004,2.5,0.23887601642354198,15.391767737974401,26.778712515774878,6,-0.9659258262890684,0.2588190451025203,-0.8978045395707417,-0.44039415155763423,1.2246467991473532e-16,-1.0,51.243999,-0.571478,36
2019-06-21 20:00:00,24.953000000000007,58.92250000000001,101.867,2.6666666666666665,0.23242271974558656,13.073213583938218,26.817242179737978,6,-0.8660254037844386,0.5000000000000001,-0.8978045395707417,-0.44039415155763423,1.2246467991473532e-16,-1.0,51.243999,-0.571478,36
2019-06-21 21:00:00,23.28283333333333,58.850833333333334,101.87533333333333,4.2,0.22558425169440532,10.542430574721472,27.45316993098724,6,-0.7071067811865477,0.7071067811865474,-0.8978045395707417,-0.44039415155763423,1.2246467991473532e-16,-1.0,51.243999,-0.571478,36
2019-06-21 22:00:00,21.679333333333332,58.82800000000001,101.88366666666678,5.533333333333333,0.23567276180373448,9.29600237224862,29.426325900184644,6,-0.5000000000000004,0.8660254037844384,-0.8978045395707417,-0.44039415155763423,1.2246467991473532e-16,-1.0,51.243999,-0.571478,36
2019-06-21 23:00:00,20.379999999999995,58.741499999999995,101.89166666666675,10.05,0.23389964069383865,10.505680773372962,37.75459838508655,6,-0.25881904510252157,0.9659258262890681,-0.8978045395707417,-0.44039415155763423,1.2246467991473532e-16,-1.0,51.243999,-0.571478,36
2019-06-22 00:00:00,19.048999999999996,58.66166666666664,101.89549999999994,4.633333333333334,0.2183593376775117,10.618831429845136,34.55484145897938,6,0.0,1.0,-0.9680771188662041,-0.2506525322587213,1.2246467991473532e-16,-1.0,51.243999,-0.571478,36
2019-06-22 01:00:00,17.91716666666667,58.656833333333346,101.89683333333339,3.9166666666666665,0.2060612662028191,11.476477097341675,28.747173504633434,6,0.25881904510252074,0.9659258262890683,-0.9680771188662041,-0.2506525322587213,1.2246467991473532e-16,-1.0,51.243999,-0.571478,36
2019-06-22 02:00:00,16.914833333333334,58.566833333333335,101.8890000000001,4.05,0.1876020416320757,13.144875040465015,26.830544301636035,6,0.49999999999999994,0.8660254037844387,-0.9680771188662041,-0.2506525322587213,1.2246467991473532e-16,-1.0,51.243999,-0.571478,36
2019-06-22 03:00:00,16.10683333333333,58.66216666666666,101.88316666666678,3.8333333333333335,0.18610980229376128,13.167199012412658,28.240560030529917,6,0.7071067811865476,0.7071067811865476,-0.9680771188662041,-0.2506525322587213,1.2246467991473532e-16,-1.0,51.243999,-0.571478,36
2019-06-22 04:00:00,15.233499999999996,58.279,101.8933333333334,3.8833333333333333,0.18157691490857014,15.458268857710932,25.657945943607906,6,0.8660254037844386,0.5000000000000001,-0.9680771188662041,-0.2506525322587213,1.2246467991473532e-16,-1.0,51.243999,-0.571478,36
2019-06-22 05:00:00,14.492999999999999,58.548333333333304,101.88433333333342,4.716666666666667,0.1730640979350877,14.9997635708692,29.238198672163694,6,0.9659258262890683,0.25881904510252074,-0.9680771188662041,-0.2506525322587213,1.2246467991473532e-16,-1.0,51.243999,-0.571478,36
2019-06-22 06:00:00,14.868999999999998,59.018166666666644,101.88916666666668,7.266666666666667,0.19666920739608448,15.216828040198351,34.6586894272486,6,1.0,6.123233995736766e-17,-0.9680771188662041,-0.2506525322587213,1.2246467991473532e-16,-1.0,51.243999,-0.571478,36
2019-06-22 07:00:00,16.423833333333334,59.048333333333325,101.90283333333326,9.883333333333333,0.16707037041917586,15.848030102452759,30.590667695147864,6,0.9659258262890683,-0.25881904510252063,-0.9680771188662041,-0.2506525322587213,1.2246467991473532e-16,-1.0,51.243999,-0.571478,36
2019-06-22 08:00:00,17.971000000000004,59.01966666666666,101.93733333333324,5.866666666666666,0.1651811857322949,20.863505293958546,24.020186896128347,6,0.8660254037844387,-0.4999999999999998,-0.9680771188662041,-0.2506525322587213,1.2246467991473532e-16,-1.0,51.243999,-0.571478,36
2019-06-22 09:00:00,19.889833333333335,58.93883333333334,101.93116666666673,2.9166666666666665,0.17230051809488664,25.652743921701042,19.929931006007052,6,0.7071067811865476,-0.7071067811865475,-0.9680771188662041,-0.2506525322587213,1.2246467991473532e-16,-1.0,51.243999,-0.571478,36
2019-06-22 10:00:00,21.728333333333335,58.56883333333331,101.9156666666666,2.0833333333333335,0.16307410393084446,28.933988271890936,20.373297886118067,6,0.49999999999999994,-0.8660254037844387,-0.9680771188662041,-0.2506525322587213,1.2246467991473532e-16,-1.0,51.243999,-0.571478,36
2019-06-22 11:00:00,23.2195,58.259499999999974,101.88633333333335,1.2333333333333334,0.14961357500845554,31.812740783742395,17.684496220815824,6,0.258819045102521,-0.9659258262890682,-0.9680771188662041,-0.2506525322587213,1.2246467991473532e-16,-1.0,51.243999,-0.571478,36
2019-06-22 12:00:00,24.487833333333334,58.17100000000001,101.8731666666666,2.183333333333333,0.2075484071711887,34.34049371438599,26.184987437919524,6,1.2246467991473532e-16,-1.0,-0.9680771188662041,-0.2506525322587213,1.2246467991473532e-16,-1.0,51.243999,-0.571478,36
2019-06-22 13:00:00,25.893833333333337,58.0998333333333,101.82783333333336,1.85,0.17026751979917507,30.68714680632713,27.768016393293404,6,-0.2588190451025208,-0.9659258262890683,-0.9680771188662041,-0.2506525322587213,1.2246467991473532e-16,-1.0,51.243999,-0.571478,36
2019-06-22 14:00:00,27.3935,57.68483333333334,101.78350000000002,2.216666666666667,0.17528513645288388,28.939250978480366,26.26975353493083,6,-0.4999999999999997,-0.8660254037844388,-0.9680771188662041,-0.2506525322587213,1.2246467991473532e-16,-1.0,51.243999,-0.571478,36
2019-06-22 15:00:00,29.518833333333326,57.432166666666674,101.74883333333327,2.3666666666666667,0.16621624795199888,27.838591245851326,27.648631668065082,6,-0.7071067811865471,-0.7071067811865479,-0.9680771188662041,-0.2506525322587213,1.2246467991473532e-16,-1.0,51.243999,-0.571478,36
2019-06-22 16:00:00,29.899999999999995,57.478833333333334,101.73466666666663,2.9166666666666665,0.1815901497182213,28.65842171079105,23.198181403322998,6,-0.8660254037844385,-0.5000000000000004,-0.9680771188662041,-0.2506525322587213,1.2246467991473532e-16,-1.0,51.243999,-0.571478,36
2019-06-22 17:00:00,32.003333333333345,57.26199999999999,101.67683333333338,3.1,0.1983836565112162,39.796403982194896,16.675447086786114,6,-0.9659258262890683,-0.25881904510252063,-0.9680771188662041,-0.2506525322587213,1.2246467991473532e-16,-1.0,51.243999,-0.571478,36
2019-06-22 18:00:00,34.1925,56.589833333333345,101.66066666666664,3.783333333333333,0.2094072810011376,34.58485524939191,23.38739384430678,6,-1.0,-1.8369701987210297e-16,-0.9680771188662041,-0.2506525322587213,1.2246467991473532e-16,-1.0,51.243999,-0.571478,36
2019-06-22 19:00:00,32.73516666666667,56.5055,101.66866666666661,3.8833333333333333,0.20933649746772612,27.15536743094608,19.94600904054168,6,-0.9659258262890684,0.2588190451025203,-0.9680771188662041,-0.2506525322587213,1.2246467991473532e-16,-1.0,51.243999,-0.571478,36
2019-06-22 20:00:00,28.15683333333333,57.26133333333334,101.71583333333338,3.6,0.24431790359350083,13.6228954026192,24.000379165698313,6,-0.8660254037844386,0.5000000000000001,-0.9680771188662041,-0.2506525322587213,1.2246467991473532e-16,-1.0,51.243999,-0.571478,36
2019-06-22 21:00:00,24.995166666666663,57.62116666666669,101.72799999999987,2.75,0.2222353035873513,11.353993073931868,29.354581197586114,6,-0.7071067811865477,0.7071067811865474,-0.9680771188662041,-0.2506525322587213,1.2246467991473532e-16,-1.0,51.243999,-0.571478,36
2019-06-22 22:00:00,22.730666666666664,57.28999999999996,101.72283333333331,5.383333333333334,0.2507854070306288,9.883605199466441,34.7247683225993,6,-0.5000000000000004,0.8660254037844384,-0.9680771188662041,-0.2506525322587213,1.2246467991473532e-16,-1.0,51.243999,-0.571478,36
2019-06-22 23:00:00,20.93816666666667,56.90533333333336,101.71183333333337,7.383333333333334,0.25968788846135255,10.478780677864787,36.29236124543068,6,-0.25881904510252157,0.9659258262890681,-0.9680771188662041,-0.2506525322587213,1.2246467991473532e-16,-1.0,51.243999,-0.571478,36
2019-06-23 00:00:00,19.65833333333334,56.67583333333335,101.69749999999993,7.5,0.21587488337923486,9.840116263682658,28.010357617081713,6,0.0,1.0,-0.9987165071710528,-0.05064916883871355,1.2246467991473532e-16,-1.0,51.243999,-0.571478,36
2019-06-23 01:00:00,18.513333333333325,56.433333333333344,101.63899999999997,9.233333333333333,0.19599898709045463,12.290531577331944,24.779525309644878,6,0.25881904510252074,0.9659258262890683,-0.9987165071710528,-0.05064916883871355,1.2246467991473532e-16,-1.0,51.243999,-0.571478,36
2019-06-23 02:00:00,17.539,56.34716666666666,101.61399999999996,9.35,0.1876145896749992,12.999718425123309,23.8760298303913,6,0.49999999999999994,0.8660254037844387,-0.9987165071710528,-0.05064916883871355,1.2246467991473532e-16,-1.0,51.243999,-0.571478,36
2019-06-23 03:00:00,16.791499999999996,56.300333333333356,101.60149999999997,10.533333333333333,0.1820386433117661,14.528142893150005,23.520048761215776,6,0.7071067811865476,0.7071067811865476,-0.9987165071710528,-0.05064916883871355,1.2246467991473532e-16,-1.0,51.243999,-0.571478,36
2019-06-23 04:00:00,16.464333333333332,56.20666666666663,101.57066666666674,12.166666666666666,0.19041873970508771,15.99833094416035,23.899995875930053,6,0.8660254037844386,0.5000000000000001,-0.9987165071710528,-0.05064916883871355,1.2246467991473532e-16,-1.0,51.243999,-0.571478,36
2019-06-23 05:00:00,16.293999999999997,56.26800000000003,101.53833333333331,14.666666666666666,0.20537829415227027,15.439021811394367,29.772947040113404,6,0.9659258262890683,0.25881904510252074,-0.9987165071710528,-0.05064916883871355,1.2246467991473532e-16,-1.0,51.243999,-0.571478,36
2019-06-23 06:00:00,16.832333333333338,56.40316666666667,101.51916666666678,19.983333333333334,0.20339769382986106,14.965526919712596,29.38535318164396,6,1.0,6.123233995736766e-17,-0.9987165071710528,-0.05064916883871355,1.2246467991473532e-16,-1.0,51.243999,-0.571478,36
2019-06-23 07:00:00,18.102333333333338,56.43033333333334,101.50133333333342,24.45,0.2369440892379459,19.07559592940695,32.342352488227625,6,0.9659258262890683,-0.25881904510252063,-0.9987165071710528,-0.05064916883871355,1.2246467991473532e-16,-1.0,51.243999,-0.571478,36
2019-06-23 08:00:00,19.91716666666667,56.53650000000001,101.51100000000014,24.733333333333334,0.2496244278774142,19.76874111221681,32.29820284514773,6,0.8660254037844387,-0.4999999999999998,-0.9987165071710528,-0.05064916883871355,1.2246467991473532e-16,-1.0,51.243999,-0.571478,36
2019-06-23 09:00:00,22.406666666666677,56.598833333333346,101.50500000000007,30.4,0.29051158553726814,25.294443007822416,32.74640707795575,6,0.7071067811865476,-0.7071067811865475,-0.9987165071710528,-0.05064916883871355,1.2246467991473532e-16,-1.0,51.243999,-0.571478,36
2019-06-23 10:00:00,24.831166666666668,56.48666666666668,101.46699999999991,22.6,0.3089575869384742,30.627184671080666,34.79318935446473,6,0.49999999999999994,-0.8660254037844387,-0.9987165071710528,-0.05064916883871355,1.2246467991473532e-16,-1.0,51.243999,-0.571478,36
2019-06-23 11:00:00,26.812333333333335,56.422666666666665,101.42616666666665,24.166666666666668,0.3122057432981496,31.80223195906382,34.8741331717093,6,0.258819045102521,-0.9659258262890682,-0.9987165071710528,-0.05064916883871355,1.2246467991473532e-16,-1.0,51.243999,-0.571478,36
2019-06-23 12:00:00,28.46816666666667,56.36883333333336,101.37950000000001,24.25,0.3132972076903819,33.66382073572966,34.12080092647202,6,1.2246467991473532e-16,-1.0,-0.9987165071710528,-0.05064916883871355,1.2246467991473532e-16,-1.0,51.243999,-0.571478,36
2019-06-23 13:00:00,29.33083333333333,56.349499999999985,101.30516666666675,22.75,0.3278072791343269,34.231025791454755,31.767825635283177,6,-0.2588190451025208,-0.9659258262890683,-0.9987165071710528,-0.05064916883871355,1.2246467991473532e-16,-1.0,51.243999,-0.571478,36
2019-06-23 14:00:00,30.10633333333334,56.26149999999998,101.26316666666675,21.616666666666667,0.30901533936423015,29.935882336309405,23.929876243157505,6,-0.4999999999999997,-0.8660254037844388,-0.9987165071710528,-0.05064916883871355,1.2246467991473532e-16,-1.0,51.243999,-0.571478,36
2019-06-23 15:00:00,29.656500000000005,56.35533333333333,101.275,21.6,0.2786099239658968,23.716675277226727,17.03935016145831,6,-0.7071067811865471,-0.7071067811865479,-0.9987165071710528,-0.05064916883871355,1.2246467991473532e-16,-1.0,51.243999,-0.571478,36
2019-06-23 16:00:00,28.566666666666663,56.72333333333335,101.22716666666669,26.166666666666668,0.3577981260514537,19.61172787089963,20.435619837717717,6,-0.8660254037844385,-0.5000000000000004,-0.9987165071710528,-0.05064916883871355,1.2246467991473532e-16,-1.0,51.243999,-0.571478,36
2019-06-23 17:00:00,27.749666666666663,56.676500000000026,101.22566666666667,27.316666666666666,0.37685311493843915,18.50388246808692,33.81623159846096,6,-0.9659258262890683,-0.25881904510252063,-0.9987165071710528,-0.05064916883871355,1.2246467991473532e-16,-1.0,51.243999,-0.571478,36
2019-06-23 18:00:00,26.834000000000007,56.60433333333333,101.21499999999993,30.55,0.38196909055569456,15.254266487210291,31.097381652227067,6,-1.0,-1.8369701987210297e-16,-0.9987165071710528,-0.05064916883871355,1.2246467991473532e-16,-1.0,51.243999,-0.571478,36
2019-06-23 19:00:00,26.030500000000004,56.58866666666665,101.18166666666667,30.9,0.35206097574903017,12.657209735080365,33.231545145894685,6,-0.9659258262890684,0.2588190451025203,-0.9987165071710528,-0.05064916883871355,1.2246467991473532e-16,-1.0,51.243999,-0.571478,36
2019-06-23 20:00:00,25.421833333333332,56.63683333333333,101.16199999999999,34.016666666666666,0.3704737911851394,11.50188782027401,30.25252195595897,6,-0.8660254037844386,0.5000000000000001,-0.9987165071710528,-0.05064916883871355,1.2246467991473532e-16,-1.0,51.243999,-0.571478,36
2019-06-23 21:00:00,24.88916666666667,56.623000000000005,101.15950000000004,36.38333333333333,0.3487255883748206,12.945562620885944,29.142054313599978,6,-0.7071067811865477,0.7071067811865474,-0.9987165071710528,-0.05064916883871355,1.2246467991473532e-16,-1.0,51.243999,-0.571478,36
2019-06-23 22:00:00,24.379500000000007,56.70083333333333,101.17733333333334,46.75,0.33406810070675236,14.163273401777802,29.103849449305137,6,-0.5000000000000004,0.8660254037844384,-0.9987165071710528,-0.05064916883871355,1.2246467991473532e-16,-1.0,51.243999,-0.571478,36
2019-06-23 23:00:00,23.988,56.71466666666667,101.18283333333338,47.0,0.314014640298514,16.57597873464336,24.69563305669031,6,-0.25881904510252157,0.9659258262890681,-0.9987165071710528,-0.05064916883871355,1.2246467991473532e-16,-1.0,51.243999,-0.571478,36
2019-06-24 00:00:00,23.657166666666676,56.74149999999999,101.14366666666665,45.416666666666664,0.2784697886330992,13.710026474439628,22.226810555577536,6,0.0,1.0,-0.9884683243281114,0.15142777750457667,1.2246467991473532e-16,-1.0,51.243999,-0.571478,36
2019-06-24 01:00:00,23.213166666666655,56.77000000000002,101.11299999999997,47.416666666666664,0.2785143178893178,14.15220625924374,23.434599566341333,6,0.25881904510252074,0.9659258262890683,-0.9884683243281114,0.15142777750457667,1.2246467991473532e-16,-1.0,51.243999,-0.571478,36
2019-06-24 02:00:00,22.76349999999999,56.76016666666669,101.09649999999992,50.7,0.27527908205621515,15.333600961738178,23.430272102583142,6,0.49999999999999994,0.8660254037844387,-0.9884683243281114,0.15142777750457667,1.2246467991473532e-16,-1.0,51.243999,-0.571478,36
2019-06-24 03:00:00,22.285833333333333,56.77866666666671,101.06883333333342,47.63333333333333,0.2685936873245747,15.138977246656387,28.088773504005193,6,0.7071067811865476,0.7071067811865476,-0.9884683243281114,0.15142777750457667,1.2246467991473532e-16,-1.0,51.243999,-0.571478,36
2019-06-24 04:00:00,21.941166666666675,56.72400000000003,101.04133333333338,55.36666666666667,0.2879341616482402,15.489975098517643,31.171258961485037,6,0.8660254037844386,0.5000000000000001,-0.9884683243281114,0.15142777750457667,1.2246467991473532e-16,-1.0,51.243999,-0.571478,36
2019-06-24 05:00:00,21.637666666666682,56.91766666666664,101.06916666666667,60.2,0.2984995672293454,16.145197076811044,36.92252135465029,6,0.9659258262890683,0.25881904510252074,-0.9884683243281114,0.15142777750457667,1.2246467991473532e-16,-1.0,51.243999,-0.571478,36
2019-06-24 06:00:00,22.040666666666663,57.12850000000001,101.059,63.46666666666667,0.36270197805069826,21.3290420619553,44.10987136667907,6,1.0,6.123233995736766e-17,-0.9884683243281114,0.15142777750457667,1.2246467991473532e-16,-1.0,51.243999,-0.571478,36
2019-06-24 07:00:00,23.25183333333333,57.30916666666666,101.11133333333332,50.416666666666664,0.4116857022063508,19.026199469992815,47.22447985765506,6,0.9659258262890683,-0.25881904510252063,-0.9884683243281114,0.15142777750457667,1.2246467991473532e-16,-1.0,51.243999,-0.571478,36
2019-06-24 08:00:00,25.321833333333327,57.336833333333324,101.15666666666674,23.283333333333335,0.27863121955451303,24.01746769473057,30.713442738158484,6,0.8660254037844387,-0.4999999999999998,-0.9884683243281114,0.15142777750457667,1.2246467991473532e-16,-1.0,51.243999,-0.571478,36
2019-06-24 09:00:00,26.646166666666662,57.240333333333346,101.21266666666654,19.216666666666665,0.2917252245663508,26.373917530933724,32.46676163919057,6,0.7071067811865476,-0.7071067811865475,-0.9884683243281114,0.15142777750457667,1.2246467991473532e-16,-1.0,51.243999,-0.571478,36
2019-06-24 10:00:00,27.632666666666655,57.483,101.23483333333336,21.183333333333334,0.33736598945361745,34.32938123674809,49.88196895825251,6,0.49999999999999994,-0.8660254037844387,-0.9884683243281114,0.15142777750457667,1.2246467991473532e-16,-1.0,51.243999,-0.571478,36
2019-06-24 11:00:00,28.208666666666662,57.34166666666666,101.33349999999996,20.683333333333334,0.3168047407109693,27.499399539701166,36.59598831534061,6,0.258819045102521,-0.9659258262890682,-0.9884683243281114,0.15142777750457667,1.2246467991473532e-16,-1.0,51.243999,-0.571478,36
2019-06-24 12:00:00,28.62366666666667,57.45166666666664,101.39549999999998,23.266666666666666,0.3147790174865259,20.708259939189265,35.609719719297885,6,1.2246467991473532e-16,-1.0,-0.9884683243281114,0.15142777750457667,1.2246467991473532e-16,-1.0,51.243999,-0.571478,36
2019-06-24 13:00:00,28.949000000000012,57.424500000000016,101.41399999999999,21.766666666666666,0.28047800512604276,22.440647041097687,29.09257351342543,6,-0.2588190451025208,-0.9659258262890683,-0.9884683243281114,0.15142777750457667,1.2246467991473532e-16,-1.0,51.243999,-0.571478,36
2019-06-24 14:00:00,28.88866666666666,57.45066666666664,101.41666666666664,23.933333333333334,0.2961908088122252,23.506652028755507,27.57179102141325,6,-0.4999999999999997,-0.8660254037844388,-0.9884683243281114,0.15142777750457667,1.2246467991473532e-16,-1.0,51.243999,-0.571478,36
2019-06-24 15:00:00,29.30550000000001,57.58983333333331,101.37566666666673,18.816666666666666,0.3360384693689303,25.867960087639897,33.99486799363158,6,-0.7071067811865471,-0.7071067811865479,-0.9884683243281114,0.15142777750457667,1.2246467991473532e-16,-1.0,51.243999,-0.571478,36
2019-06-24 16:00:00,29.81983333333333,57.19733333333332,101.38816666666676,17.25,0.2894391410913594,25.310778994609567,29.58018226873435,6,-0.8660254037844385,-0.5000000000000004,-0.9884683243281114,0.15142777750457667,1.2246467991473532e-16,-1.0,51.243999,-0.571478,36
2019-06-24 17:00:00,29.759499999999992,56.9801666666667,101.3851666666667,19.133333333333333,0.2823606073284401,19.520043012137425,22.103089340817792,6,-0.9659258262890683,-0.25881904510252063,-0.9884683243281114,0.15142777750457667,1.2246467991473532e-16,-1.0,51.243999,-0.571478,36
2019-06-24 18:00:00,28.830000000000005,57.325333333333305,101.42183333333332,25.3,0.31049223121219705,13.469268476655666,27.74638315136888,6,-1.0,-1.8369701987210297e-16,-0.9884683243281114,0.15142777750457667,1.2246467991473532e-16,-1.0,51.243999,-0.571478,36
2019-06-24 19:00:00,27.959666666666667,57.48183333333331,101.5073333333335,20.883333333333333,0.2940940459718616,13.451699230968822,24.334695101073738,6,-0.9659258262890684,0.2588190451025203,-0.9884683243281114,0.15142777750457667,1.2246467991473532e-16,-1.0,51.243999,-0.571478,36
2019-06-24 20:00:00,26.70216666666666,57.473499999999994,101.51433333333337,18.016666666666666,0.2779537416377861,14.072953852365178,23.059723291436384,6,-0.8660254037844386,0.5000000000000001,-0.9884683243281114,0.15142777750457667,1.2246467991473532e-16,-1.0,51.243999,-0.571478,36
2019-06-24 21:00:00,25.310000000000006,57.59283333333331,101.5421666666667,18.933333333333334,0.2798578256706244,12.1056657178009,24.8498697675425,6,-0.7071067811865477,0.7071067811865474,-0.9884683243281114,0.15142777750457667,1.2246467991473532e-16,-1.0,51.243999,-0.571478,36
2019-06-24 22:00:00,24.253333333333337,57.68550000000004,101.58383333333333,19.566666666666666,0.24110609348988182,13.336615375200251,29.276479495383068,6,-0.5000000000000004,0.8660254037844384,-0.9884683243281114,0.15142777750457667,1.2246467991473532e-16,-1.0,51.243999,-0.571478,36
2019-06-24 23:00:00,23.595166666666675,57.75833333333333,101.5588333333334,19.3,0.22042613304430717,12.875515434637745,26.06305998404338,6,-0.25881904510252157,0.9659258262890681,-0.9884683243281114,0.15142777750457667,1.2246467991473532e-16,-1.0,51.243999,-0.571478,36
2019-06-25 00:00:00,23.072999999999993,57.679333333333346,101.55650000000001,22.983333333333334,0.21213898878156554,12.3175737397204,23.986246225252554,6,0.0,1.0,-0.9377521321470804,0.3473052528448203,1.2246467991473532e-16,-1.0,51.243999,-0.571478,36
2019-06-25 01:00:00,22.615666666666666,57.88649999999997,101.45466666666654,27.633333333333333,0.21656774370665147,14.116805547025558,23.811396065611344,6,0.25881904510252074,0.9659258262890683,-0.9377521321470804,0.3473052528448203,1.2246467991473532e-16,-1.0,51.243999,-0.571478,36
2019-06-25 02:00:00,22.35483333333333,58.01466666666667,101.4268333333333,33.9,0.22944821664668077,13.066660203511415,24.04632536005662,6,0.49999999999999994,0.8660254037844387,-0.9377521321470804,0.3473052528448203,1.2246467991473532e-16,-1.0,51.243999,-0.571478,36
2019-06-25 03:00:00,22.27733333333332,58.176166666666674,101.40233333333332,31.266666666666666,0.22429566779114551,15.612919459752877,26.673523389079033,6,0.7071067811865476,0.7071067811865476,-0.9377521321470804,0.3473052528448203,1.2246467991473532e-16,-1.0,51.243999,-0.571478,36
2019-06-25 04:00:00,22.29200000000001,58.09483333333335,101.3966666666667,33.583333333333336,0.22503522243599028,16.872775524733694,25.991722694767123,6,0.8660254037844386,0.5000000000000001,-0.9377521321470804,0.3473052528448203,1.2246467991473532e-16,-1.0,51.243999,-0.571478,36
2019-06-25 05:00:00,21.804999999999986,58.42983333333336,101.3488333333334,37.25,0.25058746689156236,20.991718641151827,32.27982943442918,6,0.9659258262890683,0.25881904510252074,-0.9377521321470804,0.3473052528448203,1.2246467991473532e-16,-1.0,51.243999,-0.571478,36
2019-06-25 06:00:00,21.881166666666683,58.85266666666664,101.36900000000006,41.46666666666667,0.34507635442609835,42.34030780253636,48.9974956344735,6,1.0,6.123233995736766e-17,-0.9377521321470804,0.3473052528448203,1.2246467991473532e-16,-1.0,51.243999,-0.571478,36
2019-06-25 07:00:00,22.13083333333332,59.19050000000003,101.40833333333336,42.28333333333333,0.4120784454737526,40.43800532386812,56.792403859951605,6,0.9659258262890683,-0.25881904510252063,-0.9377521321470804,0.3473052528448203,1.2246467991473532e-16,-1.0,51.243999,-0.571478,36
2019-06-25 08:00:00,22.758500000000005,59.511,101.43400000000001,43.05,0.48429033727779475,41.15726272260709,60.29820433890124,6,0.8660254037844387,-0.4999999999999998,-0.9377521321470804,0.3473052528448203,1.2246467991473532e-16,-1.0,51.243999,-0.571478,36
2019-06-25 09:00:00,23.739166666666677,59.79533333333333,101.44449999999996,38.516666666666666,0.35381241132648983,25.391598923949367,39.20891707287196,6,0.7071067811865476,-0.7071067811865475,-0.9377521321470804,0.3473052528448203,1.2246467991473532e-16,-1.0,51.243999,-0.571478,36
2019-06-25 10:00:00,24.91233333333334,59.95800000000001,101.47449999999989,26.866666666666667,0.3199640480802596,35.46325440563975,34.71669468017879,6,0.49999999999999994,-0.8660254037844387,-0.9377521321470804,0.3473052528448203,1.2246467991473532e-16,-1.0,51.243999,-0.571478,36
2019-06-25 11:00:00,26.22933333333334,59.80683333333334,101.5285,25.35,0.34570759198984463,38.29945676825427,30.468337809091416,6,0.258819045102521,-0.9659258262890682,-0.9377521321470804,0.3473052528448203,1.2246467991473532e-16,-1.0,51.243999,-0.571478,36
2019-06-25 12:00:00,27.49400000000002,59.780333333333324,101.54700000000015,22.05,0.3554618969652246,35.342195307724026,23.358970300253855,6,1.2246467991473532e-16,-1.0,-0.9377521321470804,0.3473052528448203,1.2246467991473532e-16,-1.0,51.243999,-0.571478,36
2019-06-25 13:00:00,28.100833333333345,59.94933333333335,101.57549999999999,17.85,0.343004792432608,31.441859779337243,22.814753588536686,6,-0.2588190451025208,-0.9659258262890683,-0.9377521321470804,0.3473052528448203,1.2246467991473532e-16,-1.0,51.243999,-0.571478,36
2019-06-25 14:00:00,28.54050000000001,60.05199999999998,101.61783333333332,23.233333333333334,0.39957627623967223,37.275050360801714,34.632762795141026,6,-0.4999999999999997,-0.8660254037844388,-0.9377521321470804,0.3473052528448203,1.2246467991473532e-16,-1.0,51.243999,-0.571478,36
2019-06-25 15:00:00,28.187833333333305,60.1685,101.6483333333333,29.45,0.4379114902201079,31.584824267072005,38.25339305548029,6,-0.7071067811865471,-0.7071067811865479,-0.9377521321470804,0.3473052528448203,1.2246467991473532e-16,-1.0,51.243999,-0.571478,36
2019-06-25 16:00:00,27.98300000000001,60.31216666666667,101.67466666666665,31.416666666666668,0.572283587219594,31.56350698383684,36.461531749269255,6,-0.8660254037844385,-0.5000000000000004,-0.9377521321470804,0.3473052528448203,1.2246467991473532e-16,-1.0,51.243999,-0.571478,36
2019-06-25 17:00:00,28.526333333333323,60.184499999999986,101.72433333333329,28.9,0.38281482050065657,26.860634783124752,26.856513087026716,6,-0.9659258262890683,-0.25881904510252063,-0.9377521321470804,0.3473052528448203,1.2246467991473532e-16,-1.0,51.243999,-0.571478,36
2019-06-25 18:00:00,28.585166666666662,59.85716666666663,101.77500000000003,21.4,0.488092475764404,26.849710953534615,25.651185155225868,6,-1.0,-1.8369701987210297e-16,-0.9377521321470804,0.3473052528448203,1.2246467991473532e-16,-1.0,51.243999,-0.571478,36
2019-06-25 19:00:00,27.85866666666666,59.9221666666666,101.83133333333332,23.933333333333334,0.42734921000961956,26.102965130449423,24.667336908981003,6,-0.9659258262890684,0.2588190451025203,-0.9377521321470804,0.3473052528448203,1.2246467991473532e-16,-1.0,51.243999,-0.571478,36
2019-06-25 20:00:00,26.755333333333336,60.052333333333344,101.88150000000002,30.883333333333333,0.4431389723097061,18.927179112849974,28.020330807861434,6,-0.8660254037844386,0.5000000000000001,-0.9377521321470804,0.3473052528448203,1.2246467991473532e-16,-1.0,51.243999,-0.571478,36
2019-06-25 21:00:00,25.54966666666666,60.193166666666684,101.94866666666658,30.166666666666668,0.3586058335639394,14.961194340175192,26.66040561454479,6,-0.7071067811865477,0.7071067811865474,-0.9377521321470804,0.3473052528448203,1.2246467991473532e-16,-1.0,51.243999,-0.571478,36
2019-06-25 22:00:00,24.64566666666667,60.31533333333334,101.99266666666671,34.8,0.33800754597845034,14.414739608161831,21.90624815467266,6,-0.5000000000000004,0.8660254037844384,-0.9377521321470804,0.3473052528448203,1.2246467991473532e-16,-1.0,51.243999,-0.571478,36
2019-06-25 23:00:00,24.06333333333334,60.408666666666676,102.04300000000006,32.63333333333333,0.29140828754156395,13.32289314876107,22.59346646961044,6,-0.25881904510252157,0.9659258262890681,-0.9377521321470804,0.3473052528448203,1.2246467991473532e-16,-1.0,51.243999,-0.571478,36
2019-06-26 00:00:00,23.547499999999996,60.3908333333333,102.08733333333336,34.18333333333333,0.26523967576791807,14.480582102213598,31.166986414736147,6,0.0,1.0,-0.8486442574947509,0.5289640103269624,1.2246467991473532e-16,-1.0,51.243999,-0.571478,36
2019-06-26 01:00:00,22.987666666666662,60.41950000000001,102.12916666666673,28.333333333333332,0.24257902187902175,15.054813047442815,26.349692511209877,6,0.25881904510252074,0.9659258262890683,-0.8486442574947509,0.5289640103269624,1.2246467991473532e-16,-1.0,51.243999,-0.571478,36
2019-06-26 02:00:00,22.40000000000001,60.47166666666671,102.13850000000009,25.5,0.2233639232235648,15.177601375497328,25.972440442221686,6,0.49999999999999994,0.8660254037844387,-0.8486442574947509,0.5289640103269624,1.2246467991473532e-16,-1.0,51.243999,-0.571478,36
2019-06-26 03:00:00,22.00366666666666,60.47416666666664,102.15499999999997,21.866666666666667,0.20873377818335148,15.591850299391034,25.644299656696425,6,0.7071067811865476,0.7071067811865476,-0.8486442574947509,0.5289640103269624,1.2246467991473532e-16,-1.0,51.243999,-0.571478,36
2019-06-26 04:00:00,21.548833333333317,60.393333333333324,102.18816666666659,20.533333333333335,0.20010894839256613,14.747269239138713,24.18740165306843,6,0.8660254037844386,0.5000000000000001,-0.8486442574947509,0.5289640103269624,1.2246467991473532e-16,-1.0,51.243999,-0.571478,36
2019-06-26 05:00:00,21.181333333333328,60.608999999999995,102.24600000000008,17.6,0.19115740970126635,15.15844655441416,24.020469000769094,6,0.9659258262890683,0.25881904510252074,-0.8486442574947509,0.5289640103269624,1.2246467991473532e-16,-1.0,51.243999,-0.571478,36
2019-06-26 06:00:00,21.06816666666666,60.686833333333325,102.32166666666666,17.683333333333334,0.20124757270678773,19.995885813520697,31.103721869568048,6,1.0,6.123233995736766e-17,-0.8486442574947509,0.5289640103269624,1.2246467991473532e-16,-1.0,51.243999,-0.571478,36
2019-06-26 07:00:00,21.037499999999984,60.71366666666664,102.37650000000006,19.183333333333334,0.23041844925129898,24.01925259644353,35.372958314753085,6,0.9659258262890683,-0.25881904510252063,-0.8486442574947509,0.5289640103269624,1.2246467991473532e-16,-1.0,51.243999,-0.571478,36
2019-06-26 08:00:00,21.089166666666664,60.79000000000001,102.36733333333335,16.883333333333333,0.23868784816020314,21.96775162932418,38.24577465902701,6,0.8660254037844387,-0.4999999999999998,-0.8486442574947509,0.5289640103269624,1.2246467991473532e-16,-1.0,51.243999,-0.571478,36
2019-06-26 09:00:00,21.523666666666664,60.781166666666685,102.41516666666669,15.283333333333333,0.22448401647625182,19.628080838994357,34.56209869321821,6,0.7071067811865476,-0.7071067811865475,-0.8486442574947509,0.5289640103269624,1.2246467991473532e-16,-1.0,51.243999,-0.571478,36
2019-06-26 10:00:00,22.164666666666665,60.82116666666668,102.47266666666661,16.55,0.22678231043085992,21.81193816670967,40.39076956939554,6,0.49999999999999994,-0.8660254037844387,-0.8486442574947509,0.5289640103269624,1.2246467991473532e-16,-1.0,51.243999,-0.571478,36
2019-06-26 11:00:00,23.345833333333342,60.65716666666664,102.49983333333326,17.633333333333333,0.23107460829918164,24.46801072271728,35.8925613114907,6,0.258819045102521,-0.9659258262890682,-0.8486442574947509,0.5289640103269624,1.2246467991473532e-16,-1.0,51.243999,-0.571478,36
2019-06-26 12:00:00,24.29966666666666,60.33833333333335,102.48700000000004,18.183333333333334,0.2507324619719672,24.404561239804032,36.134075505697595,6,1.2246467991473532e-16,-1.0,-0.8486442574947509,0.5289640103269624,1.2246467991473532e-16,-1.0,51.243999,-0.571478,36
2019-06-26 13:00:00,25.349333333333334,60.2493333333333,102.49633333333328,15.666666666666666,0.2364790783225936,24.339135990358027,32.016602832531156,6,-0.2588190451025208,-0.9659258262890683,-0.8486442574947509,0.5289640103269624,1.2246467991473532e-16,-1.0,51.243999,-0.571478,36
2019-06-26 14:00:00,26.9805,60.07749999999999,102.42333333333332,12.95,0.21711122645073153,26.989914956035445,26.03693990092938,6,-0.4999999999999997,-0.8660254037844388,-0.8486442574947509,0.5289640103269624,1.2246467991473532e-16,-1.0,51.243999,-0.571478,36
2019-06-26 15:00:00,29.61883333333334,59.50350000000001,102.40316666666664,10.75,0.23756101528149307,28.019149182729503,27.32097349877441,6,-0.7071067811865471,-0.7071067811865479,-0.8486442574947509,0.5289640103269624,1.2246467991473532e-16,-1.0,51.243999,-0.571478,36
2019-06-26 16:00:00,32.30033333333333,58.752500000000005,102.40083333333327,11.666666666666666,0.2667025703787649,37.65209834235142,34.157143827160944,6,-0.8660254037844385,-0.5000000000000004,-0.8486442574947509,0.5289640103269624,1.2246467991473532e-16,-1.0,51.243999,-0.571478,36
2019-06-26 17:00:00,34.108000000000004,58.24850000000001,102.40399999999994,10.716666666666667,0.282788847123574,47.36949877666208,12.997730257293187,6,-0.9659258262890683,-0.25881904510252063,-0.8486442574947509,0.5289640103269624,1.2246467991473532e-16,-1.0,51.243999,-0.571478,36
2019-06-26 18:00:00,33.067333333333316,58.054000000000016,102.4284999999999,9.2,0.2833027814381909,28.232285382038615,22.407759412910902,6,-1.0,-1.8369701987210297e-16,-0.8486442574947509,0.5289640103269624,1.2246467991473532e-16,-1.0,51.243999,-0.571478,36
2019-06-26 19:00:00,29.08983333333333,58.68366666666666,102.46099999999996,7.433333333333334,0.3038337426041352,12.57773570138328,29.819762210834973,6,-0.9659258262890684,0.2588190451025203,-0.8486442574947509,0.5289640103269624,1.2246467991473532e-16,-1.0,51.243999,-0.571478,36
2019-06-26 20:00:00,25.713166666666666,59.016666666666666,102.48566666666653,7.75,0.2741726193770561,10.221162555160271,29.665492191685626,6,-0.8660254037844386,0.5000000000000001,-0.8486442574947509,0.5289640103269624,1.2246467991473532e-16,-1.0,51.243999,-0.571478,36
2019-06-26 21:00:00,23.387166666666666,59.247166666666686,102.52733333333335,6.733333333333333,0.2529270483306319,8.703904093931953,29.110486396197167,6,-0.7071067811865477,0.7071067811865474,-0.8486442574947509,0.5289640103269624,1.2246467991473532e-16,-1.0,51.243999,-0.571478,36
2019-06-26 22:00:00,22.014833333333335,59.2648333333333,102.55383333333337,5.633333333333334,0.2073733049358476,10.700542017590694,26.603131923017603,6,-0.5000000000000004,0.8660254037844384,-0.8486442574947509,0.5289640103269624,1.2246467991473532e-16,-1.0,51.243999,-0.571478,36
2019-06-26 23:00:00,20.985833333333343,59.09100000000001,102.6046666666666,4.4,0.17136105031164756,10.73883009535819,26.31943625503691,6,-0.25881904510252157,0.9659258262890681,-0.8486442574947509,0.5289640103269624,1.2246467991473532e-16,-1.0,51.243999,-0.571478,36
2019-06-27 00:00:00,20.178666666666675,59.01616666666671,102.61566666666661,4.2,0.15411277008358917,14.823362206792675,23.381274200814037,6,0.0,1.0,-0.72479278722912,0.6889669190756865,1.2246467991473532e-16,-1.0,51.243999,-0.571478,36
2019-06-27 01:00:00,19.709666666666667,58.96799999999996,102.60733333333341,3.6666666666666665,0.1419882527090718,14.601855302354979,22.918182378452574,6,0.25881904510252074,0.9659258262890683,-0.72479278722912,0.6889669190756865,1.2246467991473532e-16,-1.0,51.243999,-0.571478,36
2019-06-27 02:00:00,19.259833333333326,58.86366666666664,102.59983333333341,3.6666666666666665,0.13007369389135592,15.801011624577278,20.981280626856385,6,0.49999999999999994,0.8660254037844387,-0.72479278722912,0.6889669190756865,1.2246467991473532e-16,-1.0,51.243999,-0.571478,36
2019-06-27 03:00:00,18.947833333333328,58.9135,102.5945000000001,4.75,0.12533535849354965,16.554472956568762,21.14514210835473,6,0.7071067811865476,0.7071067811865476,-0.72479278722912,0.6889669190756865,1.2246467991473532e-16,-1.0,51.243999,-0.571478,36
2019-06-27 04:00:00,18.92049999999999,58.77933333333333,102.58033333333329,6.283333333333333,0.12262819389355219,18.9223482696912,21.348319521805976,6,0.8660254037844386,0.5000000000000001,-0.72479278722912,0.6889669190756865,1.2246467991473532e-16,-1.0,51.243999,-0.571478,36
2019-06-27 05:00:00,18.80383333333333,58.79166666666668,102.59566666666663,6.95,0.1361067591726294,18.85437940185449,23.61050742932328,6,0.9659258262890683,0.25881904510252074,-0.72479278722912,0.6889669190756865,1.2246467991473532e-16,-1.0,51.243999,-0.571478,36
2019-06-27 06:00:00,18.787833333333342,58.75300000000002,102.59499999999997,6.7,0.13381670059869716,20.21931546643281,28.680323155045233,6,1.0,6.123233995736766e-17,-0.72479278722912,0.6889669190756865,1.2246467991473532e-16,-1.0,51.243999,-0.571478,36
2019-06-27 07:00:00,19.15716666666667,58.70849999999998,102.6088333333333,7.883333333333334,0.1698474222638045,24.413561850430558,34.30899979004752,6,0.9659258262890683,-0.25881904510252063,-0.72479278722912,0.6889669190756865,1.2246467991473532e-16,-1.0,51.243999,-0.571478,36
2019-06-27 08:00:00,19.904500000000006,58.79833333333335,102.63916666666667,6.983333333333333,0.16853466766376315,27.010210019718848,33.683251374936305,6,0.8660254037844387,-0.4999999999999998,-0.72479278722912,0.6889669190756865,1.2246467991473532e-16,-1.0,51.243999,-0.571478,36
2019-06-27 09:00:00,21.011666666666667,58.6631666666667,102.65983333333335,6.466666666666667,0.16400435274377254,27.210110292961716,32.29923229184658,6,0.7071067811865476,-0.7071067811865475,-0.72479278722912,0.6889669190756865,1.2246467991473532e-16,-1.0,51.243999,-0.571478,36
2019-06-27 10:00:00,22.30183333333333,58.56166666666668,102.66366666666664,6.033333333333333,0.15878377906185068,25.069094502025916,33.83019251236464,6,0.49999999999999994,-0.8660254037844387,-0.72479278722912,0.6889669190756865,1.2246467991473532e-16,-1.0,51.243999,-0.571478,36
2019-06-27 11:00:00,23.87083333333333,58.34216666666669,102.64516666666667,5.9,0.16261281785198164,30.548285708748367,29.25801541250447,6,0.258819045102521,-0.9659258262890682,-0.72479278722912,0.6889669190756865,1.2246467991473532e-16,-1.0,51.243999,-0.571478,36
2019-06-27 12:00:00,25.30466666666666,58.11883333333336,102.61616666666677,5.7,0.17293219798296586,31.05954480178133,23.135909613672204,6,1.2246467991473532e-16,-1.0,-0.72479278722912,0.6889669190756865,1.2246467991473532e-16,-1.0,51.243999,-0.571478,36
2019-06-27 13:00:00,26.62700000000001,57.79033333333333,102.57533333333336,5.466666666666667,0.1856972068118825,31.783344146015466,21.505517871718514,6,-0.2588190451025208,-0.9659258262890683,-0.72479278722912,0.6889669190756865,1.2246467991473532e-16,-1.0,51.243999,-0.571478,36
2019-06-27 14:00:00,28.730999999999995,57.29116666666668,102.55133333333335,4.35,0.16019254714246184,32.39721868962013,21.673619342277213,6,-0.4999999999999997,-0.8660254037844388,-0.72479278722912,0.6889669190756865,1.2246467991473532e-16,-1.0,51.243999,-0.571478,36
2019-06-27 15:00:00,31.409333333333333,56.586333333333336,102.49433333333322,4.35,0.19189790137529047,34.84990047169231,33.31100532803588,6,-0.7071067811865471,-0.7071067811865479,-0.72479278722912,0.6889669190756865,1.2246467991473532e-16,-1.0,51.243999,-0.571478,36
2019-06-27 16:00:00,33.46466666666668,55.577833333333324,102.47616666666669,4.45,0.21762972951010492,46.364508593018265,38.33323309533453,6,-0.8660254037844385,-0.5000000000000004,-0.72479278722912,0.6889669190756865,1.2246467991473532e-16,-1.0,51.243999,-0.571478,36
2019-06-27 17:00:00,34.3615,55.392666666666656,102.43199999999995,4.483333333333333,0.19699326235060022,37.50571078506503,14.817011959369616,6,-0.9659258262890683,-0.25881904510252063,-0.72479278722912,0.6889669190756865,1.2246467991473532e-16,-1.0,51.243999,-0.571478,36
2019-06-27 18:00:00,34.55766666666664,55.12266666666666,102.41116666666657,4.066666666666666,0.24759108037828167,23.784423090190042,32.34184832650554,6,-1.0,-1.8369701987210297e-16,-0.72479278722912,0.6889669190756865,1.2246467991473532e-16,-1.0,51.243999,-0.571478,36
2019-06-27 19:00:00,31.420666666666673,55.06233333333332,102.39833333333335,3.85,0.2667591820733458,15.36265666424174,36.52372763190463,6,-0.9659258262890684,0.2588190451025203,-0.72479278722912,0.6889669190756865,1.2246467991473532e-16,-1.0,51.243999,-0.571478,36
2019-06-27 20:00:00,26.89083333333334,55.602,102.40283333333332,6.416666666666667,0.25417948967983084,9.575741958332827,34.9997900654851,6,-0.8660254037844386,0.5000000000000001,-0.72479278722912,0.6889669190756865,1.2246467991473532e-16,-1.0,51.243999,-0.571478,36
2019-06-27 21:00:00,23.442500000000003,56.02883333333333,102.42116666666674,7.7,0.2329489227403902,9.144641369308728,32.25603155765035,6,-0.7071067811865477,0.7071067811865474,-0.72479278722912,0.6889669190756865,1.2246467991473532e-16,-1.0,51.243999,-0.571478,36
2019-06-27 22:00:00,21.33833333333333,56.21199999999999,102.40016666666664,8.166666666666666,0.19482738633318836,8.908448358288744,30.540749374470202,6,-0.5000000000000004,0.8660254037844384,-0.72479278722912,0.6889669190756865,1.2246467991473532e-16,-1.0,51.243999,-0.571478,36
2019-06-27 23:00:00,20.043000000000013,56.21966666666669,102.39766666666677,7.683333333333334,0.1723746190607965,10.720939610075657,27.267590535017103,6,-0.25881904510252157,0.9659258262890681,-0.72479278722912,0.6889669190756865,1.2246467991473532e-16,-1.0,51.243999,-0.571478,36
2019-06-28 00:00:00,19.31233333333332,56.26983333333333,102.39083333333339,7.683333333333334,0.14972718252138045,10.792666295415215,25.79701137512532,6,0.0,1.0,-0.5712682150947924,0.8207634412072763,1.2246467991473532e-16,-1.0,51.243999,-0.571478,36
2019-06-28 01:00:00,18.824166666666674,56.21566666666666,102.36533333333324,8.05,0.13898139009316476,12.791528203575457,24.54844847115241,6,0.25881904510252074,0.9659258262890683,-0.5712682150947924,0.8207634412072763,1.2246467991473532e-16,-1.0,51.243999,-0.571478,36
2019-06-28 02:00:00,18.551833333333338,56.1745,102.35050000000003,7.333333333333333,0.12950147752579486,13.54204603079033,25.138881406730082,6,0.49999999999999994,0.8660254037844387,-0.5712682150947924,0.8207634412072763,1.2246467991473532e-16,-1.0,51.243999,-0.571478,36
2019-06-28 03:00:00,18.36883333333334,56.16399999999998,102.31550000000006,7.433333333333334,0.12734901091974468,13.531284195723611,25.725271191944458,6,0.7071067811865476,0.7071067811865476,-0.5712682150947924,0.8207634412072763,1.2246467991473532e-16,-1.0,51.243999,-0.571478,36
2019-06-28 04:00:00,18.450500000000012,56.11866666666666,102.28250000000003,7.783333333333333,0.1349691184480433,15.87902935376744,23.229788915682658,6,0.8660254037844386,0.5000000000000001,-0.5712682150947924,0.8207634412072763,1.2246467991473532e-16,-1.0,51.243999,-0.571478,36
2019-06-28 05:00:00,18.573666666666675,56.14383333333335,102.28400000000002,9.966666666666667,0.14079703253960935,17.04801789082992,26.13269658556066,6,0.9659258262890683,0.25881904510252074,-0.5712682150947924,0.8207634412072763,1.2246467991473532e-16,-1.0,51.243999,-0.571478,36
2019-06-28 06:00:00,18.903833333333342,56.225000000000016,102.29133333333333,9.583333333333334,0.16522633191455713,20.49055446159586,29.83755380555839,6,1.0,6.123233995736766e-17,-0.5712682150947924,0.8207634412072763,1.2246467991473532e-16,-1.0,51.243999,-0.571478,36
2019-06-28 07:00:00,19.598333333333336,56.192,102.30800000000002,8.85,0.1565076711645824,24.973322703525827,31.286534214661962,6,0.9659258262890683,-0.25881904510252063,-0.5712682150947924,0.8207634412072763,1.2246467991473532e-16,-1.0,51.243999,-0.571478,36
2019-06-28 08:00:00,20.754833333333334,56.22666666666667,102.26966666666671,7.516666666666667,0.17975035985522334,24.095811262658348,30.729728087803455,6,0.8660254037844387,-0.4999999999999998,-0.5712682150947924,0.8207634412072763,1.2246467991473532e-16,-1.0,51.243999,-0.571478,36
2019-06-28 09:00:00,22.10916666666667,56.10733333333332,102.2431666666666,6.933333333333334,0.17884694150513264,27.132680834454906,30.91812133127005,6,0.7071067811865476,-0.7071067811865475,-0.5712682150947924,0.8207634412072763,1.2246467991473532e-16,-1.0,51.243999,-0.571478,36
2019-06-28 10:00:00,23.44333333333333,56.00533333333337,102.19983333333329,8.583333333333334,0.16972996187313594,28.804355406488376,31.109520932901646,6,0.49999999999999994,-0.8660254037844387,-0.5712682150947924,0.8207634412072763,1.2246467991473532e-16,-1.0,51.243999,-0.571478,36
2019-06-28 11:00:00,25.088500000000007,55.874166666666675,102.14833333333341,8.366666666666667,0.17967091025691698,30.747226869174185,30.030726981166037,6,0.258819045102521,-0.9659258262890682,-0.5712682150947924,0.8207634412072763,1.2246467991473532e-16,-1.0,51.243999,-0.571478,36
2019-06-28 12:00:00,26.51549999999999,55.851833333333346,102.11566666666671,8.1,0.19696728743614403,29.115264272931473,29.440484916480326,6,1.2246467991473532e-16,-1.0,-0.5712682150947924,0.8207634412072763,1.2246467991473532e-16,-1.0,51.243999,-0.571478,36
2019-06-28 13:00:00,28.13816666666667,55.80250000000001,102.0671666666667,8.35,0.17855680584289801,35.128949966352,26.221540079116057,6,-0.2588190451025208,-0.9659258262890683,-0.5712682150947924,0.8207634412072763,1.2246467991473532e-16,-1.0,51.243999,-0.571478,36
2019-06-28 14:00:00,30.750500000000002,55.39899999999999,102.02350000000006,7.0,0.1740525822385037,40.07685329495482,22.40707132258485,6,-0.4999999999999997,-0.8660254037844388,-0.5712682150947924,0.8207634412072763,1.2246467991473532e-16,-1.0,51.243999,-0.571478,36
2019-06-28 15:00:00,33.31966666666667,54.9765,101.99566666666662,6.816666666666666,0.18095851057054124,37.823791615014294,25.99688406619613,6,-0.7071067811865471,-0.7071067811865479,-0.5712682150947924,0.8207634412072763,1.2246467991473532e-16,-1.0,51.243999,-0.571478,36
2019-06-28 16:00:00,35.28516666666666,54.67183333333336,101.9659999999999,7.933333333333334,0.2175379472109848,45.72133888053784,30.086850908588524,6,-0.8660254037844385,-0.5000000000000004,-0.5712682150947924,0.8207634412072763,1.2246467991473532e-16,-1.0,51.243999,-0.571478,36
2019-06-28 17:00:00,37.267500000000005,54.34166666666668,101.91933333333327,9.016666666666667,0.2807618609467585,52.60574796537347,12.58161767321665,6,-0.9659258262890683,-0.25881904510252063,-0.5712682150947924,0.8207634412072763,1.2246467991473532e-16,-1.0,51.243999,-0.571478,36
2019-06-28 18:00:00,38.251666666666665,53.714166666666664,101.87583333333326,11.216666666666667,0.2705573338209003,36.78536807950976,18.871264606441077,6,-1.0,-1.8369701987210297e-16,-0.5712682150947924,0.8207634412072763,1.2246467991473532e-16,-1.0,51.243999,-0.571478,36
2019-06-28 19:00:00,35.76883333333334,54.023166666666675,101.85133333333334,7.933333333333334,0.2935935967293476,25.414180871175372,24.17140165043423,6,-0.9659258262890684,0.2588190451025203,-0.5712682150947924,0.8207634412072763,1.2246467991473532e-16,-1.0,51.243999,-0.571478,36
2019-06-28 20:00:00,31.3495,54.3855,101.82099999999997,7.95,0.3029223624160483,14.448477116255876,31.99424873304155,6,-0.8660254037844386,0.5000000000000001,-0.5712682150947924,0.8207634412072763,1.2246467991473532e-16,-1.0,51.243999,-0.571478,36
2019-06-28 21:00:00,27.771333333333327,54.72283333333334,101.81949999999992,9.666666666666666,0.2821644830471622,10.997890369816057,35.13370388048971,6,-0.7071067811865477,0.7071067811865474,-0.5712682150947924,0.8207634412072763,1.2246467991473532e-16,-1.0,51.243999,-0.571478,36
2019-06-28 22:00:00,25.199999999999996,54.642333333333355,101.84516666666667,12.733333333333333,0.2873254709853686,9.71280447315242,33.21827994383584,6,-0.5000000000000004,0.8660254037844384,-0.5712682150947924,0.8207634412072763,1.2246467991473532e-16,-1.0,51.243999,-0.571478,36
2019-06-28 23:00:00,23.31616666666667,54.57183333333333,101.8111666666667,13.816666666666666,0.2294584366667984,8.09430328648825,30.414223229238875,6,-0.25881904510252157,0.9659258262890681,-0.5712682150947924,0.8207634412072763,1.2246467991473532e-16,-1.0,51.243999,-0.571478,36
2019-06-29 00:00:00,21.9,54.49966666666667,101.78699999999999,16.816666666666666,0.19915967963331435,11.662301845118357,28.938323077785427,6,0.0,1.0,-0.3943558551133187,0.9189578116202306,1.2246467991473532e-16,-1.0,51.243999,-0.571478,36
2019-06-29 01:00:00,20.947666666666674,54.44433333333332,101.74799999999995,17.1,0.18131007693456497,14.116292067612015,25.089916353622808,6,0.25881904510252074,0.9659258262890683,-0.3943558551133187,0.9189578116202306,1.2246467991473532e-16,-1.0,51.243999,-0.571478,36
2019-06-29 02:00:00,20.17916666666667,54.38500000000001,101.69949999999989,15.7,0.17188035653888897,15.785714004145095,25.61898124360817,6,0.49999999999999994,0.8660254037844387,-0.3943558551133187,0.9189578116202306,1.2246467991473532e-16,-1.0,51.243999,-0.571478,36
2019-06-29 03:00:00,19.641833333333334,54.441833333333335,101.65583333333339,16.216666666666665,0.16290347149929055,18.174178988877426,28.098536921175693,6,0.7071067811865476,0.7071067811865476,-0.3943558551133187,0.9189578116202306,1.2246467991473532e-16,-1.0,51.243999,-0.571478,36
2019-06-29 04:00:00,19.315166666666663,54.27683333333335,101.62199999999989,16.133333333333333,0.16060725530503683,19.260118637943307,29.931104446609286,6,0.8660254037844386,0.5000000000000001,-0.3943558551133187,0.9189578116202306,1.2246467991473532e-16,-1.0,51.243999,-0.571478,36
2019-06-29 05:00:00,19.02383333333332,54.36566666666666,101.58150000000008,17.5,0.16597760815422927,19.85122873292378,31.406268105051513,6,0.9659258262890683,0.25881904510252074,-0.3943558551133187,0.9189578116202306,1.2246467991473532e-16,-1.0,51.243999,-0.571478,36
2019-06-29 06:00:00,19.360666666666667,54.48833333333335,101.50416666666655,17.666666666666668,0.1854112383104704,20.490359963620644,33.221122354879505,6,1.0,6.123233995736766e-17,-0.3943558551133187,0.9189578116202306,1.2246467991473532e-16,-1.0,51.243999,-0.571478,36
2019-06-29 07:00:00,20.353,54.654000000000025,101.47416666666663,17.866666666666667,0.21676277381721068,24.524726768800807,39.75404272809807,6,0.9659258262890683,-0.25881904510252063,-0.3943558551133187,0.9189578116202306,1.2246467991473532e-16,-1.0,51.243999,-0.571478,36
2019-06-29 08:00:00,22.143666666666668,54.902666666666654,101.4351666666667,17.933333333333334,0.25227556860858913,24.569002555254226,43.21783059437549,6,0.8660254037844387,-0.4999999999999998,-0.3943558551133187,0.9189578116202306,1.2246467991473532e-16,-1.0,51.243999,-0.571478,36
2019-06-29 09:00:00,24.612666666666662,55.02583333333337,101.37466666666666,15.783333333333333,0.3031137375308024,31.43993133757184,46.83270028300192,6,0.7071067811865476,-0.7071067811865475,-0.3943558551133187,0.9189578116202306,1.2246467991473532e-16,-1.0,51.243999,-0.571478,36
2019-06-29 10:00:00,27.45583333333333,55.064499999999995,101.34299999999998,13.4,0.2881371535967951,32.82167081783067,31.8409570834365,6,0.49999999999999994,-0.8660254037844387,-0.3943558551133187,0.9189578116202306,1.2246467991473532e-16,-1.0,51.243999,-0.571478,36
2019-06-29 11:00:00,30.324,54.82883333333333,101.28650000000006,11.116666666666667,0.2592731802987775,43.83741725660967,20.799632114626696,6,0.258819045102521,-0.9659258262890682,-0.3943558551133187,0.9189578116202306,1.2246467991473532e-16,-1.0,51.243999,-0.571478,36
2019-06-29 12:00:00,32.55,54.69783333333333,101.22583333333333,9.083333333333334,0.24007874284572234,47.38881526728767,15.522075178594054,6,1.2246467991473532e-16,-1.0,-0.3943558551133187,0.9189578116202306,1.2246467991473532e-16,-1.0,51.243999,-0.571478,36
2019-06-29 13:00:00,34.19783333333333,54.710000000000015,101.16766666666658,11.066666666666666,0.2263027144526291,41.14488243840914,15.894769082805643,6,-0.2588190451025208,-0.9659258262890683,-0.3943558551133187,0.9189578116202306,1.2246467991473532e-16,-1.0,51.243999,-0.571478,36
2019-06-29 14:00:00,36.43349999999999,54.556166666666655,101.10466666666665,15.95,0.2292302846117692,35.11355012024954,23.109077759962855,6,-0.4999999999999997,-0.8660254037844388,-0.3943558551133187,0.9189578116202306,1.2246467991473532e-16,-1.0,51.243999,-0.571478,36
2019-06-29 15:00:00,38.898666666666664,54.320333333333345,101.04316666666679,19.916666666666668,0.24104187498078272,36.267086776578026,31.465010811337944,6,-0.7071067811865471,-0.7071067811865479,-0.3943558551133187,0.9189578116202306,1.2246467991473532e-16,-1.0,51.243999,-0.571478,36
2019-06-29 16:00:00,41.06650000000002,54.10083333333334,100.9821666666666,13.25,0.2027501426463031,39.96215839090373,47.914414043117226,6,-0.8660254037844385,-0.5000000000000004,-0.3943558551133187,0.9189578116202306,1.2246467991473532e-16,-1.0,51.243999,-0.571478,36
2019-06-29 17:00:00,42.82816666666667,53.77966666666668,100.92366666666659,11.45,0.2632047161129925,53.31960243402122,12.612384518363317,6,-0.9659258262890683,-0.25881904510252063,-0.3943558551133187,0.9189578116202306,1.2246467991473532e-16,-1.0,51.243999,-0.571478,36
2019-06-29 18:00:00,43.56033333333333,53.18383333333331,100.88333333333337,10.366666666666667,0.3233117972555686,28.429441351917422,21.126333795671556,6,-1.0,-1.8369701987210297e-16,-0.3943558551133187,0.9189578116202306,1.2246467991473532e-16,-1.0,51.243999,-0.571478,36
2019-06-29 19:00:00,41.874166666666646,53.074833333333345,100.85550000000003,10.3,0.3756806178923926,19.208159521444102,24.102088880768743,6,-0.9659258262890684,0.2588190451025203,-0.3943558551133187,0.9189578116202306,1.2246467991473532e-16,-1.0,51.243999,-0.571478,36
2019-06-29 20:00:00,38.08899999999999,52.944833333333314,100.85616666666662,11.533333333333333,0.4339981420840635,9.629657590055798,30.200387027646283,6,-0.8660254037844386,0.5000000000000001,-0.3943558551133187,0.9189578116202306,1.2246467991473532e-16,-1.0,51.243999,-0.571478,36
2019-06-29 21:00:00,34.95216666666666,52.71300000000003,100.83483333333332,13.816666666666666,0.40003200998414296,8.20787448620204,29.317838235374023,6,-0.7071067811865477,0.7071067811865474,-0.3943558551133187,0.9189578116202306,1.2246467991473532e-16,-1.0,51.243999,-0.571478,36
2019-06-29 22:00:00,32.3235,52.35316666666669,100.87066666666666,16.733333333333334,0.37600040674511653,9.544681224159444,26.110439905964604,6,-0.5000000000000004,0.8660254037844384,-0.3943558551133187,0.9189578116202306,1.2246467991473532e-16,-1.0,51.243999,-0.571478,36
2019-06-29 23:00:00,29.813333333333325,52.443166666666656,100.9173333333334,19.883333333333333,0.3477796312280101,9.295539216189884,25.250898451727142,6,-0.25881904510252157,0.9659258262890681,-0.3943558551133187,0.9189578116202306,1.2246467991473532e-16,-1.0,51.243999,-0.571478,36
2019-06-30 00:00:00,27.527166666666663,52.43716666666665,100.94849999999998,20.75,0.2837254165184199,9.765185282347977,18.31132556260015,6,0.0,1.0,-0.20129852008866114,0.9795299412524943,1.2246467991473532e-16,-1.0,51.243999,-0.571478,36
2019-06-30 01:00:00,25.522666666666666,52.479833333333346,101.0070000000001,19.733333333333334,0.2687574171685093,10.194486461425099,22.521517447451956,6,0.25881904510252074,0.9659258262890683,-0.20129852008866114,0.9795299412524943,1.2246467991473532e-16,-1.0,51.243999,-0.571478,36
2019-06-30 02:00:00,23.878333333333334,52.39300000000001,101.0701666666667,16.6,0.2251857582106729,10.646031126299457,26.01519271267191,6,0.49999999999999994,0.8660254037844387,-0.20129852008866114,0.9795299412524943,1.2246467991473532e-16,-1.0,51.243999,-0.571478,36
2019-06-30 03:00:00,22.44733333333333,52.32766666666667,101.13233333333328,14.95,0.20122476972340447,11.073925365164587,30.061429361450198,6,0.7071067811865476,0.7071067811865476,-0.20129852008866114,0.9795299412524943,1.2246467991473532e-16,-1.0,51.243999,-0.571478,36
2019-06-30 04:00:00,21.194833333333335,52.122833333333325,101.19249999999991,14.033333333333333,0.18366818943516897,10.623038523614403,29.559905450772362,6,0.8660254037844386,0.5000000000000001,-0.20129852008866114,0.9795299412524943,1.2246467991473532e-16,-1.0,51.243999,-0.571478,36
2019-06-30 05:00:00,20.133000000000013,52.28700000000001,101.25616666666681,13.083333333333334,0.16715129249190683,11.829732614427176,29.158410765633466,6,0.9659258262890683,0.25881904510252074,-0.20129852008866114,0.9795299412524943,1.2246467991473532e-16,-1.0,51.243999,-0.571478,36
2019-06-30 06:00:00,19.926499999999997,52.33466666666664,101.29566666666665,12.85,0.16754999549769165,13.347654044996451,29.361749702432622,6,1.0,6.123233995736766e-17,-0.20129852008866114,0.9795299412524943,1.2246467991473532e-16,-1.0,51.243999,-0.571478,36
2019-06-30 07:00:00,20.83283333333333,52.296499999999966,101.35233333333333,12.183333333333334,0.1706172237449541,17.756328237184317,28.124359586569042,6,0.9659258262890683,-0.25881904510252063,-0.20129852008866114,0.9795299412524943,1.2246467991473532e-16,-1.0,51.243999,-0.571478,36
2019-06-30 08:00:00,22.231500000000004,51.85483333333333,101.45649999999996,11.916666666666666,0.17595740541858287,22.29605463332499,26.17556050636978,6,0.8660254037844387,-0.4999999999999998,-0.20129852008866114,0.9795299412524943,1.2246467991473532e-16,-1.0,51.243999,-0.571478,36
2019-06-30 09:00:00,23.36433333333333,51.55583333333332,101.55016666666667,7.1,0.17269995442785546,25.727426873650487,28.586142167934558,6,0.7071067811865476,-0.7071067811865475,-0.20129852008866114,0.9795299412524943,1.2246467991473532e-16,-1.0,51.243999,-0.571478,36
2019-06-30 10:00:00,24.295833333333327,51.33683333333333,101.47949999999999,3.7666666666666666,0.20409260863740378,28.29562988017899,27.321601875260274,6,0.49999999999999994,-0.8660254037844387,-0.20129852008866114,0.9795299412524943,1.2246467991473532e-16,-1.0,51.243999,-0.571478,36
2019-06-30 11:00:00,25.642666666666674,51.24450000000002,101.4591666666666,4.75,0.1961468281787395,29.952453115325287,29.71865671346818,6,0.258819045102521,-0.9659258262890682,-0.20129852008866114,0.9795299412524943,1.2246467991473532e-16,-1.0,51.243999,-0.571478,36
2019-06-30 12:00:00,26.444166666666664,51.075500000000005,101.51883333333343,3.816666666666667,0.21973873775042713,32.10377386341956,25.98275027946254,6,1.2246467991473532e-16,-1.0,-0.20129852008866114,0.9795299412524943,1.2246467991473532e-16,-1.0,51.243999,-0.571478,36
2019-06-30 13:00:00,27.518833333333337,51.022999999999996,101.51650000000014,3.7,0.19721317320489667,33.67483711028206,24.037259180466297,6,-0.2588190451025208,-0.9659258262890683,-0.20129852008866114,0.9795299412524943,1.2246467991473532e-16,-1.0,51.243999,-0.571478,36
2019-06-30 14:00:00,29.30933333333332,50.59816666666667,101.50533333333335,3.683333333333333,0.1916083942792134,35.183846455804016,23.1974795576094,6,-0.4999999999999997,-0.8660254037844388,-0.20129852008866114,0.9795299412524943,1.2246467991473532e-16,-1.0,51.243999,-0.571478,36
2019-06-30 15:00:00,31.604499999999994,50.33333333333335,101.49649999999997,3.6,0.20206132143845446,38.92351305854968,21.43381579920172,6,-0.7071067811865471,-0.7071067811865479,-0.20129852008866114,0.9795299412524943,1.2246467991473532e-16,-1.0,51.243999,-0.571478,36
2019-06-30 16:00:00,33.81866666666668,49.690333333333335,101.47066666666663,4.1,0.2035272832193481,49.72298003670169,22.40475166183371,6,-0.8660254037844385,-0.5000000000000004,-0.20129852008866114,0.9795299412524943,1.2246467991473532e-16,-1.0,51.243999,-0.571478,36
2019-06-30 17:00:00,33.84183333333333,49.857000000000006,101.4521666666666,5.633333333333334,0.21528013757297035,38.86339845419754,8.133656707529182,6,-0.9659258262890683,-0.25881904510252063,-0.20129852008866114,0.9795299412524943,1.2246467991473532e-16,-1.0,51.243999,-0.571478,36
2019-06-30 18:00:00,33.94783333333332,49.739333333333335,101.43533333333336,6.433333333333334,0.2274050157910227,24.375310366354704,17.212203536154924,6,-1.0,-1.8369701987210297e-16,-0.20129852008866114,0.9795299412524943,1.2246467991473532e-16,-1.0,51.243999,-0.571478,36
2019-06-30 19:00:00,31.104666666666667,50.25449999999999,101.44233333333327,6.533333333333333,0.2585574238670655,13.744276713544918,25.156371199560784,6,-0.9659258262890684,0.2588190451025203,-0.20129852008866114,0.9795299412524943,1.2246467991473532e-16,-1.0,51.243999,-0.571478,36
2019-06-30 20:00:00,28.41033333333333,50.475500000000025,101.45783333333334,4.366666666666666,0.22279546079477816,18.294988023810095,24.98763532968211,6,-0.8660254037844386,0.5000000000000001,-0.20129852008866114,0.9795299412524943,1.2246467991473532e-16,-1.0,51.243999,-0.571478,36
2019-06-30 21:00:00,25.829833333333337,50.62016666666668,101.49033333333334,3.283333333333333,0.21485097238877096,15.492859003599756,27.85345474765735,6,-0.7071067811865477,0.7071067811865474,-0.20129852008866114,0.9795299412524943,1.2246467991473532e-16,-1.0,51.243999,-0.571478,36
2019-06-30 22:00:00,24.11616666666667,50.60883333333334,101.55983333333332,3.683333333333333,0.19776747543496678,11.377068712053415,31.691860797276846,6,-0.5000000000000004,0.8660254037844384,-0.20129852008866114,0.9795299412524943,1.2246467991473532e-16,-1.0,51.243999,-0.571478,36
2019-06-30 23:00:00,22.837333333333333,50.46383333333334,101.58833333333338,2.533333333333333,0.18835524431061962,10.686996451646195,29.703680506168816,6,-0.25881904510252157,0.9659258262890681,-0.20129852008866114,0.9795299412524943,1.2246467991473532e-16,-1.0,51.243999,-0.571478,36
